keyword,nama,kategori,alamat,lat,lng,rating,jumlah_review,jam_operasional_raw,status_buka,telepon,website,price_level,harga_text,fasilitas,fasilitas_count,popular_times,jam_ramai,has_busy_hours,total_open_hours_week,is_24h,has_weekend,jam_lengkap,facility_score,place_id,url_google_maps,wilayah_search,opportunity_score
aula,Gedung Serbaguna Wanilan,Aula serbaguna,"Jl. Tenis Raya No.12, RT.12/RW.14, Kapuk, Kecamatan Cengkareng, Kota Jakarta Barat, Daerah Khusus Ibukota Jakarta 11720",-6.1435759,106.748482,4.2,415,"Senin: 09.00–22.00
Selasa: 09.00–22.00
Rabu: 09.00–22.00
Kamis: 09.00–22.00
Jumat: 09.00–22.00
Sabtu: 09.00–22.00
Minggu: 09.00–22.00",Buka · Tutup pukul 22.00,0896-3579-0042,,,,"Parkir, Kursi roda, Restoran, Bar, Tidak memiliki tempat parkir khusus pengguna kursi roda",5,,,False,91.0,False,True,True,2,11cs0c_3z7,"https://www.google.com/maps/place/Gedung+Serbaguna+Wanilan/@-6.1435759,106.748482,17z/data=!3m1!4b1!4m6!3m5!1s0x2e69f7dde71359d7:0xde17d4a65dfa3e30!8m2!3d-6.1435759!4d106.748482!16s%2Fg%2F11cs0c_3z7?entry=ttu&g_ep=EgoyMDI2MDgyNi4wIKXMDSoASAFQAw%3D%3D",Jakarta Barat,0.45738782051282045
aula,Gudang Serba Guna Mas Bro,Aula serbaguna,"Jl. Kp. Salo No.8, RT.6/RW.4, Kembangan Utara, Kec. Kembangan, Kota Jakarta Barat, Daerah Khusus Ibukota Jakarta 11610",-6.1627834,106.752836,1.0,1,"Senin: 08.00–23.00
Selasa: 08.00–23.00
Rabu: 08.00–23.00
Kamis: 08.00–23.00
Jumat: 08.00–23.00
Sabtu: 08.00–23.00
Minggu: 08.00–23.00",Buka · Tutup pukul 23.00,0877-7195-7908,,,,"Parkir, Restoran, Bar, Ada tempat parkir di lokasi",4,,,False,105.0,False,True,True,1,11zf9_ny2j,"https://www.google.com/maps/place/Gudang+Serba+Guna+Mas+Bro/@-6.1627834,106.752836,17z/data=!3m1!4b1!4m6!3m5!1s0x2e69f7e46060da79:0xe55778da4b50000f!8m2!3d-6.1627834!4d106.752836!16s%2Fg%2F11zf9_ny2j?entry=ttu&g_ep=EgoyMDI2MDgyNi4wIKXMDSoASAFQAw%3D%3D",Jakarta Barat,1.5999999999999999
aula,Kemala Ballroom,Gedung Pertemuan,"Jl. Arjuna Utara No.9, RT.1/RW.2, Duri Kepa, Kec. Kb. Jeruk, Kota Jakarta Barat, Daerah Khusus Ibukota Jakarta 11510",-6.1853077,106.7790606,4.6,257,"Senin: 10.00–17.00
Selasa: 10.00–17.00
Rabu: 10.00–17.00
Kamis: 10.00–17.00
Jumat: 10.00–17.00
Sabtu: 10.00–17.00
Minggu: 10.00–17.00",Tutup · Buka Sel pukul 10.00,0851-4728-7880,,,,"Parkir, Toilet, Kursi roda, Restoran, Bar, Memiliki pintu masuk khusus pengguna kursi roda, Memiliki tempat parkir khusus pengguna kursi roda, Ada toilet khusus pengguna kursi roda, Ada toilet",9,,,False,49.0,False,True,True,3,11cjj6pnsy,"https://www.google.com/maps/place/Kemala+Ballroom/@-6.1853077,106.7790606,17z/data=!3m1!4b1!4m6!3m5!1s0x2e69f6fbae909675:0x8dfe621fa81778c4!8m2!3d-6.1853077!4d106.7790606!16s%2Fg%2F11cjj6pnsy?entry=ttu&g_ep=EgoyMDI2MDgyNi4wIKXMDSoASAFQAw%3D%3D",Jakarta Barat,0.23782945736434122
aula,SWASANA GRAND SLIPI CONVENTION HALL,Gedung Pernikahan,"Jl. Letjen S. Parman, RT.1/RW.4, Palmerah, Kec. Palmerah, Kota Jakarta Barat, Daerah Khusus Ibukota Jakarta 11480",-6.2007999,106.7985726,4.6,1147,"Senin: Buka 24 jam
Selasa: Buka 24 jam
Rabu: Buka 24 jam
Kamis: Buka 24 jam
Jumat: Buka 24 jam
Sabtu: Buka 24 jam
Minggu: Buka 24 jam",Buka 24 jam,0811-8339-7121,/url?q=https://swasanawedding.com/grand-slipi-convention-hall/&opi=79508299&sa=U&ved=0ahUKEwiAmcT45cqWAxV4kuEIHb0EHqAQ61gIFygS&usg=AOvVaw3EbhupXqgoCNKnL4wmObgx,,,"Parkir, Toilet, Kursi roda, Restoran, Bar, Memiliki pintu masuk khusus pengguna kursi roda, Memiliki tempat parkir khusus pengguna kursi roda, Ada toilet khusus pengguna kursi roda, Ada toilet, Tempat parkir berbayar",10,"Jam ramai
Senin | 3% ramai pada pukul 04.00. | 5% ramai pada pukul 05.00. | 8% ramai pada pukul 06.00. | 11% ramai pada pukul 07.00. | 13% ramai pada pukul 08.00. | 16% ramai pada pukul 09.00. | 22% ramai pada pukul 10.00. | 29% ramai pada pukul 11.00. | 31% ramai pada pukul 12.00. | 27% ramai pada pukul 13.00. | 23% ramai pada pukul 14.00. | 21% ramai pada pukul 15.00. | 22% ramai pada pukul 16.00. | 22% ramai pada pukul 17.00. | 21% ramai pada pukul 18.00. | 20% ramai pada pukul 19.00. | 19% ramai pada pukul 20.00. | 18% ramai pada pukul 21.00. | 14% ramai pada pukul 22.00. | 10% ramai pada pukul 23.00. | populartimes.popup.show; focus:pane.focusTooltip; blur:pane.blurTooltip; keydown:pane.escapeTooltip""><span class=""google-symbols G47vBd OazX1c"" aria-hidden=""true"" style=""font-size: 18px;""></span></button><div class=""eho6bd"" role=""tooltip"" tabindex=""-1"" jsaction=""blur:pane.wfvdle10.populartimes.popup.hide; keydown:pane.wfvdle10.populartimes.popup.hide"" style=""display: none;""><div class=""G1Ydic""></div><div class=""wLiIdd fontBodySmall"" aria-label=""Berdasarkan kunjungan ke tempat ini.""><span>Berdasarkan kunjungan ke tempat ini.</span></div></div></div><div class=""epArK""></div><button class=""MYZx6c Hk4XGb"" jslog=""18021; track:click;metadata:WyIwYWhVS0V3aUFtY1Q0NWNxV0F4VjRrdUVJSGIwRUhxQVE4QmNJQWlnQSJd"" aria-label=""Kembali ke hari sebelumnya"" jsaction=""pane.wfvdle10.populartimes.arrow.left""><span class=""Ups","Jam ramai
Senin | 3% ramai pada pukul 04.00. | 5% ramai pada pukul 05.00. | 8% ramai pada pukul 06.00. | 11% ramai pada pukul 07.00. | 13% ramai pada pukul 08.00. | 16% ramai pada pukul 09.00. | 22% ramai pada pukul 10.00. | 29% ramai pada pukul 11.00. | 31% ramai pada pukul 12.00. | 27% ramai pada pukul 13.00. | 23% ramai pada pukul 14.00. | 21% ramai pada pukul 15.00. | 22% ramai pada pukul 16.00. | 22% ramai pada pukul 17.00. | 21% ramai pada pukul 18.00. | 20% ramai pada pukul 19.00. | 19% ramai pada pukul 20.00. | 18% ramai pada pukul 21.00. | 14% ramai pada pukul 22.00. | 10% ramai pada pukul 23.00. | populartimes.popup.show; focus:pane.focusTooltip; blur:pane.blurTooltip; keydown:pane.escapeTooltip""><span class=""google-symbols G47vBd OazX1c"" aria-hidden=""true"" style=""font-size: 18px;""></span></button><div class=""eho6bd"" role=""tooltip"" tabindex=""-1"" jsaction=""blur:pane.wfvdle10.populartimes.popup.hide; keydown:pane.wfvdle10.populartimes.popup.hide"" style=""display: none;""><div class=""G1Ydic""></div><div class=""wLiIdd fontBodySmall"" aria-label=""Berdasarkan kunjungan ke tempat ini.""><span>Berdasarkan kunjungan ke tempat ini.</span></div></div></div><div class=""epArK""></div><button class=""MYZx6c Hk4XGb"" jslog=""18021; track:click;metadata:WyIwYWhVS0V3aUFtY1Q0NWNxV0F4VjRrdUVJSGIwRUhxQVE4QmNJQWlnQSJd"" aria-label=""Kembali ke hari sebelumnya"" jsaction=""pane.wfvdle10.populartimes.arrow.left""><span class=""Ups",True,168.0,True,True,True,3,11dyl__ygj,"https://www.google.com/maps/place/SWASANA+GRAND+SLIPI+CONVENTION+HALL/@-6.2007999,106.7985726,17z/data=!3m1!4b1!4m6!3m5!1s0x2e69f6bef2eaaaab:0x480ecca810824c84!8m2!3d-6.2007999!4d106.7985726!16s%2Fg%2F11dyl__ygj?entry=ttu&g_ep=EgoyMDI2MDgyNi4wIKXMDSoASAFQAw%3D%3D",Jakarta Barat,0.520261324041812
aula,Aula Gedung Serbaguna Komplek Hankam Slipi,Aula serbaguna,"RQ2V+77G, Jl. Kiwal, RT.6/RW.2, Palmerah, Kec. Palmerah, Kota Jakarta Barat, Daerah Khusus Ibukota Jakarta 11480",-6.1993201,106.7931998,4.4,811,,buka,000000014901161,,,,"Parkir, Toilet, Restoran, Bar, Tidak menyediakan layanan pengiriman, Ada toilet",6,,,False,0.0,False,False,False,2,11b7f1lgv6,"https://www.google.com/maps/place/Aula+Gedung+Serbaguna+Komplek+Hankam+Slipi/@-6.1993201,106.7931998,17z/data=!3m1!4b1!4m6!3m5!1s0x2e69f6c06eff719b:0x70c6e64536b27b65!8m2!3d-6.1993201!4d106.7931998!16s%2Fg%2F11b7f1lgv6?entry=ttu&g_ep=EgoyMDI2MDgyNi4wIKXMDSoASAFQAw%3D%3D",Jakarta Barat,0.1803694581280787
aula,Gedung Pernikahan SMK AL HUDA,Gedung Pernikahan,"Jl. Outer Ring Road No.54, RT.6/RW.3, Cengkareng Bar., Kecamatan Cengkareng, Kota Jakarta Barat, Daerah Khusus Ibukota Jakarta 11730",-6.1496503,106.7270006,4.2,235,,,000000014901161,,,,"Parkir, Toilet, Restoran, Bar, Ada toilet",5,,,False,0.0,False,False,False,2,11csqzbb8z,"https://www.google.com/maps/place/Gedung+Pernikahan+SMK+AL+HUDA/@-6.1496503,106.7270006,17z/data=!3m1!4b1!4m6!3m5!1s0x2e69f7f7705d77a7:0x729f2bc90534c2ed!8m2!3d-6.1496503!4d106.7270006!16s%2Fg%2F11csqzbb8z?entry=ttu&g_ep=EgoyMDI2MDgyNi4wIKXMDSoASAFQAw%3D%3D",Jakarta Barat,0.2412711864406779
aula,Aula As-Saminiah,Gedung Pernikahan,"Gg. Pandan 1 No.11, RT.11/RW.5, Kembangan Sel., Kec. Kembangan, Kota Jakarta Barat, Daerah Khusus Ibukota Jakarta 11610",-6.1820722,106.7525595,4.7,3,,,000000014901161,,,,"Parkir, Toilet, Restoran, Bar, Ada toilet",5,,,False,0.0,False,False,False,2,11sqd4mqhc,"https://www.google.com/maps/place/Aula+As-Saminiah/@-6.1820722,106.7525595,17z/data=!3m1!4b1!4m6!3m5!1s0x2e69f745e089a3b3:0x4d101980755a269a!8m2!3d-6.1820722!4d106.7525595!16s%2Fg%2F11sqd4mqhc?entry=ttu&g_ep=EgoyMDI2MDgyNi4wIKXMDSoASAFQAw%3D%3D",Jakarta Barat,0.16499999999999992
aula,The Cue House,Tempat Biliar,"Jl. Daan Mogot Km. 1, No 111, RT.10/RW.2, Wijaya Kusuma, Kec. Grogol petamburan, Kota Jakarta Barat, Daerah Khusus Ibukota Jakarta 11460",-6.1634835,106.7766664,4.9,460,"Senin: 10.00–04.00
Selasa: 10.00–04.00
Rabu: 10.00–04.00
Kamis: 10.00–04.00
Jumat: 10.00–04.00
Sabtu: 10.00–04.00
Minggu: 10.00–04.00",Buka · Tutup pukul 04.00,0889-2222-222,,,,"Parkir, Toilet, Parkir gratis, Reservasi, Restoran, Bar, Tersedia layanan di tempat, Menyediakan layanan pesan tempat, Ada toilet, Menerima reservasi, Parkir valet, Tempat parkir berbayar, Tempat parkir gratis",13,"Jam ramai
Senin | 0% ramai pada pukul 06.00. | 0% ramai pada pukul 07.00. | 0% ramai pada pukul 08.00. | 0% ramai pada pukul 09.00. | 0% ramai pada pukul 10.00. | 10% ramai pada pukul 11.00. | 14% ramai pada pukul 12.00. | 16% ramai pada pukul 13.00. | 17% ramai pada pukul 14.00. | 22% ramai pada pukul 15.00. | 29% ramai pada pukul 16.00. | 38% ramai pada pukul 17.00. | 46% ramai pada pukul 18.00. | 46% ramai pada pukul 19.00. | 48% ramai pada pukul 20.00. | 49% ramai pada pukul 21.00. | 53% ramai pada pukul 22.00. | 48% ramai pada pukul 23.00. | 34% ramai pada pukul 00.00. | 22% ramai pada pukul 01.00. | populartimes.popup.show; focus:pane.focusTooltip; blur:pane.blurTooltip; keydown:pane.escapeTooltip""><span class=""google-symbols G47vBd OazX1c"" aria-hidden=""true"" style=""font-size: 18px;""></span></button><div class=""eho6bd"" role=""tooltip"" tabindex=""-1"" jsaction=""blur:pane.wfvdle10.populartimes.popup.hide; keydown:pane.wfvdle10.populartimes.popup.hide"" style=""display: none;""><div class=""G1Ydic""></div><div class=""wLiIdd fontBodySmall"" aria-label=""Berdasarkan kunjungan ke tempat ini.""><span>Berdasarkan kunjungan ke tempat ini.</span></div></div></div><div class=""epArK""></div><button class=""MYZx6c Hk4XGb"" jslog=""18021; track:click;metadata:WyIwYWhVS0V3aW8tcl9JNXNxV0F4VUVrZUVJSFlKOUNXa1E4QmNJQWlnQSJd"" aria-label=""Kembali ke hari sebelumnya"" jsaction=""pane.wfvdle10.populartimes.arrow.left""><span class=""Ups","Jam ramai
Senin | 0% ramai pada pukul 06.00. | 0% ramai pada pukul 07.00. | 0% ramai pada pukul 08.00. | 0% ramai pada pukul 09.00. | 0% ramai pada pukul 10.00. | 10% ramai pada pukul 11.00. | 14% ramai pada pukul 12.00. | 16% ramai pada pukul 13.00. | 17% ramai pada pukul 14.00. | 22% ramai pada pukul 15.00. | 29% ramai pada pukul 16.00. | 38% ramai pada pukul 17.00. | 46% ramai pada pukul 18.00. | 46% ramai pada pukul 19.00. | 48% ramai pada pukul 20.00. | 49% ramai pada pukul 21.00. | 53% ramai pada pukul 22.00. | 48% ramai pada pukul 23.00. | 34% ramai pada pukul 00.00. | 22% ramai pada pukul 01.00. | populartimes.popup.show; focus:pane.focusTooltip; blur:pane.blurTooltip; keydown:pane.escapeTooltip""><span class=""google-symbols G47vBd OazX1c"" aria-hidden=""true"" style=""font-size: 18px;""></span></button><div class=""eho6bd"" role=""tooltip"" tabindex=""-1"" jsaction=""blur:pane.wfvdle10.populartimes.popup.hide; keydown:pane.wfvdle10.populartimes.popup.hide"" style=""display: none;""><div class=""G1Ydic""></div><div class=""wLiIdd fontBodySmall"" aria-label=""Berdasarkan kunjungan ke tempat ini.""><span>Berdasarkan kunjungan ke tempat ini.</span></div></div></div><div class=""epArK""></div><button class=""MYZx6c Hk4XGb"" jslog=""18021; track:click;metadata:WyIwYWhVS0V3aW8tcl9JNXNxV0F4VUVrZUVJSFlKOUNXa1E4QmNJQWlnQSJd"" aria-label=""Kembali ke hari sebelumnya"" jsaction=""pane.wfvdle10.populartimes.arrow.left""><span class=""Ups",True,126.0,False,True,True,2,11ymphhtzj,"https://www.google.com/maps/place/The+Cue+House/@-6.1634835,106.7766664,17z/data=!3m1!4b1!4m6!3m5!1s0x2e69f75f2abdd939:0xe923c97ab2b0085c!8m2!3d-6.1634835!4d106.7766664!16s%2Fg%2F11ymphhtzj?entry=ttu&g_ep=EgoyMDI2MDgyNi4wIKXMDSoASAFQAw%3D%3D",Jakarta Barat,0.3306507592190889
halaman,Residence Casa Jardin,Perumahan,"Jl. Daan Mogot No.11, RT.1/RW.4, Kedaung Kali Angke, Kecamatan Cengkareng, Kota Jakarta Barat, Daerah Khusus Ibukota Jakarta 11710",-6.1554385,106.7512724,4.4,1741,"Senin: 09.00–18.30
Selasa: 09.00–18.30
Rabu: 09.00–18.30
Kamis: 09.00–18.30
Jumat: 09.00–18.30
Sabtu: 09.00–18.30
Minggu: 09.00–18.30",Tutup · Buka Sel pukul 09.00,0812-1216-2348,/url?q=http://casajardin-residence.com/&opi=79508299&sa=U&ved=0ahUKEwjxv7_c5sqWAxVSjOEIHfWPB-cQ61gIFygS&usg=AOvVaw1pfDOpmhE62pkAXWBY3Goy,,,"Parkir, AC, Restoran, Bar, Kolam",5,,,False,66.5,False,True,True,2,124yf5fvc,https://www.google.com/maps/place/Residence+Casa+Jardin/data=!4m7!3m6!1s0x2e69f7c118d9cf7f:0xfac206204b9840f4!8m2!3d-6.1554385!4d106.7512724!16s%2Fg%2F124yf5fvc!19sChIJf8_ZGMH3aS4R9ECYSyAGwvo,Jakarta Barat,0.33850554917719083
halaman,apartement royal mediterania garden residence podomoro city,Gedung Apartemen,"Letjen S. Parman No.Kav.28, RT.15/RW.5, Tj. Duren Sel., Kec. Grogol petamburan, Kota Jakarta Barat, Daerah Khusus Ibukota Jakarta 11470",-6.1764391,106.7891217,4.1,225,,buka,021) 29206288,,,,"Parkir, Kursi roda, Restoran, Bar, Kolam, Gym, Memiliki pintu masuk khusus pengguna kursi roda, Memiliki tempat parkir khusus pengguna kursi roda",8,,,False,0.0,False,False,False,2,1yh5tbccd,"https://www.google.com/maps/place/apartement+royal+mediterania+garden+residence+podomoro+city/@-6.1764391,106.7891217,17z/data=!3m1!4b1!4m6!3m5!1s0x2e69f65f2441833b:0xcb9754290990043d!8m2!3d-6.1764391!4d106.7891217!16s%2Fg%2F1yh5tbccd?entry=ttu&g_ep=EgoyMDI2MDgyNi4wIKXMDSoASAFQAw%3D%3D",Jakarta Barat,0.2713274336283187
halaman,Club House Casa Jardin Residence,Tempat Fitness,"RQW3+86R, Unnamed Road, RT.1/RW.4, Kedaung Kali Angke, Kecamatan Cengkareng, Kota Jakarta Barat, Daerah Khusus Ibukota Jakarta 11710",-6.1541318,106.7530167,4.7,47,,buka,021) 54372225,/url?q=https://www.casajardin-residence.com/en/facilities&opi=79508299&sa=U&ved=0ahUKEwiu7oCE58qWAxWHm-EIHUB-ATgQ61gIFigR&usg=AOvVaw2OmnM_Cy0A6SHHcPw6xPPz,,,"Parkir, Toilet, Restoran, Bar, Kolam, Ada toilet",6,,,False,0.0,False,False,False,2,11mtn1pm64,"https://www.google.com/maps/place/Club+House+Casa+Jardin+Residence/@-6.1541318,106.7530167,17z/data=!3m1!4b1!4m6!3m5!1s0x2e69f7094e9b6755:0x43492f96a23f0511!8m2!3d-6.1541318!4d106.7530167!16s%2Fg%2F11mtn1pm64?entry=ttu&g_ep=EgoyMDI2MDgyNi4wIKXMDSoASAFQAw%3D%3D",Jakarta Barat,0.09624999999999995
halaman,Tangkas Sports Centre,Kompleks Olahraga,"Komplek Greenville, Jl. Tj. Duren Barat, RT.11/RW.9, Duri Kepa, Kebonjeruk, West Jakarta City, Jakarta 11510",-6.1684245,106.7770855,4.9,3624,"Senin: 06.00–00.00
Selasa: 06.00–00.00
Rabu: 06.00–00.00
Kamis: 06.00–00.00
Jumat: 06.00–00.00
Sabtu: 06.00–00.00
Minggu: 06.00–00.00",Buka · Tutup pukul 00.00,0811-1575-587,/url?q=http://www.tangkassc.com/&opi=79508299&sa=U&ved=0ahUKEwidmOSX58qWAxVKleEIHe8bGOIQ61gIFygS&usg=AOvVaw08-fmW_fVD3dtYimlLNlXS,,,"Parkir, Kursi roda, Parkir gratis, Restoran, Bar, Memiliki pintu masuk khusus pengguna kursi roda, Memiliki tempat parkir khusus pengguna kursi roda, Parkir di jalan gratis, Ada tempat parkir di lokasi, Tempat parkir gratis",10,"Jam ramai
Senin | 0% ramai pada pukul 05.00. | 19% ramai pada pukul 06.00. | 29% ramai pada pukul 07.00. | 39% ramai pada pukul 08.00. | 44% ramai pada pukul 09.00. | 45% ramai pada pukul 10.00. | 41% ramai pada pukul 11.00. | 35% ramai pada pukul 12.00. | 33% ramai pada pukul 13.00. | 39% ramai pada pukul 14.00. | 52% ramai pada pukul 15.00. | 67% ramai pada pukul 16.00. | 76% ramai pada pukul 17.00. | 72% ramai pada pukul 18.00. | 60% ramai pada pukul 19.00. | 45% ramai pada pukul 20.00. | 33% ramai pada pukul 21.00. | 24% ramai pada pukul 22.00. | 18% ramai pada pukul 23.00. | populartimes.popup.show; focus:pane.focusTooltip; blur:pane.blurTooltip; keydown:pane.escapeTooltip""><span class=""google-symbols G47vBd OazX1c"" aria-hidden=""true"" style=""font-size: 18px;""></span></button><div class=""eho6bd"" role=""tooltip"" tabindex=""-1"" jsaction=""blur:pane.wfvdle10.populartimes.popup.hide; keydown:pane.wfvdle10.populartimes.popup.hide"" style=""display: none;""><div class=""G1Ydic""></div><div class=""wLiIdd fontBodySmall"" aria-label=""Berdasarkan kunjungan ke tempat ini.""><span>Berdasarkan kunjungan ke tempat ini.</span></div></div></div><div class=""epArK""></div><button class=""MYZx6c Hk4XGb"" jslog=""18021; track:click;metadata:WyIwYWhVS0V3aWRtT1NYNThxV0F4VktsZUVJSGU4YkdPSVE4QmNJQWlnQSJd"" aria-label=""Kembali ke hari sebelumnya"" jsaction=""pane.wfvdle10.populartimes.arrow.left""><span class=""Ups","Jam ramai
Senin | 0% ramai pada pukul 05.00. | 19% ramai pada pukul 06.00. | 29% ramai pada pukul 07.00. | 39% ramai pada pukul 08.00. | 44% ramai pada pukul 09.00. | 45% ramai pada pukul 10.00. | 41% ramai pada pukul 11.00. | 35% ramai pada pukul 12.00. | 33% ramai pada pukul 13.00. | 39% ramai pada pukul 14.00. | 52% ramai pada pukul 15.00. | 67% ramai pada pukul 16.00. | 76% ramai pada pukul 17.00. | 72% ramai pada pukul 18.00. | 60% ramai pada pukul 19.00. | 45% ramai pada pukul 20.00. | 33% ramai pada pukul 21.00. | 24% ramai pada pukul 22.00. | 18% ramai pada pukul 23.00. | populartimes.popup.show; focus:pane.focusTooltip; blur:pane.blurTooltip; keydown:pane.escapeTooltip""><span class=""google-symbols G47vBd OazX1c"" aria-hidden=""true"" style=""font-size: 18px;""></span></button><div class=""eho6bd"" role=""tooltip"" tabindex=""-1"" jsaction=""blur:pane.wfvdle10.populartimes.popup.hide; keydown:pane.wfvdle10.populartimes.popup.hide"" style=""display: none;""><div class=""G1Ydic""></div><div class=""wLiIdd fontBodySmall"" aria-label=""Berdasarkan kunjungan ke tempat ini.""><span>Berdasarkan kunjungan ke tempat ini.</span></div></div></div><div class=""epArK""></div><button class=""MYZx6c Hk4XGb"" jslog=""18021; track:click;metadata:WyIwYWhVS0V3aWRtT1NYNThxV0F4VktsZUVJSGU4YkdPSVE4QmNJQWlnQSJd"" aria-label=""Kembali ke hari sebelumnya"" jsaction=""pane.wfvdle10.populartimes.arrow.left""><span class=""Ups",True,126.0,False,True,True,2,1tkhffl3,"https://www.google.com/maps/place/Tangkas+Sports+Centre/@-6.1684245,106.7770855,17z/data=!3m1!4b1!4m6!3m5!1s0x2e69f6511172ce95:0x7c9350267dc6055a!8m2!3d-6.1684245!4d106.7770855!16s%2Fg%2F1tkhffl3?entry=ttu&g_ep=EgoyMDI2MDgyNi4wIKXMDSoASAFQAw%3D%3D",Jakarta Barat,0.33008275862068964
halaman,Komplek Kedoya Garden,Komplek perumahan,"Jl. Kedoya Garden No.11, RT.8/RW.5, Kedoya Sel., Kec. Kb. Jeruk, Kota Jakarta Barat, Daerah Khusus Ibukota Jakarta 11520",-6.1794086,106.7507906,4.4,223,"Senin: Buka 24 jam
Selasa: Buka 24 jam
Rabu: Buka 24 jam
Kamis: Buka 24 jam
Jumat: Buka 24 jam
Sabtu: Buka 24 jam
Minggu: Buka 24 jam",Buka 24 jam,000000014901161,,,,"Parkir, AC, Restoran, Bar",4,,,False,168.0,True,True,True,2,1hm5d8pwc,"https://www.google.com/maps/place/Komplek+Kedoya+Garden/@-6.1794086,106.7507906,17z/data=!3m1!4b1!4m6!3m5!1s0x2e69f70a5f6e850f:0x35abdc74cdda27b8!8m2!3d-6.1794086!4d106.7507906!16s%2Fg%2F1hm5d8pwc?entry=ttu&g_ep=EgoyMDI2MDgyNi4wIKXMDSoASAFQAw%3D%3D",Jakarta Barat,0.5813392857142856
halaman,Camden House Residence,Perumahan,"Jl. Siantan No.3 4, RT.4/RW.8, Srengseng, Kec. Kembangan, Kota Jakarta Barat, Daerah Khusus Ibukota Jakarta 11630",-6.1988179,106.7522752,4.4,137,,,021) 5865667,,,,"Parkir, WiFi, Restoran, Bar",4,,,False,0.0,False,False,False,1,1hm4911y8,"https://www.google.com/maps/place/Camden+House+Residence/@-6.1988179,106.7522752,17z/data=!3m1!4b1!4m6!3m5!1s0x2e69f715f7737787:0xc8c1cb1d7ad410d0!8m2!3d-6.1988179!4d106.7522752!16s%2Fg%2F1hm4911y8?entry=ttu&g_ep=EgoyMDI2MDgyNi4wIKXMDSoASAFQAw%3D%3D",Jakarta Barat,0.18217391304347813
halaman,Green Mansion,Komplek perumahan,"Jl. Daan Mogot No.KM 10, RT.9/RW.3, Kedaung Kali Angke, Kecamatan Cengkareng, Kota Jakarta Barat, Daerah Khusus Ibukota Jakarta 11710",-6.1581871,106.7638632,4.0,636,"Senin: Buka 24 jam
Selasa: Buka 24 jam
Rabu: Buka 24 jam
Kamis: Buka 24 jam
Jumat: Buka 24 jam
Sabtu: Buka 24 jam
Minggu: Buka 24 jam",Buka 24 jam,021) 54381077,/url?q=http://www.greenmansion.org/&opi=79508299&sa=U&ved=0ahUKEwjxw4jT58qWAxVJlOEIHQaUJgAQ61gIFygS&usg=AOvVaw0QMCF6dMISc_L6n6Inil7M,,,"Parkir, AC, Restoran, Bar",4,,,False,168.0,True,True,True,2,11nxswjnr8,https://www.google.com/maps/place/Green+Mansion/data=!4m7!3m6!1s0x2e69f7946a8728c3:0x6def34e3e27ba3e6!8m2!3d-6.1581871!4d106.7638632!16s%2Fg%2F11nxswjnr8!19sChIJwyiHapT3aS4R5qN74uM0720,Jakarta Barat,0.7004709576138147
halaman,Rumah Pohon Jakarta,Kedai Kopi,"Jl. Wibisana 2 No.1, RT.5, Rw. Buaya, Kecamatan Cengkareng, Kota Jakarta Barat, Daerah Khusus Ibukota Jakarta 11740",-6.1693408,106.7371782,4.6,426,"Senin: Tutup
Selasa: 16.00–23.00
Rabu: 16.00–23.00
Kamis: 16.00–23.00
Jumat: 16.00–23.00
Sabtu: 13.00–23.00
Minggu: 13.00–23.00",Tutup,0852-8100-6534,,·Rp 25–50 rb,Rp 25–50,"Parkir, Toilet, Wi-Fi, Kursi roda, Reservasi, Restoran, Bar, Ada toilet khusus pengguna kursi roda, Menyediakan layanan pesan tempat, Ada toilet, Menerima reservasi, Banyak tempat parkir, Tempat parkir berbayar",13,"Jam ramai
Senin | 0% ramai pada pukul 06.00. | 0% ramai pada pukul 07.00. | 0% ramai pada pukul 08.00. | 0% ramai pada pukul 09.00. | 0% ramai pada pukul 10.00. | 0% ramai pada pukul 11.00. | 0% ramai pada pukul 12.00. | 10% ramai pada pukul 13.00. | 15% ramai pada pukul 14.00. | 23% ramai pada pukul 15.00. | 34% ramai pada pukul 16.00. | 46% ramai pada pukul 17.00. | 53% ramai pada pukul 18.00. | 60% ramai pada pukul 19.00. | 62% ramai pada pukul 20.00. | 59% ramai pada pukul 21.00. | 45% ramai pada pukul 22.00. | 0% ramai pada pukul 23.00. | populartimes.popup.show; focus:pane.focusTooltip; blur:pane.blurTooltip; keydown:pane.escapeTooltip""><span class=""google-symbols G47vBd OazX1c"" aria-hidden=""true"" style=""font-size: 18px;""></span></button><div class=""eho6bd"" role=""tooltip"" tabindex=""-1"" jsaction=""blur:pane.wfvdle10.populartimes.popup.hide; keydown:pane.wfvdle10.populartimes.popup.hide"" style=""display: none;""><div class=""G1Ydic""></div><div class=""wLiIdd fontBodySmall"" aria-label=""Berdasarkan kunjungan ke tempat ini.""><span>Berdasarkan kunjungan ke tempat ini.</span></div></div></div><div class=""epArK""></div><button class=""MYZx6c Hk4XGb"" jslog=""18021; track:click;metadata:WyIwYWhVS0V3ancxYXptNThxV0F4V29qT0VJSFRYQUpiWVE4QmNJQWlnQSJd"" aria-label=""Kembali ke hari sebelumnya"" jsaction=""pane.wfvdle10.populartimes.arrow.left""><span class=""Ups","Jam ramai
Senin | 0% ramai pada pukul 06.00. | 0% ramai pada pukul 07.00. | 0% ramai pada pukul 08.00. | 0% ramai pada pukul 09.00. | 0% ramai pada pukul 10.00. | 0% ramai pada pukul 11.00. | 0% ramai pada pukul 12.00. | 10% ramai pada pukul 13.00. | 15% ramai pada pukul 14.00. | 23% ramai pada pukul 15.00. | 34% ramai pada pukul 16.00. | 46% ramai pada pukul 17.00. | 53% ramai pada pukul 18.00. | 60% ramai pada pukul 19.00. | 62% ramai pada pukul 20.00. | 59% ramai pada pukul 21.00. | 45% ramai pada pukul 22.00. | 0% ramai pada pukul 23.00. | populartimes.popup.show; focus:pane.focusTooltip; blur:pane.blurTooltip; keydown:pane.escapeTooltip""><span class=""google-symbols G47vBd OazX1c"" aria-hidden=""true"" style=""font-size: 18px;""></span></button><div class=""eho6bd"" role=""tooltip"" tabindex=""-1"" jsaction=""blur:pane.wfvdle10.populartimes.popup.hide; keydown:pane.wfvdle10.populartimes.popup.hide"" style=""display: none;""><div class=""G1Ydic""></div><div class=""wLiIdd fontBodySmall"" aria-label=""Berdasarkan kunjungan ke tempat ini.""><span>Berdasarkan kunjungan ke tempat ini.</span></div></div></div><div class=""epArK""></div><button class=""MYZx6c Hk4XGb"" jslog=""18021; track:click;metadata:WyIwYWhVS0V3ancxYXptNThxV0F4V29qT0VJSFRYQUpiWVE4QmNJQWlnQSJd"" aria-label=""Kembali ke hari sebelumnya"" jsaction=""pane.wfvdle10.populartimes.arrow.left""><span class=""Ups",True,48.0,False,True,True,4,11p796_9vz,"https://www.google.com/maps/place/Rumah+Pohon+Jakarta/@-6.1693408,106.7371782,17z/data=!3m1!4b1!4m6!3m5!1s0x2e69f7247dc2f0ef:0xe85ee77b694a2205!8m2!3d-6.1693408!4d106.7371782!16s%2Fg%2F11p796_9vz?entry=ttu&g_ep=EgoyMDI2MDgyNi4wIKXMDSoASAFQAw%3D%3D",Jakarta Barat,0.23498829039812655
taman,Taman Wijaya Kusuma,Taman,"Jl. Wijaya Kusuma No.7, RT.7/RW.12, Duri Kosambi, Kecamatan Cengkareng, Kota Jakarta Barat, Daerah Khusus Ibukota Jakarta 11750",-6.1780323,106.7044249,4.5,1082,Senin: AKTIFSedikit sibuk,buka,000000014901161,,· $,,"Parkir, Toilet, Restoran, Bar, Ada toilet umum",5,"Jam ramai
Senin | 16% ramai pada pukul 04.00. | 24% ramai pada pukul 05.00. | 38% ramai pada pukul 06.00. | 57% ramai pada pukul 07.00. | 67% ramai pada pukul 08.00. | 71% ramai pada pukul 09.00. | 68% ramai pada pukul 10.00. | 63% ramai pada pukul 11.00. | 58% ramai pada pukul 12.00. | 56% ramai pada pukul 13.00. | 62% ramai pada pukul 14.00. | 80% ramai pada pukul 15.00. | 98% ramai pada pukul 16.00. | 100% ramai pada pukul 17.00. | 76% ramai pada pukul 18.00. | 64% ramai pada pukul 19.00. | 59% ramai pada pukul 20.00. | 62% ramai pada pukul 21.00. | 60% ramai pada pukul 22.00. | 51% ramai pada pukul 23.00. | populartimes.popup.show; focus:pane.focusTooltip; blur:pane.blurTooltip; keydown:pane.escapeTooltip""><span class=""google-symbols G47vBd OazX1c"" aria-hidden=""true"" style=""font-size: 18px;""></span></button><div class=""eho6bd"" role=""tooltip"" tabindex=""-1"" jsaction=""blur:pane.wfvdle10.populartimes.popup.hide; keydown:pane.wfvdle10.populartimes.popup.hide"" style=""display: none;""><div class=""G1Ydic""></div><div class=""wLiIdd fontBodySmall"" aria-label=""Berdasarkan kunjungan ke tempat ini.""><span>Berdasarkan kunjungan ke tempat ini.</span></div></div></div><div class=""epArK""></div><button class=""MYZx6c Hk4XGb"" jslog=""18021; track:click;metadata:WyIwYWhVS0V3akRwNkg2NThxV0F4VlRqT0VJSGZFWUxqa1E4QmNJQWlnQSJd"" aria-label=""Kembali ke hari sebelumnya"" jsaction=""pane.wfvdle10.populartimes.arrow.left""><span class=""Ups","Jam ramai
Senin | 16% ramai pada pukul 04.00. | 24% ramai pada pukul 05.00. | 38% ramai pada pukul 06.00. | 57% ramai pada pukul 07.00. | 67% ramai pada pukul 08.00. | 71% ramai pada pukul 09.00. | 68% ramai pada pukul 10.00. | 63% ramai pada pukul 11.00. | 58% ramai pada pukul 12.00. | 56% ramai pada pukul 13.00. | 62% ramai pada pukul 14.00. | 80% ramai pada pukul 15.00. | 98% ramai pada pukul 16.00. | 100% ramai pada pukul 17.00. | 76% ramai pada pukul 18.00. | 64% ramai pada pukul 19.00. | 59% ramai pada pukul 20.00. | 62% ramai pada pukul 21.00. | 60% ramai pada pukul 22.00. | 51% ramai pada pukul 23.00. | populartimes.popup.show; focus:pane.focusTooltip; blur:pane.blurTooltip; keydown:pane.escapeTooltip""><span class=""google-symbols G47vBd OazX1c"" aria-hidden=""true"" style=""font-size: 18px;""></span></button><div class=""eho6bd"" role=""tooltip"" tabindex=""-1"" jsaction=""blur:pane.wfvdle10.populartimes.popup.hide; keydown:pane.wfvdle10.populartimes.popup.hide"" style=""display: none;""><div class=""G1Ydic""></div><div class=""wLiIdd fontBodySmall"" aria-label=""Berdasarkan kunjungan ke tempat ini.""><span>Berdasarkan kunjungan ke tempat ini.</span></div></div></div><div class=""epArK""></div><button class=""MYZx6c Hk4XGb"" jslog=""18021; track:click;metadata:WyIwYWhVS0V3akRwNkg2NThxV0F4VlRqT0VJSGZFWUxqa1E4QmNJQWlnQSJd"" aria-label=""Kembali ke hari sebelumnya"" jsaction=""pane.wfvdle10.populartimes.arrow.left""><span class=""Ups",True,0.0,False,False,False,2,11c0xq8nq8,"https://www.google.com/maps/place/Taman+Wijaya+Kusuma/@-6.1780323,106.7044249,17z/data=!3m1!4b1!4m6!3m5!1s0x2e69f8345d670fa9:0xe52c9f9c447f36ae!8m2!3d-6.1780323!4d106.7044249!16s%2Fg%2F11c0xq8nq8?entry=ttu&g_ep=EgoyMDI2MDgyNi4wIKXMDSoASAFQAw%3D%3D",Jakarta Barat,0.1502770083102493
taman,Taman Green Garden,Taman,"Jl. Perumahan Green Garden No.1 Blok m, RT.2/RW.10, Kedoya Utara, Kec. Kb. Jeruk, Kota Jakarta Barat, Daerah Khusus Ibukota Jakarta 11520",-6.1706607,106.752129,4.6,105,"Senin: 07.30–17.00
Selasa: 07.30–17.00
Rabu: 07.30–17.00
Kamis: 07.30–17.00
Jumat: 07.30–17.00
Sabtu: 07.30–17.00
Minggu: 07.30–17.00",Tutup · Buka Sel pukul 07.30,000000014901161,/url?q=https://sibokpranoto.wordpress.com/2017/06/19/keindahan-taman-lingkar-green-garden-kedoya-cocok-buat-santai-sore-hari/&opi=79508299&sa=U&ved=0ahUKEwjqi6CO6MqWAxVUlOEIHcgbLYMQ61gIEygO&usg=AOvVaw3IHgz2yQxNUdvUbG8R1l0q,,,"Parkir, Toilet, AC, Restoran, Bar, toilet, disebutkan dalam 3 ulasan",6,"Jam ramai
Senin | 0% ramai pada pukul 06.00. | 60% ramai pada pukul 07.00. | 85% ramai pada pukul 08.00. | 89% ramai pada pukul 09.00. | 81% ramai pada pukul 10.00. | 67% ramai pada pukul 11.00. | 61% ramai pada pukul 12.00. | 59% ramai pada pukul 13.00. | 66% ramai pada pukul 14.00. | 79% ramai pada pukul 15.00. | 100% ramai pada pukul 16.00. | 0% ramai pada pukul 17.00. | 0% ramai pada pukul 18.00. | 0% ramai pada pukul 19.00. | 0% ramai pada pukul 20.00. | 0% ramai pada pukul 21.00. | 0% ramai pada pukul 22.00. | 0% ramai pada pukul 23.00. | 46% ramai pada pukul 07.00. | populartimes.popup.show; focus:pane.focusTooltip; blur:pane.blurTooltip; keydown:pane.escapeTooltip""><span class=""google-symbols G47vBd OazX1c"" aria-hidden=""true"" style=""font-size: 18px;""></span></button><div class=""eho6bd"" role=""tooltip"" tabindex=""-1"" jsaction=""blur:pane.wfvdle10.populartimes.popup.hide; keydown:pane.wfvdle10.populartimes.popup.hide"" style=""display: none;""><div class=""G1Ydic""></div><div class=""wLiIdd fontBodySmall"" aria-label=""Berdasarkan kunjungan ke tempat ini.""><span>Berdasarkan kunjungan ke tempat ini.</span></div></div></div><div class=""epArK""></div><button class=""MYZx6c Hk4XGb"" jslog=""18021; track:click;metadata:WyIwYWhVS0V3anFpNkNPNk1xV0F4VlVsT0VJSGNnYkxZTVE4QmNJQWlnQSJd"" aria-label=""Kembali ke hari sebelumnya"" jsaction=""pane.wfvdle10.populartimes.arrow.left""><span class=""Ups","Jam ramai
Senin | 0% ramai pada pukul 06.00. | 60% ramai pada pukul 07.00. | 85% ramai pada pukul 08.00. | 89% ramai pada pukul 09.00. | 81% ramai pada pukul 10.00. | 67% ramai pada pukul 11.00. | 61% ramai pada pukul 12.00. | 59% ramai pada pukul 13.00. | 66% ramai pada pukul 14.00. | 79% ramai pada pukul 15.00. | 100% ramai pada pukul 16.00. | 0% ramai pada pukul 17.00. | 0% ramai pada pukul 18.00. | 0% ramai pada pukul 19.00. | 0% ramai pada pukul 20.00. | 0% ramai pada pukul 21.00. | 0% ramai pada pukul 22.00. | 0% ramai pada pukul 23.00. | 46% ramai pada pukul 07.00. | populartimes.popup.show; focus:pane.focusTooltip; blur:pane.blurTooltip; keydown:pane.escapeTooltip""><span class=""google-symbols G47vBd OazX1c"" aria-hidden=""true"" style=""font-size: 18px;""></span></button><div class=""eho6bd"" role=""tooltip"" tabindex=""-1"" jsaction=""blur:pane.wfvdle10.populartimes.popup.hide; keydown:pane.wfvdle10.populartimes.popup.hide"" style=""display: none;""><div class=""G1Ydic""></div><div class=""wLiIdd fontBodySmall"" aria-label=""Berdasarkan kunjungan ke tempat ini.""><span>Berdasarkan kunjungan ke tempat ini.</span></div></div></div><div class=""epArK""></div><button class=""MYZx6c Hk4XGb"" jslog=""18021; track:click;metadata:WyIwYWhVS0V3anFpNkNPNk1xV0F4VlVsT0VJSGNnYkxZTVE4QmNJQWlnQSJd"" aria-label=""Kembali ke hari sebelumnya"" jsaction=""pane.wfvdle10.populartimes.arrow.left""><span class=""Ups",True,66.5,False,True,True,3,11hzw4cvnj,"https://www.google.com/maps/place/Taman+Green+Garden/@-6.1706607,106.752129,17z/data=!3m1!4b1!4m6!3m5!1s0x2e69f7969099a955:0x7ef7fb2152e03b87!8m2!3d-6.1706607!4d106.752129!16s%2Fg%2F11hzw4cvnj?entry=ttu&g_ep=EgoyMDI2MDgyNi4wIKXMDSoASAFQAw%3D%3D",Jakarta Barat,0.2811635220125787
taman,Taman Sebrang Kantor Camat Kb. Jeruk,Taman Kota,"5, Jl. Regensi Kebon Jeruk Blok E. 5 No.18, RT.3/RW.1, Meruya Sel., Kec. Kembangan, Kota Jakarta Barat, Daerah Khusus Ibukota Jakarta 11610",-6.1984132,106.764697,4.2,24,Senin: 06,,000000014901161,,,,"Parkir, Restoran, Bar",3,"Jam ramai
Senin | 24% ramai pada pukul 04.00. | 24% ramai pada pukul 05.00. | 19% ramai pada pukul 06.00. | 17% ramai pada pukul 07.00. | 17% ramai pada pukul 08.00. | 9% ramai pada pukul 09.00. | 12% ramai pada pukul 10.00. | 4% ramai pada pukul 11.00. | 4% ramai pada pukul 12.00. | 9% ramai pada pukul 13.00. | 17% ramai pada pukul 14.00. | 29% ramai pada pukul 15.00. | 26% ramai pada pukul 16.00. | 24% ramai pada pukul 17.00. | 21% ramai pada pukul 18.00. | 24% ramai pada pukul 19.00. | 34% ramai pada pukul 20.00. | 48% ramai pada pukul 21.00. | 53% ramai pada pukul 22.00. | 46% ramai pada pukul 23.00. | populartimes.popup.show; focus:pane.focusTooltip; blur:pane.blurTooltip; keydown:pane.escapeTooltip""><span class=""google-symbols G47vBd OazX1c"" aria-hidden=""true"" style=""font-size: 18px;""></span></button><div class=""eho6bd"" role=""tooltip"" tabindex=""-1"" jsaction=""blur:pane.wfvdle10.populartimes.popup.hide; keydown:pane.wfvdle10.populartimes.popup.hide"" style=""display: none;""><div class=""G1Ydic""></div><div class=""wLiIdd fontBodySmall"" aria-label=""Berdasarkan kunjungan ke tempat ini.""><span>Berdasarkan kunjungan ke tempat ini.</span></div></div></div><div class=""epArK""></div><button class=""MYZx6c Hk4XGb"" jslog=""18021; track:click;metadata:WyIwYWhVS0V3and4WnVpNk1xV0F4V3ZqLUVJSGN2eUp6OFE4QmNJQWlnQSJd"" aria-label=""Kembali ke hari sebelumnya"" jsaction=""pane.wfvdle10.populartimes.arrow.left""><span class=""Ups","Jam ramai
Senin | 24% ramai pada pukul 04.00. | 24% ramai pada pukul 05.00. | 19% ramai pada pukul 06.00. | 17% ramai pada pukul 07.00. | 17% ramai pada pukul 08.00. | 9% ramai pada pukul 09.00. | 12% ramai pada pukul 10.00. | 4% ramai pada pukul 11.00. | 4% ramai pada pukul 12.00. | 9% ramai pada pukul 13.00. | 17% ramai pada pukul 14.00. | 29% ramai pada pukul 15.00. | 26% ramai pada pukul 16.00. | 24% ramai pada pukul 17.00. | 21% ramai pada pukul 18.00. | 24% ramai pada pukul 19.00. | 34% ramai pada pukul 20.00. | 48% ramai pada pukul 21.00. | 53% ramai pada pukul 22.00. | 46% ramai pada pukul 23.00. | populartimes.popup.show; focus:pane.focusTooltip; blur:pane.blurTooltip; keydown:pane.escapeTooltip""><span class=""google-symbols G47vBd OazX1c"" aria-hidden=""true"" style=""font-size: 18px;""></span></button><div class=""eho6bd"" role=""tooltip"" tabindex=""-1"" jsaction=""blur:pane.wfvdle10.populartimes.popup.hide; keydown:pane.wfvdle10.populartimes.popup.hide"" style=""display: none;""><div class=""G1Ydic""></div><div class=""wLiIdd fontBodySmall"" aria-label=""Berdasarkan kunjungan ke tempat ini.""><span>Berdasarkan kunjungan ke tempat ini.</span></div></div></div><div class=""epArK""></div><button class=""MYZx6c Hk4XGb"" jslog=""18021; track:click;metadata:WyIwYWhVS0V3and4WnVpNk1xV0F4V3ZqLUVJSGN2eUp6OFE4QmNJQWlnQSJd"" aria-label=""Kembali ke hari sebelumnya"" jsaction=""pane.wfvdle10.populartimes.arrow.left""><span class=""Ups",True,0.0,False,False,False,1,11fz9wxgqb,"https://www.google.com/maps/place/Taman+Sebrang+Kantor+Camat+Kb.+Jeruk/@-6.1984132,106.764697,17z/data=!3m1!4b1!4m6!3m5!1s0x2e69f718acba6699:0xbfddd9242f989af6!8m2!3d-6.1984132!4d106.764697!16s%2Fg%2F11fz9wxgqb?entry=ttu&g_ep=EgoyMDI2MDgyNi4wIKXMDSoASAFQAw%3D%3D",Jakarta Barat,0.25199999999999995
taman,Taman Walikota Jakarta Barat,Taman,"RP7Q+X94, RT.2/RW.2, Kembangan Sel., Kec. Kembangan, Kota Jakarta Barat, Daerah Khusus Ibukota Jakarta 11610",-6.1851128,106.7384451,4.6,54,"Senin: AKTIFLebih ramai dari biasanya
Sabtu: dan masih sepiii 😊 kita naik motor cuman parkiran motor jauh dibelakang hehe...g",,000000014901161,,,,"Parkir, Toilet, Restoran, Bar, Ada toilet umum",5,"Jam ramai
Senin | 14% ramai pada pukul 04.00. | 20% ramai pada pukul 05.00. | 21% ramai pada pukul 06.00. | 26% ramai pada pukul 07.00. | 25% ramai pada pukul 08.00. | 26% ramai pada pukul 09.00. | 21% ramai pada pukul 10.00. | 23% ramai pada pukul 11.00. | 23% ramai pada pukul 12.00. | 28% ramai pada pukul 13.00. | 39% ramai pada pukul 14.00. | 60% ramai pada pukul 15.00. | 82% ramai pada pukul 16.00. | 87% ramai pada pukul 17.00. | 70% ramai pada pukul 18.00. | 60% ramai pada pukul 19.00. | 56% ramai pada pukul 20.00. | 67% ramai pada pukul 21.00. | 71% ramai pada pukul 22.00. | 60% ramai pada pukul 23.00. | populartimes.popup.show; focus:pane.focusTooltip; blur:pane.blurTooltip; keydown:pane.escapeTooltip""><span class=""google-symbols G47vBd OazX1c"" aria-hidden=""true"" style=""font-size: 18px;""></span></button><div class=""eho6bd"" role=""tooltip"" tabindex=""-1"" jsaction=""blur:pane.wfvdle10.populartimes.popup.hide; keydown:pane.wfvdle10.populartimes.popup.hide"" style=""display: none;""><div class=""G1Ydic""></div><div class=""wLiIdd fontBodySmall"" aria-label=""Berdasarkan kunjungan ke tempat ini.""><span>Berdasarkan kunjungan ke tempat ini.</span></div></div></div><div class=""epArK""></div><button class=""MYZx6c Hk4XGb"" jslog=""18021; track:click;metadata:WyIwYWhVS0V3aTN6cC0yNk1xV0F4VXBqZUVJSFZzbkQwUVE4QmNJQWlnQSJd"" aria-label=""Kembali ke hari sebelumnya"" jsaction=""pane.wfvdle10.populartimes.arrow.left""><span class=""Ups","Jam ramai
Senin | 14% ramai pada pukul 04.00. | 20% ramai pada pukul 05.00. | 21% ramai pada pukul 06.00. | 26% ramai pada pukul 07.00. | 25% ramai pada pukul 08.00. | 26% ramai pada pukul 09.00. | 21% ramai pada pukul 10.00. | 23% ramai pada pukul 11.00. | 23% ramai pada pukul 12.00. | 28% ramai pada pukul 13.00. | 39% ramai pada pukul 14.00. | 60% ramai pada pukul 15.00. | 82% ramai pada pukul 16.00. | 87% ramai pada pukul 17.00. | 70% ramai pada pukul 18.00. | 60% ramai pada pukul 19.00. | 56% ramai pada pukul 20.00. | 67% ramai pada pukul 21.00. | 71% ramai pada pukul 22.00. | 60% ramai pada pukul 23.00. | populartimes.popup.show; focus:pane.focusTooltip; blur:pane.blurTooltip; keydown:pane.escapeTooltip""><span class=""google-symbols G47vBd OazX1c"" aria-hidden=""true"" style=""font-size: 18px;""></span></button><div class=""eho6bd"" role=""tooltip"" tabindex=""-1"" jsaction=""blur:pane.wfvdle10.populartimes.popup.hide; keydown:pane.wfvdle10.populartimes.popup.hide"" style=""display: none;""><div class=""G1Ydic""></div><div class=""wLiIdd fontBodySmall"" aria-label=""Berdasarkan kunjungan ke tempat ini.""><span>Berdasarkan kunjungan ke tempat ini.</span></div></div></div><div class=""epArK""></div><button class=""MYZx6c Hk4XGb"" jslog=""18021; track:click;metadata:WyIwYWhVS0V3aTN6cC0yNk1xV0F4VXBqZUVJSFZzbkQwUVE4QmNJQWlnQSJd"" aria-label=""Kembali ke hari sebelumnya"" jsaction=""pane.wfvdle10.populartimes.arrow.left""><span class=""Ups",True,0.0,False,False,False,2,11lgddykr_,"https://www.google.com/maps/place/Taman+Walikota+Jakarta+Barat/@-6.1851128,106.7384451,17z/data=!3m1!4b1!4m6!3m5!1s0x2e69f7dba80b0e61:0xc43acda175b406f5!8m2!3d-6.1851128!4d106.7384451!16s%2Fg%2F11lgddykr_?entry=ttu&g_ep=EgoyMDI2MDgyNi4wIKXMDSoASAFQAw%3D%3D",Jakarta Barat,0.12545454545454557
taman,Taman Pulir,Taman,"1, RT.1/RW.8, Duri Kosambi, Kecamatan Cengkareng, Kota Jakarta Barat, Daerah Khusus Ibukota Jakarta 11750",-6.1832039,106.717958,4.4,192,"Senin: 08.00–18.00
Selasa: 08.00–18.00
Rabu: 08.00–18.00
Kamis: 08.00–18.00
Jumat: 08.00–18.00
Sabtu: 08.00–18.00
Minggu: 08.00–18.00",Tutup · Buka Sel pukul 08.00,000000014901161,,,,"Parkir, Toilet, AC, Parkir gratis, Restoran, Bar",6,,,False,70.0,False,True,True,3,11q4bgd1_b,"https://www.google.com/maps/place/Taman+Pulir/@-6.1832039,106.717958,17z/data=!3m1!4b1!4m6!3m5!1s0x2e69f965b1ac4505:0x7a4e7a9add0a980d!8m2!3d-6.1832039!4d106.717958!16s%2Fg%2F11q4bgd1_b?entry=ttu&g_ep=EgoyMDI2MDgyNi4wIKXMDSoASAFQAw%3D%3D",Jakarta Barat,0.3482210708117443
taman,Taman Kosambi,Taman,"RPJ7+HJ9, Jl. Kemuning Hijau I, RT.1/RW.10, Duri Kosambi, Kecamatan Cengkareng, Kota Jakarta Barat, Daerah Khusus Ibukota Jakarta 11750",-6.1685932,106.7141019,4.6,2333,"Senin: 07.00–17.00
Selasa: 07.00–17.00
Rabu: 07.00–17.00
Kamis: 07.00–17.00
Jumat: 07.00–17.00
Sabtu: 07.00–17.00
Minggu: 07.00–17.00",Tutup · Buka Sel pukul 07.00,000000014901161,,,,"Parkir, Toilet, Restoran, Bar, Ada toilet umum",5,,,False,70.0,False,True,True,2,11ggvvklkp,"https://www.google.com/maps/place/Taman+Kosambi/@-6.1685932,106.7141019,17z/data=!3m1!4b1!4m6!3m5!1s0x2e69f82573f94b6f:0xcafbb22d3081cc0f!8m2!3d-6.1685932!4d106.7141019!16s%2Fg%2F11ggvvklkp?entry=ttu&g_ep=EgoyMDI2MDgyNi4wIKXMDSoASAFQAw%3D%3D",Jakarta Barat,0.286795201371037
taman,Taman Kebon Jeruk (Rumah Pohon),Taman,"11, RT.11/RW.10, Kb. Jeruk, Kec. Kb. Jeruk, Kota Jakarta Barat, Daerah Khusus Ibukota Jakarta 11530",-6.1909805,106.7687367,4.5,16,Senin: 06,,000000014901161,,,,"Parkir, Restoran, Bar",3,"Jam ramai
Senin | 22% ramai pada pukul 04.00. | 33% ramai pada pukul 05.00. | 38% ramai pada pukul 06.00. | 55% ramai pada pukul 07.00. | 50% ramai pada pukul 08.00. | 50% ramai pada pukul 09.00. | 33% ramai pada pukul 10.00. | 33% ramai pada pukul 11.00. | 33% ramai pada pukul 12.00. | 44% ramai pada pukul 13.00. | 33% ramai pada pukul 14.00. | 38% ramai pada pukul 15.00. | 22% ramai pada pukul 16.00. | 38% ramai pada pukul 17.00. | 55% ramai pada pukul 18.00. | 61% ramai pada pukul 19.00. | 55% ramai pada pukul 20.00. | 33% ramai pada pukul 21.00. | 33% ramai pada pukul 22.00. | 33% ramai pada pukul 23.00. | populartimes.popup.show; focus:pane.focusTooltip; blur:pane.blurTooltip; keydown:pane.escapeTooltip""><span class=""google-symbols G47vBd OazX1c"" aria-hidden=""true"" style=""font-size: 18px;""></span></button><div class=""eho6bd"" role=""tooltip"" tabindex=""-1"" jsaction=""blur:pane.wfvdle10.populartimes.popup.hide; keydown:pane.wfvdle10.populartimes.popup.hide"" style=""display: none;""><div class=""G1Ydic""></div><div class=""wLiIdd fontBodySmall"" aria-label=""Berdasarkan kunjungan ke tempat ini.""><span>Berdasarkan kunjungan ke tempat ini.</span></div></div></div><div class=""epArK""></div><button class=""MYZx6c Hk4XGb"" jslog=""18021; track:click;metadata:WyIwYWhVS0V3aXpuZVhFNmNxV0F4WFJtLUVJSGFPalBVRVE4QmNJQWlnQSJd"" aria-label=""Kembali ke hari sebelumnya"" jsaction=""pane.wfvdle10.populartimes.arrow.left""><span class=""Ups","Jam ramai
Senin | 22% ramai pada pukul 04.00. | 33% ramai pada pukul 05.00. | 38% ramai pada pukul 06.00. | 55% ramai pada pukul 07.00. | 50% ramai pada pukul 08.00. | 50% ramai pada pukul 09.00. | 33% ramai pada pukul 10.00. | 33% ramai pada pukul 11.00. | 33% ramai pada pukul 12.00. | 44% ramai pada pukul 13.00. | 33% ramai pada pukul 14.00. | 38% ramai pada pukul 15.00. | 22% ramai pada pukul 16.00. | 38% ramai pada pukul 17.00. | 55% ramai pada pukul 18.00. | 61% ramai pada pukul 19.00. | 55% ramai pada pukul 20.00. | 33% ramai pada pukul 21.00. | 33% ramai pada pukul 22.00. | 33% ramai pada pukul 23.00. | populartimes.popup.show; focus:pane.focusTooltip; blur:pane.blurTooltip; keydown:pane.escapeTooltip""><span class=""google-symbols G47vBd OazX1c"" aria-hidden=""true"" style=""font-size: 18px;""></span></button><div class=""eho6bd"" role=""tooltip"" tabindex=""-1"" jsaction=""blur:pane.wfvdle10.populartimes.popup.hide; keydown:pane.wfvdle10.populartimes.popup.hide"" style=""display: none;""><div class=""G1Ydic""></div><div class=""wLiIdd fontBodySmall"" aria-label=""Berdasarkan kunjungan ke tempat ini.""><span>Berdasarkan kunjungan ke tempat ini.</span></div></div></div><div class=""epArK""></div><button class=""MYZx6c Hk4XGb"" jslog=""18021; track:click;metadata:WyIwYWhVS0V3aXpuZVhFNmNxV0F4WFJtLUVJSGFPalBVRVE4QmNJQWlnQSJd"" aria-label=""Kembali ke hari sebelumnya"" jsaction=""pane.wfvdle10.populartimes.arrow.left""><span class=""Ups",True,0.0,False,False,False,1,11h9bgrcxs,"https://www.google.com/maps/place/Taman+Kebon+Jeruk+(Rumah+Pohon)/@-6.1909805,106.7687367,17z/data=!3m1!4b1!4m6!3m5!1s0x2e69f73e30091727:0xff6f913d3b3c4286!8m2!3d-6.1909805!4d106.7687367!16s%2Fg%2F11h9bgrcxs?entry=ttu&g_ep=EgoyMDI2MDgyNi4wIKXMDSoASAFQAw%3D%3D",Jakarta Barat,0.1676470588235294
taman,Taman Komodo,Taman,"Jl. Anggrek Rosliana II No.2, RT.2/RW.5, Kemanggisan, Kec. Palmerah, Kota Jakarta Barat, Daerah Khusus Ibukota Jakarta 11480",-6.1942252,106.7940925,4.5,532,"Senin: Buka 24 jam
Selasa: Buka 24 jam
Rabu: Buka 24 jam
Kamis: Buka 24 jam
Jumat: Buka 24 jam
Sabtu: Buka 24 jam
Minggu: Buka 24 jam",Buka 24 jam,000000014901161,,,,"Parkir, Toilet, Kursi roda, Restoran, Bar, Tidak memiliki tempat parkir khusus pengguna kursi roda, Ada toilet umum",7,"Jam ramai
Senin | 15% ramai pada pukul 04.00. | 19% ramai pada pukul 05.00. | 30% ramai pada pukul 06.00. | 45% ramai pada pukul 07.00. | 60% ramai pada pukul 08.00. | 70% ramai pada pukul 09.00. | 83% ramai pada pukul 10.00. | 82% ramai pada pukul 11.00. | 82% ramai pada pukul 12.00. | 77% ramai pada pukul 13.00. | 84% ramai pada pukul 14.00. | 90% ramai pada pukul 15.00. | 100% ramai pada pukul 16.00. | 96% ramai pada pukul 17.00. | 86% ramai pada pukul 18.00. | 87% ramai pada pukul 19.00. | 84% ramai pada pukul 20.00. | 80% ramai pada pukul 21.00. | 68% ramai pada pukul 22.00. | 58% ramai pada pukul 23.00. | populartimes.popup.show; focus:pane.focusTooltip; blur:pane.blurTooltip; keydown:pane.escapeTooltip""><span class=""google-symbols G47vBd OazX1c"" aria-hidden=""true"" style=""font-size: 18px;""></span></button><div class=""eho6bd"" role=""tooltip"" tabindex=""-1"" jsaction=""blur:pane.wfvdle10.populartimes.popup.hide; keydown:pane.wfvdle10.populartimes.popup.hide"" style=""display: none;""><div class=""G1Ydic""></div><div class=""wLiIdd fontBodySmall"" aria-label=""Berdasarkan kunjungan ke tempat ini.""><span>Berdasarkan kunjungan ke tempat ini.</span></div></div></div><div class=""epArK""></div><button class=""MYZx6c Hk4XGb"" jslog=""18021; track:click;metadata:WyIwYWhVS0V3ajV0OW5ZNmNxV0F4VklsT0VJSFEtUEZXQVE4QmNJQWlnQSJd"" aria-label=""Kembali ke hari sebelumnya"" jsaction=""pane.wfvdle10.populartimes.arrow.left""><span class=""Ups","Jam ramai
Senin | 15% ramai pada pukul 04.00. | 19% ramai pada pukul 05.00. | 30% ramai pada pukul 06.00. | 45% ramai pada pukul 07.00. | 60% ramai pada pukul 08.00. | 70% ramai pada pukul 09.00. | 83% ramai pada pukul 10.00. | 82% ramai pada pukul 11.00. | 82% ramai pada pukul 12.00. | 77% ramai pada pukul 13.00. | 84% ramai pada pukul 14.00. | 90% ramai pada pukul 15.00. | 100% ramai pada pukul 16.00. | 96% ramai pada pukul 17.00. | 86% ramai pada pukul 18.00. | 87% ramai pada pukul 19.00. | 84% ramai pada pukul 20.00. | 80% ramai pada pukul 21.00. | 68% ramai pada pukul 22.00. | 58% ramai pada pukul 23.00. | populartimes.popup.show; focus:pane.focusTooltip; blur:pane.blurTooltip; keydown:pane.escapeTooltip""><span class=""google-symbols G47vBd OazX1c"" aria-hidden=""true"" style=""font-size: 18px;""></span></button><div class=""eho6bd"" role=""tooltip"" tabindex=""-1"" jsaction=""blur:pane.wfvdle10.populartimes.popup.hide; keydown:pane.wfvdle10.populartimes.popup.hide"" style=""display: none;""><div class=""G1Ydic""></div><div class=""wLiIdd fontBodySmall"" aria-label=""Berdasarkan kunjungan ke tempat ini.""><span>Berdasarkan kunjungan ke tempat ini.</span></div></div></div><div class=""epArK""></div><button class=""MYZx6c Hk4XGb"" jslog=""18021; track:click;metadata:WyIwYWhVS0V3ajV0OW5ZNmNxV0F4VklsT0VJSFEtUEZXQVE4QmNJQWlnQSJd"" aria-label=""Kembali ke hari sebelumnya"" jsaction=""pane.wfvdle10.populartimes.arrow.left""><span class=""Ups",True,168.0,True,True,True,3,11cnd4cs_c,"https://www.google.com/maps/place/Taman+Komodo/@-6.1942252,106.7940925,17z/data=!3m1!4b1!4m6!3m5!1s0x2e69f6eb34f236b5:0x9a4b65bf5ae41612!8m2!3d-6.1942252!4d106.7940925!16s%2Fg%2F11cnd4cs_c?entry=ttu&g_ep=EgoyMDI2MDgyNi4wIKXMDSoASAFQAw%3D%3D",Jakarta Barat,0.550562851782364
lapangan,Lapangan PB Purri Metro,Klub Olahraga,"Jl. Duri Mas 1 Ujung, RT.9/RW.10, Duri Kepa, Kec. Kb. Jeruk, Kota Jakarta Barat, Daerah Khusus Ibukota Jakarta 11510",-6.1789739,106.7690306,5.0,1,"Senin: Buka 24 jam
Selasa: Buka 24 jam
Rabu: Buka 24 jam
Kamis: Buka 24 jam
Jumat: Buka 24 jam
Sabtu: Buka 24 jam
Minggu: Buka 24 jam",Buka 24 jam,0812-8921-9208,,,,"Parkir, Restoran, Bar",3,"Jam ramai
Senin | 29% ramai pada pukul 04.00. | 11% ramai pada pukul 05.00. | 11% ramai pada pukul 06.00. | 23% ramai pada pukul 07.00. | 41% ramai pada pukul 08.00. | 47% ramai pada pukul 09.00. | 41% ramai pada pukul 10.00. | 58% ramai pada pukul 11.00. | 70% ramai pada pukul 12.00. | 76% ramai pada pukul 13.00. | 82% ramai pada pukul 14.00. | 70% ramai pada pukul 15.00. | 47% ramai pada pukul 16.00. | 29% ramai pada pukul 17.00. | 35% ramai pada pukul 18.00. | 47% ramai pada pukul 19.00. | 64% ramai pada pukul 20.00. | 52% ramai pada pukul 21.00. | 58% ramai pada pukul 22.00. | 41% ramai pada pukul 23.00. | populartimes.popup.show; focus:pane.focusTooltip; blur:pane.blurTooltip; keydown:pane.escapeTooltip""><span class=""google-symbols G47vBd OazX1c"" aria-hidden=""true"" style=""font-size: 18px;""></span></button><div class=""eho6bd"" role=""tooltip"" tabindex=""-1"" jsaction=""blur:pane.wfvdle10.populartimes.popup.hide; keydown:pane.wfvdle10.populartimes.popup.hide"" style=""display: none;""><div class=""G1Ydic""></div><div class=""wLiIdd fontBodySmall"" aria-label=""Berdasarkan kunjungan ke tempat ini.""><span>Berdasarkan kunjungan ke tempat ini.</span></div></div></div><div class=""epArK""></div><button class=""MYZx6c Hk4XGb"" jslog=""18021; track:click;metadata:WyIwYWhVS0V3aURydkhzNmNxV0F4VUltZUVJSFoxSVBOd1E4QmNJQWlnQSJd"" aria-label=""Kembali ke hari sebelumnya"" jsaction=""pane.wfvdle10.populartimes.arrow.left""><span class=""Ups","Jam ramai
Senin | 29% ramai pada pukul 04.00. | 11% ramai pada pukul 05.00. | 11% ramai pada pukul 06.00. | 23% ramai pada pukul 07.00. | 41% ramai pada pukul 08.00. | 47% ramai pada pukul 09.00. | 41% ramai pada pukul 10.00. | 58% ramai pada pukul 11.00. | 70% ramai pada pukul 12.00. | 76% ramai pada pukul 13.00. | 82% ramai pada pukul 14.00. | 70% ramai pada pukul 15.00. | 47% ramai pada pukul 16.00. | 29% ramai pada pukul 17.00. | 35% ramai pada pukul 18.00. | 47% ramai pada pukul 19.00. | 64% ramai pada pukul 20.00. | 52% ramai pada pukul 21.00. | 58% ramai pada pukul 22.00. | 41% ramai pada pukul 23.00. | populartimes.popup.show; focus:pane.focusTooltip; blur:pane.blurTooltip; keydown:pane.escapeTooltip""><span class=""google-symbols G47vBd OazX1c"" aria-hidden=""true"" style=""font-size: 18px;""></span></button><div class=""eho6bd"" role=""tooltip"" tabindex=""-1"" jsaction=""blur:pane.wfvdle10.populartimes.popup.hide; keydown:pane.wfvdle10.populartimes.popup.hide"" style=""display: none;""><div class=""G1Ydic""></div><div class=""wLiIdd fontBodySmall"" aria-label=""Berdasarkan kunjungan ke tempat ini.""><span>Berdasarkan kunjungan ke tempat ini.</span></div></div></div><div class=""epArK""></div><button class=""MYZx6c Hk4XGb"" jslog=""18021; track:click;metadata:WyIwYWhVS0V3aURydkhzNmNxV0F4VUltZUVJSFoxSVBOd1E4QmNJQWlnQSJd"" aria-label=""Kembali ke hari sebelumnya"" jsaction=""pane.wfvdle10.populartimes.arrow.left""><span class=""Ups",True,168.0,True,True,True,1,11p14xcms6,"https://www.google.com/maps/place/Lapangan+PB+Purri+Metro/@-6.1789739,106.7690306,17z/data=!3m1!4b1!4m6!3m5!1s0x2e69f792184df6b5:0xd6fb582f980a3239!8m2!3d-6.1789739!4d106.7690306!16s%2Fg%2F11p14xcms6?entry=ttu&g_ep=EgoyMDI2MDgyNi4wIKXMDSoASAFQAw%3D%3D",Jakarta Barat,0.55
lapangan,Asuka Badminton Hall,Lapangan Bulutangkis,"Jl. Kedoya Pesing No.30, RT.14/RW.8, Kedoya Utara, Kec. Kb. Jeruk, Kota Jakarta Barat, Daerah Khusus Ibukota Jakarta 11520",-6.1634977,106.7655976,4.8,259,"Senin: 08.00–23.00
Selasa: 08.00–23.00
Rabu: 08.00–23.00
Kamis: 08.00–23.00
Jumat: 08.00–23.00
Sabtu: 08.00–23.00
Minggu: 08.00–23.00",Buka · Tutup pukul 23.00,0821-2322-2154,,,,"Parkir, Kursi roda, Restoran, Bar, Tidak memiliki pintu masuk khusus pengguna kursi roda, Tidak memiliki tempat parkir khusus pengguna kursi roda",6,"Jam ramai
Senin | 0% ramai pada pukul 06.00. | 0% ramai pada pukul 07.00. | 19% ramai pada pukul 08.00. | 25% ramai pada pukul 09.00. | 29% ramai pada pukul 10.00. | 33% ramai pada pukul 11.00. | 33% ramai pada pukul 12.00. | 31% ramai pada pukul 13.00. | 30% ramai pada pukul 14.00. | 33% ramai pada pukul 15.00. | 40% ramai pada pukul 16.00. | 49% ramai pada pukul 17.00. | 56% ramai pada pukul 18.00. | 62% ramai pada pukul 19.00. | 62% ramai pada pukul 20.00. | 57% ramai pada pukul 21.00. | 47% ramai pada pukul 22.00. | 0% ramai pada pukul 23.00. | populartimes.popup.show; focus:pane.focusTooltip; blur:pane.blurTooltip; keydown:pane.escapeTooltip""><span class=""google-symbols G47vBd OazX1c"" aria-hidden=""true"" style=""font-size: 18px;""></span></button><div class=""eho6bd"" role=""tooltip"" tabindex=""-1"" jsaction=""blur:pane.wfvdle10.populartimes.popup.hide; keydown:pane.wfvdle10.populartimes.popup.hide"" style=""display: none;""><div class=""G1Ydic""></div><div class=""wLiIdd fontBodySmall"" aria-label=""Berdasarkan kunjungan ke tempat ini.""><span>Berdasarkan kunjungan ke tempat ini.</span></div></div></div><div class=""epArK""></div><button class=""MYZx6c Hk4XGb"" jslog=""18021; track:click;metadata:WyIwYWhVS0V3aVV1ZDZBNnNxV0F4WDhrT0VJSGQxVkdYWVE4QmNJQWlnQSJd"" aria-label=""Kembali ke hari sebelumnya"" jsaction=""pane.wfvdle10.populartimes.arrow.left""><span class=""Ups","Jam ramai
Senin | 0% ramai pada pukul 06.00. | 0% ramai pada pukul 07.00. | 19% ramai pada pukul 08.00. | 25% ramai pada pukul 09.00. | 29% ramai pada pukul 10.00. | 33% ramai pada pukul 11.00. | 33% ramai pada pukul 12.00. | 31% ramai pada pukul 13.00. | 30% ramai pada pukul 14.00. | 33% ramai pada pukul 15.00. | 40% ramai pada pukul 16.00. | 49% ramai pada pukul 17.00. | 56% ramai pada pukul 18.00. | 62% ramai pada pukul 19.00. | 62% ramai pada pukul 20.00. | 57% ramai pada pukul 21.00. | 47% ramai pada pukul 22.00. | 0% ramai pada pukul 23.00. | populartimes.popup.show; focus:pane.focusTooltip; blur:pane.blurTooltip; keydown:pane.escapeTooltip""><span class=""google-symbols G47vBd OazX1c"" aria-hidden=""true"" style=""font-size: 18px;""></span></button><div class=""eho6bd"" role=""tooltip"" tabindex=""-1"" jsaction=""blur:pane.wfvdle10.populartimes.popup.hide; keydown:pane.wfvdle10.populartimes.popup.hide"" style=""display: none;""><div class=""G1Ydic""></div><div class=""wLiIdd fontBodySmall"" aria-label=""Berdasarkan kunjungan ke tempat ini.""><span>Berdasarkan kunjungan ke tempat ini.</span></div></div></div><div class=""epArK""></div><button class=""MYZx6c Hk4XGb"" jslog=""18021; track:click;metadata:WyIwYWhVS0V3aVV1ZDZBNnNxV0F4WDhrT0VJSGQxVkdYWVE4QmNJQWlnQSJd"" aria-label=""Kembali ke hari sebelumnya"" jsaction=""pane.wfvdle10.populartimes.arrow.left""><span class=""Ups",True,105.0,False,True,True,2,11kqrj171p,"https://www.google.com/maps/place/Asuka+Badminton+Hall/@-6.1634977,106.7655976,17z/data=!3m1!4b1!4m6!3m5!1s0x2e69f7d2534edd87:0x87ba0ef653fe024a!8m2!3d-6.1634977!4d106.7655976!16s%2Fg%2F11kqrj171p?entry=ttu&g_ep=EgoyMDI2MDgyNi4wIKXMDSoASAFQAw%3D%3D",Jakarta Barat,0.3111538461538462
lapangan,PBSI Garuda Badminton,Lapangan Bulutangkis,"Jl. Perdana Kusuma Blok Qq No.248AB, RT.1/RW.4, Wijaya Kusuma, Kec. Grogol petamburan, Kota Jakarta Barat, Daerah Khusus Ibukota Jakarta 11460",-6.155484,106.7745602,4.6,703,"Senin: 07.00–23.00
Selasa: 07.00–23.00
Rabu: 07.00–23.00
Kamis: 07.00–23.00
Jumat: 07.00–23.00
Sabtu: 07.00–21.00
Minggu: 07.00–18.00",Buka · Tutup pukul 23.00,0859-5924-7676,,,,"Parkir, Kursi roda, Restoran, Bar, Tidak memiliki pintu masuk khusus pengguna kursi roda, Tidak memiliki tempat parkir khusus pengguna kursi roda",6,"Jam ramai
Senin | 0% ramai pada pukul 06.00. | 22% ramai pada pukul 07.00. | 30% ramai pada pukul 08.00. | 38% ramai pada pukul 09.00. | 42% ramai pada pukul 10.00. | 43% ramai pada pukul 11.00. | 43% ramai pada pukul 12.00. | 44% ramai pada pukul 13.00. | 46% ramai pada pukul 14.00. | 50% ramai pada pukul 15.00. | 50% ramai pada pukul 16.00. | 48% ramai pada pukul 17.00. | 0% ramai pada pukul 18.00. | 0% ramai pada pukul 19.00. | 0% ramai pada pukul 20.00. | 0% ramai pada pukul 21.00. | 0% ramai pada pukul 22.00. | 0% ramai pada pukul 23.00. | populartimes.popup.show; focus:pane.focusTooltip; blur:pane.blurTooltip; keydown:pane.escapeTooltip""><span class=""google-symbols G47vBd OazX1c"" aria-hidden=""true"" style=""font-size: 18px;""></span></button><div class=""eho6bd"" role=""tooltip"" tabindex=""-1"" jsaction=""blur:pane.wfvdle10.populartimes.popup.hide; keydown:pane.wfvdle10.populartimes.popup.hide"" style=""display: none;""><div class=""G1Ydic""></div><div class=""wLiIdd fontBodySmall"" aria-label=""Berdasarkan kunjungan ke tempat ini.""><span>Berdasarkan kunjungan ke tempat ini.</span></div></div></div><div class=""epArK""></div><button class=""MYZx6c Hk4XGb"" jslog=""18021; track:click;metadata:WyIwYWhVS0V3ajk1LWFVNnNxV0F4WFlsZUVJSFFHakRLY1E4QmNJQWlnQSJd"" aria-label=""Kembali ke hari sebelumnya"" jsaction=""pane.wfvdle10.populartimes.arrow.left""><span class=""Ups","Jam ramai
Senin | 0% ramai pada pukul 06.00. | 22% ramai pada pukul 07.00. | 30% ramai pada pukul 08.00. | 38% ramai pada pukul 09.00. | 42% ramai pada pukul 10.00. | 43% ramai pada pukul 11.00. | 43% ramai pada pukul 12.00. | 44% ramai pada pukul 13.00. | 46% ramai pada pukul 14.00. | 50% ramai pada pukul 15.00. | 50% ramai pada pukul 16.00. | 48% ramai pada pukul 17.00. | 0% ramai pada pukul 18.00. | 0% ramai pada pukul 19.00. | 0% ramai pada pukul 20.00. | 0% ramai pada pukul 21.00. | 0% ramai pada pukul 22.00. | 0% ramai pada pukul 23.00. | populartimes.popup.show; focus:pane.focusTooltip; blur:pane.blurTooltip; keydown:pane.escapeTooltip""><span class=""google-symbols G47vBd OazX1c"" aria-hidden=""true"" style=""font-size: 18px;""></span></button><div class=""eho6bd"" role=""tooltip"" tabindex=""-1"" jsaction=""blur:pane.wfvdle10.populartimes.popup.hide; keydown:pane.wfvdle10.populartimes.popup.hide"" style=""display: none;""><div class=""G1Ydic""></div><div class=""wLiIdd fontBodySmall"" aria-label=""Berdasarkan kunjungan ke tempat ini.""><span>Berdasarkan kunjungan ke tempat ini.</span></div></div></div><div class=""epArK""></div><button class=""MYZx6c Hk4XGb"" jslog=""18021; track:click;metadata:WyIwYWhVS0V3ajk1LWFVNnNxV0F4WFlsZUVJSFFHakRLY1E4QmNJQWlnQSJd"" aria-label=""Kembali ke hari sebelumnya"" jsaction=""pane.wfvdle10.populartimes.arrow.left""><span class=""Ups",True,105.0,False,True,True,2,11k0yzg6bx,"https://www.google.com/maps/place/PBSI+Garuda+Badminton/@-6.155484,106.7745602,17z/data=!3m1!4b1!4m6!3m5!1s0x2e69f7edfab89ce5:0x8ebb5f32356a42b2!8m2!3d-6.155484!4d106.7745602!16s%2Fg%2F11k0yzg6bx?entry=ttu&g_ep=EgoyMDI2MDgyNi4wIKXMDSoASAFQAw%3D%3D",Jakarta Barat,0.37042613636363647
lapangan,Lapangan Bulutangkis Talenta,Lapangan Bulutangkis,"4, Jl. Sahabat Baru No.92, RT.4/RW.1, Duri Kepa, Kec. Kb. Jeruk, Kota Jakarta Barat, Daerah Khusus Ibukota Jakarta 11510",-6.18624,106.77132,4.5,309,"Senin: 08.00–23.00
Selasa: 08.00–23.00
Rabu: 08.00–23.00
Kamis: 08.00–23.00
Jumat: 08.00–23.00
Sabtu: 08.00–23.00
Minggu: 08.00–23.00",Buka · Tutup pukul 23.00,0816-1974-011,,,,"Parkir, Parkir gratis, Restoran, Bar, Tempat parkir berbayar, Tempat parkir gratis",6,"Jam ramai
Senin | 0% ramai pada pukul 06.00. | 0% ramai pada pukul 07.00. | 32% ramai pada pukul 08.00. | 39% ramai pada pukul 09.00. | 43% ramai pada pukul 10.00. | 42% ramai pada pukul 11.00. | 41% ramai pada pukul 12.00. | 39% ramai pada pukul 13.00. | 39% ramai pada pukul 14.00. | 48% ramai pada pukul 15.00. | 55% ramai pada pukul 16.00. | 66% ramai pada pukul 17.00. | 71% ramai pada pukul 18.00. | 74% ramai pada pukul 19.00. | 74% ramai pada pukul 20.00. | 74% ramai pada pukul 21.00. | 65% ramai pada pukul 22.00. | 0% ramai pada pukul 23.00. | populartimes.popup.show; focus:pane.focusTooltip; blur:pane.blurTooltip; keydown:pane.escapeTooltip""><span class=""google-symbols G47vBd OazX1c"" aria-hidden=""true"" style=""font-size: 18px;""></span></button><div class=""eho6bd"" role=""tooltip"" tabindex=""-1"" jsaction=""blur:pane.wfvdle10.populartimes.popup.hide; keydown:pane.wfvdle10.populartimes.popup.hide"" style=""display: none;""><div class=""G1Ydic""></div><div class=""wLiIdd fontBodySmall"" aria-label=""Berdasarkan kunjungan ke tempat ini.""><span>Berdasarkan kunjungan ke tempat ini.</span></div></div></div><div class=""epArK""></div><button class=""MYZx6c Hk4XGb"" jslog=""18021; track:click;metadata:WyIwYWhVS0V3akR2TS1vNnNxV0F4V2RqLUVJSFoya0t4SVE4QmNJQWlnQSJd"" aria-label=""Kembali ke hari sebelumnya"" jsaction=""pane.wfvdle10.populartimes.arrow.left""><span class=""Ups","Jam ramai
Senin | 0% ramai pada pukul 06.00. | 0% ramai pada pukul 07.00. | 32% ramai pada pukul 08.00. | 39% ramai pada pukul 09.00. | 43% ramai pada pukul 10.00. | 42% ramai pada pukul 11.00. | 41% ramai pada pukul 12.00. | 39% ramai pada pukul 13.00. | 39% ramai pada pukul 14.00. | 48% ramai pada pukul 15.00. | 55% ramai pada pukul 16.00. | 66% ramai pada pukul 17.00. | 71% ramai pada pukul 18.00. | 74% ramai pada pukul 19.00. | 74% ramai pada pukul 20.00. | 74% ramai pada pukul 21.00. | 65% ramai pada pukul 22.00. | 0% ramai pada pukul 23.00. | populartimes.popup.show; focus:pane.focusTooltip; blur:pane.blurTooltip; keydown:pane.escapeTooltip""><span class=""google-symbols G47vBd OazX1c"" aria-hidden=""true"" style=""font-size: 18px;""></span></button><div class=""eho6bd"" role=""tooltip"" tabindex=""-1"" jsaction=""blur:pane.wfvdle10.populartimes.popup.hide; keydown:pane.wfvdle10.populartimes.popup.hide"" style=""display: none;""><div class=""G1Ydic""></div><div class=""wLiIdd fontBodySmall"" aria-label=""Berdasarkan kunjungan ke tempat ini.""><span>Berdasarkan kunjungan ke tempat ini.</span></div></div></div><div class=""epArK""></div><button class=""MYZx6c Hk4XGb"" jslog=""18021; track:click;metadata:WyIwYWhVS0V3akR2TS1vNnNxV0F4V2RqLUVJSFoya0t4SVE4QmNJQWlnQSJd"" aria-label=""Kembali ke hari sebelumnya"" jsaction=""pane.wfvdle10.populartimes.arrow.left""><span class=""Ups",True,105.0,False,True,True,1,11c2jl_k63,"https://www.google.com/maps/place/Lapangan+Bulutangkis+Talenta/@-6.18624,106.77132,17z/data=!3m1!4b1!4m6!3m5!1s0x2e69f6fd7016cde7:0x22b181fc43456fdd!8m2!3d-6.18624!4d106.77132!16s%2Fg%2F11c2jl_k63?entry=ttu&g_ep=EgoyMDI2MDgyNi4wIKXMDSoASAFQAw%3D%3D",Jakarta Barat,0.4009677419354839
lapangan,Royal Futsal / Sportpackers Legacy,Lapangan Futsal,"Jl. Mangga XVII utama No.354 blok P1, RT.4/RW.8, Duri Kepa, Jakarta, West Jakarta City, Jakarta 11510",-6.1758744,106.7764919,4.3,286,"Senin: 09.00–23.00
Selasa: 09.00–23.00
Rabu: 09.00–23.00
Kamis: 09.00–23.00
Jumat: 09.00–23.00
Sabtu: 09.00–23.00
Minggu: 09.00–23.00",Buka · Tutup pukul 23.00,0877-7739-3738,/url?q=https://instagram.com/sportpackers.legacy%3Figshid%3DYmMyMTA2M2Y%3D&opi=79508299&sa=U&ved=0ahUKEwi8gfC86sqWAxWylOEIHdJtLe0Q61gIFygS&usg=AOvVaw319Bl5TKfYxKBVgcp5_Fpo,,,"Parkir, Toilet, AC, Restoran, Bar, parkir, disebutkan dalam 3 ulasan",6,"Jam ramai
Senin | 0% ramai pada pukul 06.00. | 0% ramai pada pukul 07.00. | 0% ramai pada pukul 08.00. | 39% ramai pada pukul 09.00. | 41% ramai pada pukul 10.00. | 40% ramai pada pukul 11.00. | 38% ramai pada pukul 12.00. | 39% ramai pada pukul 13.00. | 44% ramai pada pukul 14.00. | 49% ramai pada pukul 15.00. | 51% ramai pada pukul 16.00. | 50% ramai pada pukul 17.00. | 50% ramai pada pukul 18.00. | 58% ramai pada pukul 19.00. | 72% ramai pada pukul 20.00. | 88% ramai pada pukul 21.00. | 88% ramai pada pukul 22.00. | 0% ramai pada pukul 23.00. | populartimes.popup.show; focus:pane.focusTooltip; blur:pane.blurTooltip; keydown:pane.escapeTooltip""><span class=""google-symbols G47vBd OazX1c"" aria-hidden=""true"" style=""font-size: 18px;""></span></button><div class=""eho6bd"" role=""tooltip"" tabindex=""-1"" jsaction=""blur:pane.wfvdle10.populartimes.popup.hide; keydown:pane.wfvdle10.populartimes.popup.hide"" style=""display: none;""><div class=""G1Ydic""></div><div class=""wLiIdd fontBodySmall"" aria-label=""Berdasarkan kunjungan ke tempat ini.""><span>Berdasarkan kunjungan ke tempat ini.</span></div></div></div><div class=""epArK""></div><button class=""MYZx6c Hk4XGb"" jslog=""18021; track:click;metadata:WyIwYWhVS0V3aThnZkM4NnNxV0F4V3lsT0VJSGRKdExlMFE4QmNJQWlnQSJd"" aria-label=""Kembali ke hari sebelumnya"" jsaction=""pane.wfvdle10.populartimes.arrow.left""><span class=""Ups","Jam ramai
Senin | 0% ramai pada pukul 06.00. | 0% ramai pada pukul 07.00. | 0% ramai pada pukul 08.00. | 39% ramai pada pukul 09.00. | 41% ramai pada pukul 10.00. | 40% ramai pada pukul 11.00. | 38% ramai pada pukul 12.00. | 39% ramai pada pukul 13.00. | 44% ramai pada pukul 14.00. | 49% ramai pada pukul 15.00. | 51% ramai pada pukul 16.00. | 50% ramai pada pukul 17.00. | 50% ramai pada pukul 18.00. | 58% ramai pada pukul 19.00. | 72% ramai pada pukul 20.00. | 88% ramai pada pukul 21.00. | 88% ramai pada pukul 22.00. | 0% ramai pada pukul 23.00. | populartimes.popup.show; focus:pane.focusTooltip; blur:pane.blurTooltip; keydown:pane.escapeTooltip""><span class=""google-symbols G47vBd OazX1c"" aria-hidden=""true"" style=""font-size: 18px;""></span></button><div class=""eho6bd"" role=""tooltip"" tabindex=""-1"" jsaction=""blur:pane.wfvdle10.populartimes.popup.hide; keydown:pane.wfvdle10.populartimes.popup.hide"" style=""display: none;""><div class=""G1Ydic""></div><div class=""wLiIdd fontBodySmall"" aria-label=""Berdasarkan kunjungan ke tempat ini.""><span>Berdasarkan kunjungan ke tempat ini.</span></div></div></div><div class=""epArK""></div><button class=""MYZx6c Hk4XGb"" jslog=""18021; track:click;metadata:WyIwYWhVS0V3aThnZkM4NnNxV0F4V3lsT0VJSGRKdExlMFE4QmNJQWlnQSJd"" aria-label=""Kembali ke hari sebelumnya"" jsaction=""pane.wfvdle10.populartimes.arrow.left""><span class=""Ups",True,98.0,False,True,True,3,11bw4p50s6,"https://www.google.com/maps/place/Royal+Futsal+%2F+Sportpackers+Legacy/@-6.1758744,106.7764919,17z/data=!3m1!4b1!4m6!3m5!1s0x2e69f655d74627d9:0x9502ed898f44af81!8m2!3d-6.1758744!4d106.7764919!16s%2Fg%2F11bw4p50s6?entry=ttu&g_ep=EgoyMDI2MDgyNi4wIKXMDSoASAFQAw%3D%3D",Jakarta Barat,0.4443786295005808
lapangan,Pola Bugar Sport Center,Kompleks Olahraga,"Jl. Kedoya Pesing No.35, RT.11/RW.3, Kedoya Sel., Kec. Kb. Jeruk, Kota Jakarta Barat, Daerah Khusus Ibukota Jakarta 11520",-6.1817179,106.7577928,4.3,2179,"Senin: 08.00–23.00
Selasa: 08.00–23.00
Rabu: 08.00–23.00
Kamis: 08.00–23.00
Jumat: 08.00–23.00
Sabtu: 07.00–22.00
Minggu: 07.00–20.00",Buka · Tutup pukul 23.00,021) 5807086,/url?q=https://free.facebook.com/polabugar/about%3Frefid%3D17&opi=79508299&sa=U&ved=0ahUKEwj_w8rQ6sqWAxU7juEIHQvAFWcQ61gIFygS&usg=AOvVaw3EPu5eItGe0-gmpsIF7R0c,,,"Parkir, Parkir gratis, Restoran, Bar, Tersedia layanan di tempat, Tempat parkir berbayar, Tempat parkir gratis",7,"Jam ramai
Senin | 0% ramai pada pukul 06.00. | 18% ramai pada pukul 07.00. | 23% ramai pada pukul 08.00. | 29% ramai pada pukul 09.00. | 36% ramai pada pukul 10.00. | 39% ramai pada pukul 11.00. | 39% ramai pada pukul 12.00. | 40% ramai pada pukul 13.00. | 44% ramai pada pukul 14.00. | 51% ramai pada pukul 15.00. | 60% ramai pada pukul 16.00. | 67% ramai pada pukul 17.00. | 68% ramai pada pukul 18.00. | 66% ramai pada pukul 19.00. | 0% ramai pada pukul 20.00. | 0% ramai pada pukul 21.00. | 0% ramai pada pukul 22.00. | 0% ramai pada pukul 23.00. | 0% ramai pada pukul 07.00. | populartimes.popup.show; focus:pane.focusTooltip; blur:pane.blurTooltip; keydown:pane.escapeTooltip""><span class=""google-symbols G47vBd OazX1c"" aria-hidden=""true"" style=""font-size: 18px;""></span></button><div class=""eho6bd"" role=""tooltip"" tabindex=""-1"" jsaction=""blur:pane.wfvdle10.populartimes.popup.hide; keydown:pane.wfvdle10.populartimes.popup.hide"" style=""display: none;""><div class=""G1Ydic""></div><div class=""wLiIdd fontBodySmall"" aria-label=""Berdasarkan kunjungan ke tempat ini.""><span>Berdasarkan kunjungan ke tempat ini.</span></div></div></div><div class=""epArK""></div><button class=""MYZx6c Hk4XGb"" jslog=""18021; track:click;metadata:WyIwYWhVS0V3al93OHJRNnNxV0F4VTdqdUVJSFF2QUZXY1E4QmNJQWlnQSJd"" aria-label=""Kembali ke hari sebelumnya"" jsaction=""pane.wfvdle10.populartimes.arrow.left""><span class=""Ups","Jam ramai
Senin | 0% ramai pada pukul 06.00. | 18% ramai pada pukul 07.00. | 23% ramai pada pukul 08.00. | 29% ramai pada pukul 09.00. | 36% ramai pada pukul 10.00. | 39% ramai pada pukul 11.00. | 39% ramai pada pukul 12.00. | 40% ramai pada pukul 13.00. | 44% ramai pada pukul 14.00. | 51% ramai pada pukul 15.00. | 60% ramai pada pukul 16.00. | 67% ramai pada pukul 17.00. | 68% ramai pada pukul 18.00. | 66% ramai pada pukul 19.00. | 0% ramai pada pukul 20.00. | 0% ramai pada pukul 21.00. | 0% ramai pada pukul 22.00. | 0% ramai pada pukul 23.00. | 0% ramai pada pukul 07.00. | populartimes.popup.show; focus:pane.focusTooltip; blur:pane.blurTooltip; keydown:pane.escapeTooltip""><span class=""google-symbols G47vBd OazX1c"" aria-hidden=""true"" style=""font-size: 18px;""></span></button><div class=""eho6bd"" role=""tooltip"" tabindex=""-1"" jsaction=""blur:pane.wfvdle10.populartimes.popup.hide; keydown:pane.wfvdle10.populartimes.popup.hide"" style=""display: none;""><div class=""G1Ydic""></div><div class=""wLiIdd fontBodySmall"" aria-label=""Berdasarkan kunjungan ke tempat ini.""><span>Berdasarkan kunjungan ke tempat ini.</span></div></div></div><div class=""epArK""></div><button class=""MYZx6c Hk4XGb"" jslog=""18021; track:click;metadata:WyIwYWhVS0V3al93OHJRNnNxV0F4VTdqdUVJSFF2QUZXY1E4QmNJQWlnQSJd"" aria-label=""Kembali ke hari sebelumnya"" jsaction=""pane.wfvdle10.populartimes.arrow.left""><span class=""Ups",True,103.0,False,True,True,1,1v3hxd59,"https://www.google.com/maps/place/Pola+Bugar+Sport+Center/@-6.1817179,106.7577928,17z/data=!3m1!4b1!4m6!3m5!1s0x2e69f70899045ef5:0x790d4ef3b019296a!8m2!3d-6.1817179!4d106.7577928!16s%2Fg%2F1v3hxd59?entry=ttu&g_ep=EgoyMDI2MDgyNi4wIKXMDSoASAFQAw%3D%3D",Jakarta Barat,0.4553757099169944
lapangan,PADELIN Padel Court,Kompleks Olahraga,"Jl. Musirin 1 No.23a, RT.10/RW.2, Kedoya Sel., Kec. Kb. Jeruk, Kota Jakarta Barat, Daerah Khusus Ibukota Jakarta 11520",-6.180366,106.7620666,4.4,821,Senin: AKTIFSedikit sibuk,Buka · Tutup pukul 00.00,0821-1826-8526,,,,"Parkir, Toilet, Kursi roda, Restoran, Bar, Memiliki kursi khusus pengguna kursi roda, Tidak memiliki tempat parkir khusus pengguna kursi roda, Tidak ada toilet khusus pengguna kursi roda, Tersedia layanan di tempat, Ada toilet netral gender, Gedung parkir berbayar, Parkir di jalan berbayar, Tempat parkir berbayar, Ada tempat parkir di lokasi",14,"Jam ramai
Senin | 0% ramai pada pukul 05.00. | 22% ramai pada pukul 06.00. | 25% ramai pada pukul 07.00. | 31% ramai pada pukul 08.00. | 36% ramai pada pukul 09.00. | 37% ramai pada pukul 10.00. | 37% ramai pada pukul 11.00. | 36% ramai pada pukul 12.00. | 37% ramai pada pukul 13.00. | 40% ramai pada pukul 14.00. | 48% ramai pada pukul 15.00. | 57% ramai pada pukul 16.00. | 69% ramai pada pukul 17.00. | 72% ramai pada pukul 18.00. | 79% ramai pada pukul 19.00. | 82% ramai pada pukul 20.00. | 88% ramai pada pukul 21.00. | 83% ramai pada pukul 22.00. | 73% ramai pada pukul 23.00. | populartimes.popup.show; focus:pane.focusTooltip; blur:pane.blurTooltip; keydown:pane.escapeTooltip""><span class=""google-symbols G47vBd OazX1c"" aria-hidden=""true"" style=""font-size: 18px;""></span></button><div class=""eho6bd"" role=""tooltip"" tabindex=""-1"" jsaction=""blur:pane.wfvdle10.populartimes.popup.hide; keydown:pane.wfvdle10.populartimes.popup.hide"" style=""display: none;""><div class=""G1Ydic""></div><div class=""wLiIdd fontBodySmall"" aria-label=""Berdasarkan kunjungan ke tempat ini.""><span>Berdasarkan kunjungan ke tempat ini.</span></div></div></div><div class=""epArK""></div><button class=""MYZx6c Hk4XGb"" jslog=""18021; track:click;metadata:WyIwYWhVS0V3akduOTdsNnNxV0F4VjlqdUVJSGVUQkZwc1E4QmNJQWlnQSJd"" aria-label=""Kembali ke hari sebelumnya"" jsaction=""pane.wfvdle10.populartimes.arrow.left""><span class=""Ups","Jam ramai
Senin | 0% ramai pada pukul 05.00. | 22% ramai pada pukul 06.00. | 25% ramai pada pukul 07.00. | 31% ramai pada pukul 08.00. | 36% ramai pada pukul 09.00. | 37% ramai pada pukul 10.00. | 37% ramai pada pukul 11.00. | 36% ramai pada pukul 12.00. | 37% ramai pada pukul 13.00. | 40% ramai pada pukul 14.00. | 48% ramai pada pukul 15.00. | 57% ramai pada pukul 16.00. | 69% ramai pada pukul 17.00. | 72% ramai pada pukul 18.00. | 79% ramai pada pukul 19.00. | 82% ramai pada pukul 20.00. | 88% ramai pada pukul 21.00. | 83% ramai pada pukul 22.00. | 73% ramai pada pukul 23.00. | populartimes.popup.show; focus:pane.focusTooltip; blur:pane.blurTooltip; keydown:pane.escapeTooltip""><span class=""google-symbols G47vBd OazX1c"" aria-hidden=""true"" style=""font-size: 18px;""></span></button><div class=""eho6bd"" role=""tooltip"" tabindex=""-1"" jsaction=""blur:pane.wfvdle10.populartimes.popup.hide; keydown:pane.wfvdle10.populartimes.popup.hide"" style=""display: none;""><div class=""G1Ydic""></div><div class=""wLiIdd fontBodySmall"" aria-label=""Berdasarkan kunjungan ke tempat ini.""><span>Berdasarkan kunjungan ke tempat ini.</span></div></div></div><div class=""epArK""></div><button class=""MYZx6c Hk4XGb"" jslog=""18021; track:click;metadata:WyIwYWhVS0V3akduOTdsNnNxV0F4VjlqdUVJSGVUQkZwc1E4QmNJQWlnQSJd"" aria-label=""Kembali ke hari sebelumnya"" jsaction=""pane.wfvdle10.populartimes.arrow.left""><span class=""Ups",True,0.0,False,False,False,3,1pzx97h0s,"https://www.google.com/maps/place/PADELIN+Padel+Court/@-6.180366,106.7620666,17z/data=!3m1!4b1!4m6!3m5!1s0x2e69f7079d5484bf:0xcfcbf0df71e2ef0e!8m2!3d-6.180366!4d106.7620666!16s%2Fg%2F1pzx97h0s?entry=ttu&g_ep=EgoyMDI2MDgyNi4wIKXMDSoASAFQAw%3D%3D",Jakarta Barat,0.18036496350364953
lapangan,Gelanggang Jakarta Pusat,Kompleks Olahraga,"Jl. Pasar Senen No.1, RW.3, Senen, Kec. Senen, Kota Jakarta Pusat, Daerah Khusus Ibukota Jakarta 10410",-6.1755053,106.8436795,4.4,129,Senin: AKTIFSedikit sibuk,Buka · Tutup pukul 22.00,000000014901161,/url?q=http://dispora.jakarta.go.id/&opi=79508299&sa=U&ved=0ahUKEwiP6qz56sqWAxUVk-EIHbmyMSQQ61gIEygO&usg=AOvVaw05B2u4qWEex7iabuQ7jFF8,,,"Parkir, Toilet, Restoran, Bar, Ada toilet netral gender",5,"Jam ramai
Senin | 0% ramai pada pukul 05.00. | 41% ramai pada pukul 06.00. | 44% ramai pada pukul 07.00. | 49% ramai pada pukul 08.00. | 52% ramai pada pukul 09.00. | 60% ramai pada pukul 10.00. | 65% ramai pada pukul 11.00. | 64% ramai pada pukul 12.00. | 55% ramai pada pukul 13.00. | 52% ramai pada pukul 14.00. | 67% ramai pada pukul 15.00. | 76% ramai pada pukul 16.00. | 83% ramai pada pukul 17.00. | 89% ramai pada pukul 18.00. | 93% ramai pada pukul 19.00. | 100% ramai pada pukul 20.00. | 95% ramai pada pukul 21.00. | 0% ramai pada pukul 22.00. | 33% ramai pada pukul 06.00. | populartimes.popup.show; focus:pane.focusTooltip; blur:pane.blurTooltip; keydown:pane.escapeTooltip""><span class=""google-symbols G47vBd OazX1c"" aria-hidden=""true"" style=""font-size: 18px;""></span></button><div class=""eho6bd"" role=""tooltip"" tabindex=""-1"" jsaction=""blur:pane.wfvdle10.populartimes.popup.hide; keydown:pane.wfvdle10.populartimes.popup.hide"" style=""display: none;""><div class=""G1Ydic""></div><div class=""wLiIdd fontBodySmall"" aria-label=""Berdasarkan kunjungan ke tempat ini.""><span>Berdasarkan kunjungan ke tempat ini.</span></div></div></div><div class=""epArK""></div><button class=""MYZx6c Hk4XGb"" jslog=""18021; track:click;metadata:WyIwYWhVS0V3aVA2cXo1NnNxV0F4VVZrLUVJSGJteU1TUVE4QmNJQWlnQSJd"" aria-label=""Kembali ke hari sebelumnya"" jsaction=""pane.wfvdle10.populartimes.arrow.left""><span class=""Ups","Jam ramai
Senin | 0% ramai pada pukul 05.00. | 41% ramai pada pukul 06.00. | 44% ramai pada pukul 07.00. | 49% ramai pada pukul 08.00. | 52% ramai pada pukul 09.00. | 60% ramai pada pukul 10.00. | 65% ramai pada pukul 11.00. | 64% ramai pada pukul 12.00. | 55% ramai pada pukul 13.00. | 52% ramai pada pukul 14.00. | 67% ramai pada pukul 15.00. | 76% ramai pada pukul 16.00. | 83% ramai pada pukul 17.00. | 89% ramai pada pukul 18.00. | 93% ramai pada pukul 19.00. | 100% ramai pada pukul 20.00. | 95% ramai pada pukul 21.00. | 0% ramai pada pukul 22.00. | 33% ramai pada pukul 06.00. | populartimes.popup.show; focus:pane.focusTooltip; blur:pane.blurTooltip; keydown:pane.escapeTooltip""><span class=""google-symbols G47vBd OazX1c"" aria-hidden=""true"" style=""font-size: 18px;""></span></button><div class=""eho6bd"" role=""tooltip"" tabindex=""-1"" jsaction=""blur:pane.wfvdle10.populartimes.popup.hide; keydown:pane.wfvdle10.populartimes.popup.hide"" style=""display: none;""><div class=""G1Ydic""></div><div class=""wLiIdd fontBodySmall"" aria-label=""Berdasarkan kunjungan ke tempat ini.""><span>Berdasarkan kunjungan ke tempat ini.</span></div></div></div><div class=""epArK""></div><button class=""MYZx6c Hk4XGb"" jslog=""18021; track:click;metadata:WyIwYWhVS0V3aVA2cXo1NnNxV0F4VVZrLUVJSGJteU1TUVE4QmNJQWlnQSJd"" aria-label=""Kembali ke hari sebelumnya"" jsaction=""pane.wfvdle10.populartimes.arrow.left""><span class=""Ups",True,0.0,False,False,False,2,1hm5wpw35,"https://www.google.com/maps/place/Gelanggang+Jakarta+Pusat/@-6.1755053,106.8436795,17z/data=!3m1!4b1!4m6!3m5!1s0x2e69f601a4d80baf:0xe0fccac51e1a6ff1!8m2!3d-6.1755053!4d106.8436795!16s%2Fg%2F1hm5wpw35?entry=ttu&g_ep=EgoyMDI2MDgyNi4wIKXMDSoASAFQAw%3D%3D",Jakarta Pusat,0.1823076923076922
ruang komunitas,BC KGK (Komunitas Garuda Kapuk),Kafe,"RT.9/RW.7, Kapuk, Kecamatan Cengkareng, Kota Jakarta Barat, Daerah Khusus Ibukota Jakarta 11720",-6.1423178,106.7515507,5.0,23,"Senin: Buka 24 jam
Selasa: Buka 24 jam
Rabu: Buka 24 jam
Kamis: Buka 24 jam
Jumat: Buka 24 jam
Sabtu: Buka 24 jam
Minggu: Buka 24 jam",Buka 24 jam,0812-9332-2493,,,,"Parkir, Toilet, Kursi roda, Restoran, Bar, Ada toilet khusus pengguna kursi roda, Menyediakan layanan pesan tempat, Ada toilet, Parkir di jalan gratis",9,"Jam ramai
Senin | 36% ramai pada pukul 04.00. | 36% ramai pada pukul 05.00. | 55% ramai pada pukul 06.00. | 46% ramai pada pukul 07.00. | 34% ramai pada pukul 08.00. | 19% ramai pada pukul 09.00. | 17% ramai pada pukul 10.00. | 21% ramai pada pukul 11.00. | 27% ramai pada pukul 12.00. | 27% ramai pada pukul 13.00. | 23% ramai pada pukul 14.00. | 23% ramai pada pukul 15.00. | 23% ramai pada pukul 16.00. | 36% ramai pada pukul 17.00. | 44% ramai pada pukul 18.00. | 53% ramai pada pukul 19.00. | 53% ramai pada pukul 20.00. | 59% ramai pada pukul 21.00. | 70% ramai pada pukul 22.00. | 68% ramai pada pukul 23.00. | populartimes.popup.show; focus:pane.focusTooltip; blur:pane.blurTooltip; keydown:pane.escapeTooltip""><span class=""google-symbols G47vBd OazX1c"" aria-hidden=""true"" style=""font-size: 18px;""></span></button><div class=""eho6bd"" role=""tooltip"" tabindex=""-1"" jsaction=""blur:pane.wfvdle10.populartimes.popup.hide; keydown:pane.wfvdle10.populartimes.popup.hide"" style=""display: none;""><div class=""G1Ydic""></div><div class=""wLiIdd fontBodySmall"" aria-label=""Berdasarkan kunjungan ke tempat ini.""><span>Berdasarkan kunjungan ke tempat ini.</span></div></div></div><div class=""epArK""></div><button class=""MYZx6c Hk4XGb"" jslog=""18021; track:click;metadata:WyIwYWhVS0V3aVE4SzZONjhxV0F4WHptLUVJSFVVVUdzNFE4QmNJQWlnQSJd"" aria-label=""Kembali ke hari sebelumnya"" jsaction=""pane.wfvdle10.populartimes.arrow.left""><span class=""Ups","Jam ramai
Senin | 36% ramai pada pukul 04.00. | 36% ramai pada pukul 05.00. | 55% ramai pada pukul 06.00. | 46% ramai pada pukul 07.00. | 34% ramai pada pukul 08.00. | 19% ramai pada pukul 09.00. | 17% ramai pada pukul 10.00. | 21% ramai pada pukul 11.00. | 27% ramai pada pukul 12.00. | 27% ramai pada pukul 13.00. | 23% ramai pada pukul 14.00. | 23% ramai pada pukul 15.00. | 23% ramai pada pukul 16.00. | 36% ramai pada pukul 17.00. | 44% ramai pada pukul 18.00. | 53% ramai pada pukul 19.00. | 53% ramai pada pukul 20.00. | 59% ramai pada pukul 21.00. | 70% ramai pada pukul 22.00. | 68% ramai pada pukul 23.00. | populartimes.popup.show; focus:pane.focusTooltip; blur:pane.blurTooltip; keydown:pane.escapeTooltip""><span class=""google-symbols G47vBd OazX1c"" aria-hidden=""true"" style=""font-size: 18px;""></span></button><div class=""eho6bd"" role=""tooltip"" tabindex=""-1"" jsaction=""blur:pane.wfvdle10.populartimes.popup.hide; keydown:pane.wfvdle10.populartimes.popup.hide"" style=""display: none;""><div class=""G1Ydic""></div><div class=""wLiIdd fontBodySmall"" aria-label=""Berdasarkan kunjungan ke tempat ini.""><span>Berdasarkan kunjungan ke tempat ini.</span></div></div></div><div class=""epArK""></div><button class=""MYZx6c Hk4XGb"" jslog=""18021; track:click;metadata:WyIwYWhVS0V3aVE4SzZONjhxV0F4WHptLUVJSFVVVUdzNFE4QmNJQWlnQSJd"" aria-label=""Kembali ke hari sebelumnya"" jsaction=""pane.wfvdle10.populartimes.arrow.left""><span class=""Ups",True,168.0,True,True,True,3,11h60p02lc,"https://www.google.com/maps/place/BC+KGK+(Komunitas+Garuda+Kapuk)/@-6.1423178,106.7515507,17z/data=!3m1!4b1!4m6!3m5!1s0x2e69f76577c2e07f:0xe08bc4647e785dce!8m2!3d-6.1423178!4d106.7515507!16s%2Fg%2F11h60p02lc?entry=ttu&g_ep=EgoyMDI2MDgyNi4wIKXMDSoASAFQAw%3D%3D",Jakarta Barat,0.41250000000000003
ruang komunitas,Komunitas Pelajar Indonesia (KOPI),Serikat Mahasiswa,"Jl. Jelambar Madya Utara No.1, RT.8/RW.10, Wijaya Kusuma, Kec. Grogol petamburan, Kota Jakarta Barat, Daerah Khusus Ibukota Jakarta 11460",-6.1567802,106.77934,4.5,4,"Senin: 08.00–16.00
Selasa: 08.00–16.00
Rabu: 08.00–16.00
Kamis: 08.00–16.00
Jumat: 08.00–16.00
Sabtu: 08.00–20.00
Minggu: Tutup",Tutup,0815-3987-5545,,,,"Parkir, Toilet, Restoran, Bar, Ada toilet netral gender",5,,,False,52.0,False,True,True,2,11f_b_dvl0,"https://www.google.com/maps/place/Komunitas+Pelajar+Indonesia+(KOPI)/@-6.1567802,106.77934,17z/data=!3m1!4b1!4m6!3m5!1s0x2e69f637d66e127b:0xb372e8d0d1233b28!8m2!3d-6.1567802!4d106.77934!16s%2Fg%2F11f_b_dvl0?entry=ttu&g_ep=EgoyMDI2MDgyNi4wIKXMDSoASAFQAw%3D%3D",Jakarta Barat,0.33380952380952383
ruang komunitas,Bascamp GGS SAHABAT UTAMA CENGKARENG TIMUR,Taman Komunitas,"Sahabat, Jl. Daan Mogot No.109 9, RT.9/RW.13, Cengkareng Tim., Kecamatan Cengkareng, Kota Jakarta Barat, Daerah Khusus Ibukota Jakarta 11730",-6.152369,106.7413469,4.2,54,"Senin: Buka 24 jam
Selasa: Buka 24 jam
Rabu: Buka 24 jam
Kamis: Buka 24 jam
Jumat: Buka 24 jam
Sabtu: Buka 24 jam
Minggu: Buka 24 jam",Buka 24 jam,0857-9312-8372,,,,"Parkir, Kursi roda, Restoran, Bar, Tidak memiliki pintu masuk khusus pengguna kursi roda, Tidak memiliki tempat parkir khusus pengguna kursi roda",6,"Jam ramai
Senin | 31% ramai pada pukul 04.00. | 30% ramai pada pukul 05.00. | 29% ramai pada pukul 06.00. | 29% ramai pada pukul 07.00. | 30% ramai pada pukul 08.00. | 27% ramai pada pukul 09.00. | 28% ramai pada pukul 10.00. | 29% ramai pada pukul 11.00. | 30% ramai pada pukul 12.00. | 34% ramai pada pukul 13.00. | 30% ramai pada pukul 14.00. | 34% ramai pada pukul 15.00. | 33% ramai pada pukul 16.00. | 36% ramai pada pukul 17.00. | 43% ramai pada pukul 18.00. | 54% ramai pada pukul 19.00. | 69% ramai pada pukul 20.00. | 81% ramai pada pukul 21.00. | 86% ramai pada pukul 22.00. | 76% ramai pada pukul 23.00. | populartimes.popup.show; focus:pane.focusTooltip; blur:pane.blurTooltip; keydown:pane.escapeTooltip""><span class=""google-symbols G47vBd OazX1c"" aria-hidden=""true"" style=""font-size: 18px;""></span></button><div class=""eho6bd"" role=""tooltip"" tabindex=""-1"" jsaction=""blur:pane.wfvdle10.populartimes.popup.hide; keydown:pane.wfvdle10.populartimes.popup.hide"" style=""display: none;""><div class=""G1Ydic""></div><div class=""wLiIdd fontBodySmall"" aria-label=""Berdasarkan kunjungan ke tempat ini.""><span>Berdasarkan kunjungan ke tempat ini.</span></div></div></div><div class=""epArK""></div><button class=""MYZx6c Hk4XGb"" jslog=""18021; track:click;metadata:WyIwYWhVS0V3amZ1N2kxNjhxV0F4VlBpLUVJSGFxY0lyb1E4QmNJQWlnQSJd"" aria-label=""Kembali ke hari sebelumnya"" jsaction=""pane.wfvdle10.populartimes.arrow.left""><span class=""Ups","Jam ramai
Senin | 31% ramai pada pukul 04.00. | 30% ramai pada pukul 05.00. | 29% ramai pada pukul 06.00. | 29% ramai pada pukul 07.00. | 30% ramai pada pukul 08.00. | 27% ramai pada pukul 09.00. | 28% ramai pada pukul 10.00. | 29% ramai pada pukul 11.00. | 30% ramai pada pukul 12.00. | 34% ramai pada pukul 13.00. | 30% ramai pada pukul 14.00. | 34% ramai pada pukul 15.00. | 33% ramai pada pukul 16.00. | 36% ramai pada pukul 17.00. | 43% ramai pada pukul 18.00. | 54% ramai pada pukul 19.00. | 69% ramai pada pukul 20.00. | 81% ramai pada pukul 21.00. | 86% ramai pada pukul 22.00. | 76% ramai pada pukul 23.00. | populartimes.popup.show; focus:pane.focusTooltip; blur:pane.blurTooltip; keydown:pane.escapeTooltip""><span class=""google-symbols G47vBd OazX1c"" aria-hidden=""true"" style=""font-size: 18px;""></span></button><div class=""eho6bd"" role=""tooltip"" tabindex=""-1"" jsaction=""blur:pane.wfvdle10.populartimes.popup.hide; keydown:pane.wfvdle10.populartimes.popup.hide"" style=""display: none;""><div class=""G1Ydic""></div><div class=""wLiIdd fontBodySmall"" aria-label=""Berdasarkan kunjungan ke tempat ini.""><span>Berdasarkan kunjungan ke tempat ini.</span></div></div></div><div class=""epArK""></div><button class=""MYZx6c Hk4XGb"" jslog=""18021; track:click;metadata:WyIwYWhVS0V3amZ1N2kxNjhxV0F4VlBpLUVJSGFxY0lyb1E4QmNJQWlnQSJd"" aria-label=""Kembali ke hari sebelumnya"" jsaction=""pane.wfvdle10.populartimes.arrow.left""><span class=""Ups",True,168.0,True,True,True,2,11c6rh28fm,"https://www.google.com/maps/place/Bascamp+GGS+SAHABAT+UTAMA+CENGKARENG+TIMUR/@-6.152369,106.7413469,17z/data=!3m1!4b1!4m6!3m5!1s0x2e69f7e94a604b11:0xa7c6a015eea72f6d!8m2!3d-6.152369!4d106.7413469!16s%2Fg%2F11c6rh28fm?entry=ttu&g_ep=EgoyMDI2MDgyNi4wIKXMDSoASAFQAw%3D%3D",Jakarta Barat,0.6454545454545454
ruang komunitas,KOPDARAN R15CI @JAKARTA BARAT,Asosiasi/organisasi,"Jl.Panjang Sebrang RS EMC Graha Keodoya, Jl. Panjang, RT.2/RW.5, Kedoya Utara, Kec. Kb. Jeruk, Kota Jakarta Barat, Daerah Khusus Ibukota Jakarta 11520",-6.168329,106.7639102,5.0,4,"Senin: Tutup
Selasa: Tutup
Rabu: Tutup
Kamis: Tutup
Jumat: 20.00–00.00
Sabtu: Tutup
Minggu: Tutup",Tutup,0822-8259-0331,/url?q=https://wa.me/qr/NQWYF7EKLE5SG1&opi=79508299&sa=U&ved=0ahUKEwimvbzJ68qWAxVhkuEIHbroCrAQ61gIFygS&usg=AOvVaw2DOrl-aE9760-Olh8RzW3d,,,"Parkir, Restoran, Bar",3,,,False,4.0,False,True,True,1,11z6qlblv9,"https://www.google.com/maps/place/KOPDARAN+R15CI+@JAKARTA+BARAT/@-6.168329,106.7639102,17z/data=!3m1!4b1!4m6!3m5!1s0x2e69f7ab7910eabf:0xe66ba8b94ac9bf7b!8m2!3d-6.168329!4d106.7639102!16s%2Fg%2F11z6qlblv9?entry=ttu&g_ep=EgoyMDI2MDgyNi4wIKXMDSoASAFQAw%3D%3D",Jakarta Barat,0.06952380952380952
ruang komunitas,Ruang Cerita Jakarta,Kafe,"Blok AV, Jl. Green Ville No.12, RT.7/RW.14, Duri Kepa, Kec. Kb. Jeruk, Kota Jakarta Barat, Daerah Khusus Ibukota Jakarta 11510",-6.1690946,106.7739458,4.6,13,"Senin: 09.00–22.00
Selasa: 09.00–22.00
Rabu: 09.00–22.00
Kamis: 09.00–22.00
Jumat: 09.00–22.00
Sabtu: 09.00–23.00
Minggu: 09.00–23.00",Buka · Tutup pukul 22.00,0819-0608-1668,/url?q=https://www.instagram.com/ceritaruangg%3Figsh%3DMXhreHh4cWxocmFwZw%3D%3D&opi=79508299&sa=U&ved=0ahUKEwi0h-Lc68qWAxUKi-EIHeISJdAQ61gIGygS&usg=AOvVaw3j5lwyim7xtARB0MUMeP8T,·Rp 25–50 rb,Rp 25–50,"Toilet, Restoran, Bar, Ada toilet",4,"Jam ramai
Senin | 0% ramai pada pukul 06.00. | 0% ramai pada pukul 07.00. | 0% ramai pada pukul 08.00. | 23% ramai pada pukul 09.00. | 19% ramai pada pukul 10.00. | 17% ramai pada pukul 11.00. | 25% ramai pada pukul 12.00. | 36% ramai pada pukul 13.00. | 40% ramai pada pukul 14.00. | 44% ramai pada pukul 15.00. | 42% ramai pada pukul 16.00. | 42% ramai pada pukul 17.00. | 38% ramai pada pukul 18.00. | 40% ramai pada pukul 19.00. | 38% ramai pada pukul 20.00. | 46% ramai pada pukul 21.00. | 40% ramai pada pukul 22.00. | 0% ramai pada pukul 23.00. | populartimes.popup.show; focus:pane.focusTooltip; blur:pane.blurTooltip; keydown:pane.escapeTooltip""><span class=""google-symbols G47vBd OazX1c"" aria-hidden=""true"" style=""font-size: 18px;""></span></button><div class=""eho6bd"" role=""tooltip"" tabindex=""-1"" jsaction=""blur:pane.wfvdle10.populartimes.popup.hide; keydown:pane.wfvdle10.populartimes.popup.hide"" style=""display: none;""><div class=""G1Ydic""></div><div class=""wLiIdd fontBodySmall"" aria-label=""Berdasarkan kunjungan ke tempat ini.""><span>Berdasarkan kunjungan ke tempat ini.</span></div></div></div><div class=""epArK""></div><button class=""MYZx6c Hk4XGb"" jslog=""18021; track:click;metadata:WyIwYWhVS0V3aTBoLUxjNjhxV0F4VUtpLUVJSGVJU0pkQVE4QmNJQWlnQSJd"" aria-label=""Kembali ke hari sebelumnya"" jsaction=""pane.wfvdle10.populartimes.arrow.left""><span class=""Ups","Jam ramai
Senin | 0% ramai pada pukul 06.00. | 0% ramai pada pukul 07.00. | 0% ramai pada pukul 08.00. | 23% ramai pada pukul 09.00. | 19% ramai pada pukul 10.00. | 17% ramai pada pukul 11.00. | 25% ramai pada pukul 12.00. | 36% ramai pada pukul 13.00. | 40% ramai pada pukul 14.00. | 44% ramai pada pukul 15.00. | 42% ramai pada pukul 16.00. | 42% ramai pada pukul 17.00. | 38% ramai pada pukul 18.00. | 40% ramai pada pukul 19.00. | 38% ramai pada pukul 20.00. | 46% ramai pada pukul 21.00. | 40% ramai pada pukul 22.00. | 0% ramai pada pukul 23.00. | populartimes.popup.show; focus:pane.focusTooltip; blur:pane.blurTooltip; keydown:pane.escapeTooltip""><span class=""google-symbols G47vBd OazX1c"" aria-hidden=""true"" style=""font-size: 18px;""></span></button><div class=""eho6bd"" role=""tooltip"" tabindex=""-1"" jsaction=""blur:pane.wfvdle10.populartimes.popup.hide; keydown:pane.wfvdle10.populartimes.popup.hide"" style=""display: none;""><div class=""G1Ydic""></div><div class=""wLiIdd fontBodySmall"" aria-label=""Berdasarkan kunjungan ke tempat ini.""><span>Berdasarkan kunjungan ke tempat ini.</span></div></div></div><div class=""epArK""></div><button class=""MYZx6c Hk4XGb"" jslog=""18021; track:click;metadata:WyIwYWhVS0V3aTBoLUxjNjhxV0F4VUtpLUVJSGVJU0pkQVE4QmNJQWlnQSJd"" aria-label=""Kembali ke hari sebelumnya"" jsaction=""pane.wfvdle10.populartimes.arrow.left""><span class=""Ups",True,93.0,False,True,True,1,11yr4gxzff,"https://www.google.com/maps/place/Ruang+Cerita+Jakarta/@-6.1690946,106.7739458,17z/data=!3m1!4b1!4m6!3m5!1s0x2e69f70049c404f9:0x81fdfd760fd990ef!8m2!3d-6.1690946!4d106.7739458!16s%2Fg%2F11yr4gxzff?entry=ttu&g_ep=EgoyMDI2MDgyNi4wIKXMDSoASAFQAw%3D%3D",Jakarta Barat,0.36285714285714293
ruang komunitas,Ruang Bicara,Asosiasi/organisasi,"Grha Mp, Jl. Kemanggisan Ilir Raya No.23, RT.3/RW.8, Slipi, Kec. Palmerah, Kota Jakarta Barat, Daerah Khusus Ibukota Jakarta 11480",-6.1866229,106.789501,5.0,2,,,0811-2222-5256,/url?q=http://ruangbicara.co.id/&opi=79508299&sa=U&ved=0ahUKEwi2keLw68qWAxWAkOEIHaEQFnYQ61gIFygS&usg=AOvVaw0tIai-j4JjBgJ5RvnfupMH,,,"Parkir, Restoran, Bar",3,,,False,0.0,False,False,False,1,11vdjl_bgx,"https://www.google.com/maps/place/Ruang+Bicara/@-6.1866229,106.789501,17z/data=!3m1!4b1!4m6!3m5!1s0x2e69f730b795d621:0x456f18ed91c6e1d6!8m2!3d-6.1866229!4d106.789501!16s%2Fg%2F11vdjl_bgx?entry=ttu&g_ep=EgoyMDI2MDgyNi4wIKXMDSoASAFQAw%3D%3D",Jakarta Barat,0.09999999999999999
ruang komunitas,Kijang happy,Asosiasi/organisasi,"RQ7H+583, Jl. Arjuna Sel., RT.1/RW.12, Kb. Jeruk, Kec. Kb. Jeruk, Kota Jakarta Barat, Daerah Khusus Ibukota Jakarta 11530",-6.1871087,106.7783064,4.2,6,,,000000014901161,,,,"Parkir, Restoran, Bar",3,,,False,0.0,False,False,False,1,11vx23x6rs,"https://www.google.com/maps/place/Kijang+happy/@-6.1871087,106.7783064,17z/data=!3m1!4b1!4m6!3m5!1s0x2e69f70028f25cf3:0xa58529cd7cfcaae1!8m2!3d-6.1871087!4d106.7783064!16s%2Fg%2F11vx23x6rs?entry=ttu&g_ep=EgoyMDI2MDgyNi4wIKXMDSoASAFQAw%3D%3D",Jakarta Barat,0.2828571428571428
ruang komunitas,Komunitas Sahabat UMKM,Asosiasi/organisasi,"Jl. Cideng Timur No.76, RT.4/RW.4, Petojo Sel., Kecamatan Gambir, Kota Jakarta Pusat, Daerah Khusus Ibukota Jakarta 10160",-6.1772344,106.8126777,4.7,40,"Senin: 09.00–16.00
Selasa: 09.00–16.00
Rabu: 09.00–16.00
Kamis: 09.00–16.00
Jumat: 09.00–16.00
Sabtu: Tutup
Minggu: Tutup",Tutup,0858-4642-8346,/url?q=http://www.sahabatumkm.id/&opi=79508299&sa=U&ved=0ahUKEwjy8s6X7MqWAxVqiuEIHb7OBZwQ61gIFygS&usg=AOvVaw05_d2AEE1Nw7Pa2WWgicqs,,,"Parkir, AC, Restoran, Bar",4,,,False,35.0,False,True,True,2,11fhwtx_wf,"https://www.google.com/maps/place/Komunitas+Sahabat+UMKM/@-6.1772344,106.8126777,17z/data=!3m1!4b1!4m6!3m5!1s0x2e69f7e62f046ea9:0x9686193169b49022!8m2!3d-6.1772344!4d106.8126777!16s%2Fg%2F11fhwtx_wf?entry=ttu&g_ep=EgoyMDI2MDgyNi4wIKXMDSoASAFQAw%3D%3D",Jakarta Pusat,0.180650406504065
ruang kampus,Universitas Esa Unggul Kampus Jakarta,Universitas Swasta,"Jl. Arjuna Utara No.9, RT.1/RW.2, Duri Kepa, Kec. Kb. Jeruk, Kota Jakarta Barat, Daerah Khusus Ibukota Jakarta 11510",-6.1858371,106.7790429,4.6,1868,"Senin: 09.00–17.00
Selasa: 09.00–17.00
Rabu: 09.00–17.00
Kamis: 09.00–17.00
Jumat: 09.00–17.00
Sabtu: 09.00–17.00
Minggu: Tutup",Tutup,021) 39529950,/url?q=https://pendaftaran.esaunggul.ac.id/&opi=79508299&sa=U&ved=0ahUKEwjly67V7MqWAxXB4zgGHcHFCZoQ61gIFygS&usg=AOvVaw1m3_AwWhGbjeWQmW1-MOeW,· $,,"Parkir, Toilet, Kursi roda, Restoran, Bar, Memiliki kursi khusus pengguna kursi roda, Memiliki pintu masuk khusus pengguna kursi roda, Memiliki tempat parkir khusus pengguna kursi roda, Ada toilet khusus pengguna kursi roda",9,,,False,48.0,False,True,True,3,1223q9v6,"https://www.google.com/maps/place/Universitas+Esa+Unggul+Kampus+Jakarta/@-6.1858371,106.7790429,17z/data=!3m1!4b1!4m6!3m5!1s0x2e69f6fa7ad2e539:0xf4631ccaa3f56416!8m2!3d-6.1858371!4d106.7790429!16s%2Fg%2F1223q9v6?entry=ttu&g_ep=EgoyMDI2MDgyNi4wIKXMDSoASAFQAw%3D%3D",Jakarta Barat,0.23444622792937408
ruang kampus,Universitas Dian Nusantara Kampus Tanjung Duren,Universitas,"Jl. Tj. Duren Bar. 2 No.1, RT.1/RW.5, Tj. Duren Utara, Kec. Grogol petamburan, Kota Jakarta Barat, Daerah Khusus Ibukota Jakarta 11470",-6.1757355,106.7832264,4.8,1035,"Senin: 08.00–16.00
Selasa: 08.00–16.00
Rabu: 08.00–16.00
Kamis: 08.00–16.00
Jumat: 08.00–16.00
Sabtu: 08.00–14.00
Minggu: Tutup",Tutup,021) 21194454,/url?q=https://undira.ac.id/&opi=79508299&sa=U&ved=0ahUKEwj94eHp7MqWAxWBwjgGHfXFELcQ61gIFygS&usg=AOvVaw3UYnMuJT_ikMdGz_B-gyNO,,,"Parkir, Kursi roda, Restoran, Bar, Memiliki pintu masuk khusus pengguna kursi roda, Memiliki tempat parkir khusus pengguna kursi roda",6,,,False,46.0,False,True,True,2,11trf9m_cc,"https://www.google.com/maps/place/Universitas+Dian+Nusantara+Kampus+Tanjung+Duren/@-6.1757355,106.7832264,17z/data=!3m1!4b1!4m6!3m5!1s0x2e69f7c264998871:0x25224ba2f2443f47!8m2!3d-6.1757355!4d106.7832264!16s%2Fg%2F11trf9m_cc?entry=ttu&g_ep=EgoyMDI2MDgyNi4wIKXMDSoASAFQAw%3D%3D",Jakarta Barat,0.16981338481338487
ruang kampus,Universitas Dian Nusantara Kampus Greenville,Institusi Pendidikan,"Jl. Mangga 14 No.6, RT.6/RW.3, Duri Kepa, Kec. Kb. Jeruk, Kota Jakarta Barat, Daerah Khusus Ibukota Jakarta 11510",-6.17241,106.773286,4.9,167,"Senin: 08.00–16.00
Selasa: 08.00–16.00
Rabu: 08.00–16.00
Kamis: 08.00–16.00
Jumat: 08.00–16.00
Sabtu: 08.00–14.00
Minggu: Tutup",Tutup,0812-8770-2769,/url?q=https://undira.ac.id/&opi=79508299&sa=U&ved=0ahUKEwjfifr97MqWAxXQ3jgGHTsiM7AQ61gIFygS&usg=AOvVaw0qMoXhC8tucR9nm9Zg0KRr,,,"Parkir, Kursi roda, Restoran, Bar, Memiliki pintu masuk khusus pengguna kursi roda",5,,,False,46.0,False,True,True,2,11rj4hgs5h,"https://www.google.com/maps/place/Universitas+Dian+Nusantara+Kampus+Greenville/@-6.17241,106.773286,17z/data=!3m1!4b1!4m6!3m5!1s0x2e69f772e0df8317:0x90c4b7a479aec64c!8m2!3d-6.17241!4d106.773286!16s%2Fg%2F11rj4hgs5h?entry=ttu&g_ep=EgoyMDI2MDgyNi4wIKXMDSoASAFQAw%3D%3D",Jakarta Barat,0.14130952380952372
ruang kampus,Universitas Satyagama Jakarta Barat,Universitas,"Jl. Kamal Raya No.2A, RT.6/RW.8, Cengkareng Tim., Kecamatan Cengkareng, Kota Jakarta Barat, Daerah Khusus Ibukota Jakarta 11730",-6.1434886,106.7308199,4.1,124,"Senin: 07.00–19.00
Selasa: 07.00–19.30
Rabu: 07.00–19.00
Kamis: 07.00–19.00
Jumat: 07.00–19.00
Sabtu: 07.00–19.00
Minggu: Tutup",Tutup,021) 5452377,/url?q=https://www.satyagama.ac.id/&opi=79508299&sa=U&ved=0ahUKEwiFzeyR7cqWAxVb1TgGHR22EIoQ61gIFygS&usg=AOvVaw3k-8SpfXla7Hrsvty9x7PP,,,"Parkir, Restoran, Bar",3,,,False,72.5,False,True,True,1,1hc0hlyqq,"https://www.google.com/maps/place/Universitas+Satyagama+Jakarta+Barat/@-6.1434886,106.7308199,17z/data=!3m1!4b1!4m6!3m5!1s0x2e69f3bf625fce9f:0x666d9fa5907f44fd!8m2!3d-6.1434886!4d106.7308199!16s%2Fg%2F1hc0hlyqq?entry=ttu&g_ep=EgoyMDI2MDgyNi4wIKXMDSoASAFQAw%3D%3D",Jakarta Barat,0.4450190476190477
ruang kampus,Universitas Trisakti,Universitas Swasta,"Jl. Letjen S. Parman No.1, RT.6/RW.16, Grogol, Kec. Grogol petamburan, Kota Jakarta Barat, Daerah Khusus Ibukota Jakarta 11440",-6.1682748,106.7892412,4.5,1625,Minggu: lalu,buka,021) 5663232,/url?q=https://trisakti.ac.id/&opi=79508299&sa=U&ved=0ahUKEwjB1ail7cqWAxWS9DgGHST_ESQQ61gIFygS&usg=AOvVaw2H9LUScX2CXx7Bxh64xvNx,,,"Parkir, Kursi roda, Restoran, Bar, Memiliki pintu masuk khusus pengguna kursi roda, Memiliki tempat parkir khusus pengguna kursi roda, Tersedia layanan di tempat",7,,,False,0.0,False,False,False,2,0x2e69f65cb460416b,"https://www.google.com/maps/place/Universitas+Trisakti/@-6.1682748,106.7892412,17z/data=!3m1!4b1!4m6!3m5!1s0x2e69f65cb460416b:0x9e6e30cd9313eeb4!8m2!3d-6.1682748!4d106.7892412!16zL20vMGJmbHF2?entry=ttu&g_ep=EgoyMDI2MDgyNi4wIKXMDSoASAFQAw%3D%3D",Jakarta Barat,0.15018450184501844
ruang kampus,Universitas Mpu Tantular Kampus B,Universitas Swasta,"RQ84+9CG, No. Kebon Jeruk, Jl. Puri Kembangan, RT.9/RW.5, Kedoya Sel., Jakarta Barat, Kota Jakarta Barat, Daerah Khusus Ibukota Jakarta 11520",-6.1840594,106.7560764,4.3,51,"Senin: 08.00–21.00
Selasa: 08.00–21.00
Rabu: 08.00–21.00
Kamis: 08.00–21.00
Jumat: 08.00–21.00
Sabtu: 08.00–18.00
Minggu: Tutup",Tutup,021) 5819779,/url?q=http://www.mputantular.ac.id/&opi=79508299&sa=U&ved=0ahUKEwiXyae57cqWAxV8hGMGHS97KOkQ61gIFigR&usg=AOvVaw3fwPXes67PuThTVUWgkknz,,,"Parkir, Restoran, Bar",3,,,False,75.0,False,True,True,1,122h0lv7,"https://www.google.com/maps/place/Universitas+Mpu+Tantular+Kampus+B/@-6.1840594,106.7560764,17z/data=!3m1!4b1!4m6!3m5!1s0x2e69f7083c758e25:0x9c6a503bae30335d!8m2!3d-6.1840594!4d106.7560764!16s%2Fg%2F122h0lv7?entry=ttu&g_ep=EgoyMDI2MDgyNi4wIKXMDSoASAFQAw%3D%3D",Jakarta Barat,0.3943406593406594
ruang kampus,Universitas Bina Sarana Informatika Kampus Cengkareng (UBSI Cengkareng),Universitas,"Jl. Kamal Raya No.18, RT.6/RW.3, Cengkareng Tim., Kecamatan Cengkareng, Kota Jakarta Barat, Daerah Khusus Ibukota Jakarta 11730",-6.1480208,106.7273266,4.9,584,"Senin: 07.30–21.15
Selasa: 07.30–21.15
Rabu: 07.30–21.15
Kamis: 07.30–21.15
Jumat: 07.30–21.15
Sabtu: 08.00–17.00
Minggu: Tutup",Tutup,021) 54376398,/url?q=http://www.bsi.ac.id/&opi=79508299&sa=U&ved=0ahUKEwiO-Z3N7cqWAxWd4DgGHfjSH98Q61gIFygS&usg=AOvVaw3Xw1M-Gdi89DxjYllM7NER,,,"Parkir, Kursi roda, Restoran, Bar, Tidak memiliki tempat parkir khusus pengguna kursi roda",5,,,False,77.8,False,True,True,2,1tdkz_07,"https://www.google.com/maps/place/Universitas+Bina+Sarana+Informatika+Kampus+Cengkareng+(UBSI+Cengkareng)/@-6.1480208,106.7273266,17z/data=!3m1!4b1!4m6!3m5!1s0x2e69f7f961c04f65:0x91667efd0496a1cd!8m2!3d-6.1480208!4d106.7273266!16s%2Fg%2F1tdkz_07?entry=ttu&g_ep=EgoyMDI2MDgyNi4wIKXMDSoASAFQAw%3D%3D",Jakarta Barat,0.21575091575091562
ruang kampus,Universitas Tarumanagara,Universitas Swasta,"Jl. Letjen S. Parman No.1, RT.6/RW.16, Tomang, Kec. Grogol petamburan, Kota Jakarta Barat, Daerah Khusus Ibukota Jakarta 11440",-6.1691793,106.7895017,4.5,1418,"Senin: 08.00–17.00
Selasa: 08.00–17.00
Rabu: 08.00–17.00
Kamis: 08.00–17.00
Jumat: 08.00–17.00
Sabtu: 09.00–14.00
Minggu: Tutup",Tutup,021) 56958723,/url?q=http://untar.ac.id/&opi=79508299&sa=U&ved=0ahUKEwiH04Th7cqWAxXLyDgGHX_9DcIQ61gIFygS&usg=AOvVaw0c6ftT26ytOVOFDsPzLJLU,· $$,,"Parkir, Kursi roda, Restoran, Bar, Memiliki pintu masuk khusus pengguna kursi roda, Memiliki tempat parkir khusus pengguna kursi roda",6,,,False,50.0,False,True,True,2,1v387bls,"https://www.google.com/maps/place/Universitas+Tarumanagara/@-6.1691793,106.7895017,17z/data=!3m1!4b1!4m6!3m5!1s0x2e69f65c8572640d:0xc0a066d78372614e!8m2!3d-6.1691793!4d106.7895017!16s%2Fg%2F1v387bls?entry=ttu&g_ep=EgoyMDI2MDgyNi4wIKXMDSoASAFQAw%3D%3D",Jakarta Barat,0.2692590355381053
area komunal,IPAL KOMUNAL rawa Melati Mandiri,Fasilitas Pengolahan Air Limbah,"RW No.3 3, RT.3/RW.1, Tegal Alur, Kec. Kalideres, Kota Jakarta Barat, Daerah Khusus Ibukota Jakarta 11820",-6.103098,106.7160999,5.0,1,,,000000014901161,,,,"Parkir, Restoran, Bar",3,,,False,0.0,False,False,False,1,11f15kc9kw,https://www.google.com/maps/place/IPAL+KOMUNAL+rawa+Melati+Mandiri/data=!4m7!3m6!1s0x2e6a02d6b5f5a407:0xe7edad5885d6fffe!8m2!3d-6.103098!4d106.7160999!16s%2Fg%2F11f15kc9kw!19sChIJB6T1tdYCai4R_v_WhVit7ec,Jakarta Barat,0.15
area komunal,IPAL Komunal 1 Duri Utara,Kamar Mandi Umum,"14, RT.14/RW.2, North Duri, Tambora, West Jakarta City, Jakarta 11270",-6.1537929,106.8059288,5.0,1,,,000000014901161,,,,"Parkir, Toilet, Restoran, Bar, Toilet·Bintang 5,0·1 ulasan·Kamar Mandi Umum, Public Toilet·Bintang 5,0·3 ulasan·Kamar Mandi Umum, TEMPAT BEOL FARHAN DAN FAISAL·Bintang 0,0·Toilet Umum Pria",7,,,False,0.0,False,False,False,2,11sx5fkgpl,"https://www.google.com/maps/place/IPAL+Komunal+1+Duri+Utara/@-6.1537929,106.8059288,17z/data=!3m1!4b1!4m6!3m5!1s0x2e69f75920786f8d:0x2b08fc8c344aa8b0!8m2!3d-6.1537929!4d106.8059288!16s%2Fg%2F11sx5fkgpl?entry=ttu&g_ep=EgoyMDI2MDgyNi4wIKXMDSoASAFQAw%3D%3D",Jakarta Barat,0.15
area komunal,TMB Pulir,Taman bermain,"1, RT.1/RW.8, Duri Kosambi, Kecamatan Cengkareng, Kota Jakarta Barat, Daerah Khusus Ibukota Jakarta 11750",-6.1832002,106.7179587,4.1,14,Senin: 06,,000000014901161,,,,"Parkir, Restoran, Bar",3,"Jam ramai
Senin | 35% ramai pada pukul 04.00. | 50% ramai pada pukul 05.00. | 50% ramai pada pukul 06.00. | 57% ramai pada pukul 07.00. | 57% ramai pada pukul 08.00. | 50% ramai pada pukul 09.00. | 35% ramai pada pukul 10.00. | 57% ramai pada pukul 11.00. | 57% ramai pada pukul 12.00. | 78% ramai pada pukul 13.00. | 85% ramai pada pukul 14.00. | 78% ramai pada pukul 15.00. | 64% ramai pada pukul 16.00. | 64% ramai pada pukul 17.00. | 50% ramai pada pukul 18.00. | 64% ramai pada pukul 19.00. | 64% ramai pada pukul 20.00. | 64% ramai pada pukul 21.00. | 71% ramai pada pukul 22.00. | 57% ramai pada pukul 23.00. | populartimes.popup.show; focus:pane.focusTooltip; blur:pane.blurTooltip; keydown:pane.escapeTooltip""><span class=""google-symbols G47vBd OazX1c"" aria-hidden=""true"" style=""font-size: 18px;""></span></button><div class=""eho6bd"" role=""tooltip"" tabindex=""-1"" jsaction=""blur:pane.wfvdle10.populartimes.popup.hide; keydown:pane.wfvdle10.populartimes.popup.hide"" style=""display: none;""><div class=""G1Ydic""></div><div class=""wLiIdd fontBodySmall"" aria-label=""Berdasarkan kunjungan ke tempat ini.""><span>Berdasarkan kunjungan ke tempat ini.</span></div></div></div><div class=""epArK""></div><button class=""MYZx6c Hk4XGb"" jslog=""18021; track:click;metadata:WyIwYWhVS0V3aWRncWljN3NxV0F4VjB6VGdHSGRHOU5ma1E4QmNJQWlnQSJd"" aria-label=""Kembali ke hari sebelumnya"" jsaction=""pane.wfvdle10.populartimes.arrow.left""><span class=""Ups","Jam ramai
Senin | 35% ramai pada pukul 04.00. | 50% ramai pada pukul 05.00. | 50% ramai pada pukul 06.00. | 57% ramai pada pukul 07.00. | 57% ramai pada pukul 08.00. | 50% ramai pada pukul 09.00. | 35% ramai pada pukul 10.00. | 57% ramai pada pukul 11.00. | 57% ramai pada pukul 12.00. | 78% ramai pada pukul 13.00. | 85% ramai pada pukul 14.00. | 78% ramai pada pukul 15.00. | 64% ramai pada pukul 16.00. | 64% ramai pada pukul 17.00. | 50% ramai pada pukul 18.00. | 64% ramai pada pukul 19.00. | 64% ramai pada pukul 20.00. | 64% ramai pada pukul 21.00. | 71% ramai pada pukul 22.00. | 57% ramai pada pukul 23.00. | populartimes.popup.show; focus:pane.focusTooltip; blur:pane.blurTooltip; keydown:pane.escapeTooltip""><span class=""google-symbols G47vBd OazX1c"" aria-hidden=""true"" style=""font-size: 18px;""></span></button><div class=""eho6bd"" role=""tooltip"" tabindex=""-1"" jsaction=""blur:pane.wfvdle10.populartimes.popup.hide; keydown:pane.wfvdle10.populartimes.popup.hide"" style=""display: none;""><div class=""G1Ydic""></div><div class=""wLiIdd fontBodySmall"" aria-label=""Berdasarkan kunjungan ke tempat ini.""><span>Berdasarkan kunjungan ke tempat ini.</span></div></div></div><div class=""epArK""></div><button class=""MYZx6c Hk4XGb"" jslog=""18021; track:click;metadata:WyIwYWhVS0V3aWRncWljN3NxV0F4VjB6VGdHSGRHOU5ma1E4QmNJQWlnQSJd"" aria-label=""Kembali ke hari sebelumnya"" jsaction=""pane.wfvdle10.populartimes.arrow.left""><span class=""Ups",True,0.0,False,False,False,1,11sg2lmm2n,"https://www.google.com/maps/place/TMB+Pulir/@-6.1832002,106.7179587,17z/data=!3m1!4b1!4m6!3m5!1s0x2e69f9b0c6ec6e09:0x81b9a25e3ebc8a26!8m2!3d-6.1832002!4d106.7179587!16s%2Fg%2F11sg2lmm2n?entry=ttu&g_ep=EgoyMDI2MDgyNi4wIKXMDSoASAFQAw%3D%3D",Jakarta Barat,0.2900000000000001
area komunal,Jakarta Barat Wall Climbing Park,Panjat Tebing,"Jl. Cendrawasih X No.1 1, RT.6/RW.6, Cengkareng Bar., Kecamatan Cengkareng, Kota Jakarta Barat, Daerah Khusus Ibukota Jakarta 11730",-6.143716,106.720879,5.0,12,"Senin: 14.00–20.00
Selasa: 14.00–20.00
Rabu: 14.00–20.00
Kamis: 14.00–20.00
Jumat: Tutup
Sabtu: 10.00–21.00
Minggu: 10.00–21.00",Tutup,000000014901161,,,,"Parkir, AC, Restoran, Bar",4,,,False,46.0,False,True,True,2,11jcw7t0cb,"https://www.google.com/maps/place/Jakarta+Barat+Wall+Climbing+Park/@-6.143716,106.720879,17z/data=!3m1!4b1!4m6!3m5!1s0x2e69f9de1e01bb7d:0x24d98f3273754ef7!8m2!3d-6.143716!4d106.720879!16s%2Fg%2F11jcw7t0cb?entry=ttu&g_ep=EgoyMDI2MDgyNi4wIKXMDSoASAFQAw%3D%3D",Jakarta Barat,0.13260073260073263
area komunal,lokasi,Perancang Acara,"Jl. Jelambar Utama Sakti VIII No.16 9, RT.9/RW.7, Wijaya Kusuma, Kec. Grogol petamburan, Kota Jakarta Barat, Daerah Khusus Ibukota Jakarta 11460",-6.153049,106.7774701,1.0,1,,,000000014901161,,,,"Parkir, Restoran, Bar",3,,,False,0.0,False,False,False,1,11vqhzz0bf,https://www.google.com/maps/place/lokasi/data=!4m7!3m6!1s0x2e69f7006f1e82a5:0xb8fbb94528ae21ff!8m2!3d-6.153049!4d106.7774701!16s%2Fg%2F11vqhzz0bf!19sChIJpYIebwD3aS4R_yGuKEW5-7g,Jakarta Barat,1.3499999999999999
area komunal,Rumah pompa green garden,Kantor Pemerintah,"No.60 KM 10, Jl. Daan Mogot, RT.15/RW.2, Kedaung Kali Angke, Kecamatan Cengkareng, Kota Jakarta Barat, Daerah Khusus Ibukota Jakarta 11710",-6.1586778,106.7605116,4.5,2,,,000000014901161,,,,"Parkir, Restoran, Bar",3,,,False,0.0,False,False,False,1,11vwhls3sg,"https://www.google.com/maps/place/Rumah+pompa+green+garden/@-6.1586778,106.7605116,17z/data=!3m1!4b1!4m6!3m5!1s0x2e69f70014a1c625:0xef895eb9f9fa0e6!8m2!3d-6.1586778!4d106.7605116!16s%2Fg%2F11vwhls3sg?entry=ttu&g_ep=EgoyMDI2MDgyNi4wIKXMDSoASAFQAw%3D%3D",Jakarta Barat,0.25
area komunal,Komunal Sunter,Restoran Indonesia,"VV4F+RCP, Jl. Agung Indah 3, RT.15/RW.16, Sunter Agung, Kec. Tj. Priok, Jkt Utara, Daerah Khusus Ibukota Jakarta 14350",-6.1429046,106.8735637,4.6,77,,,000000014901161,,·Rp 25–50 rb,Rp 25–50,"Parkir, Toilet, Restoran, Bar, Ada toilet, Banyak tempat parkir, Parkir di jalan berbayar",7,,,False,0.0,False,False,False,2,11x34dlpvg,"https://www.google.com/maps/place/Komunal+Sunter/@-6.1429046,106.8735637,17z/data=!3m1!4b1!4m6!3m5!1s0x2e69f5003cc88887:0x4d6129293ee2106a!8m2!3d-6.1429046!4d106.8735637!16s%2Fg%2F11x34dlpvg?entry=ttu&g_ep=EgoyMDI2MDgyNi4wIKXMDSoASAFQAw%3D%3D",Jakarta Pusat,0.12384615384615395
area komunal,Komunal Cafe,Kedai Kopi,"Jl. Jenderal Basuki Rachmat No.116 2, RT.2/RW.3, Pd. Bambu, Kec. Duren Sawit, Kota Jakarta Timur, Daerah Khusus Ibukota Jakarta 13430",-6.2294403,106.8938288,4.4,81,"Senin: 10.00–00.00
Selasa: 10.00–00.00
Rabu: 12.00–00.00
Kamis: 10.00–00.00
Jumat: 10.00–00.00
Sabtu: 10.00–00.00
Minggu: 08.30–00.00",Buka · Tutup pukul 00.00,0856-9265-9970,/url?q=https://www.zomato.com/id/jakarta/kedai-komunal-jatinegara&opi=79508299&sa=U&ved=0ahUKEwiqorv-7sqWAxUfyDgGHdVrLSMQ61gIHSgS&usg=AOvVaw1Wg-CCX7SA9ljbEZIl2cGu,·Rp 25–100 rb,Rp 25–100,"Parkir, Toilet, Parkir gratis, Reservasi, Restoran, Bar, Menyediakan layanan pesan tempat, Ada toilet, Ada toilet netral gender, Menerima reservasi, Tempat parkir gratis",11,"Jam ramai
Senin | 0% ramai pada pukul 06.00. | 0% ramai pada pukul 07.00. | 32% ramai pada pukul 08.00. | 35% ramai pada pukul 09.00. | 41% ramai pada pukul 10.00. | 44% ramai pada pukul 11.00. | 52% ramai pada pukul 12.00. | 52% ramai pada pukul 13.00. | 50% ramai pada pukul 14.00. | 61% ramai pada pukul 15.00. | 73% ramai pada pukul 16.00. | 79% ramai pada pukul 17.00. | 85% ramai pada pukul 18.00. | 88% ramai pada pukul 19.00. | 94% ramai pada pukul 20.00. | 94% ramai pada pukul 21.00. | 91% ramai pada pukul 22.00. | 61% ramai pada pukul 23.00. | populartimes.popup.show; focus:pane.focusTooltip; blur:pane.blurTooltip; keydown:pane.escapeTooltip""><span class=""google-symbols G47vBd OazX1c"" aria-hidden=""true"" style=""font-size: 18px;""></span></button><div class=""eho6bd"" role=""tooltip"" tabindex=""-1"" jsaction=""blur:pane.wfvdle10.populartimes.popup.hide; keydown:pane.wfvdle10.populartimes.popup.hide"" style=""display: none;""><div class=""G1Ydic""></div><div class=""wLiIdd fontBodySmall"" aria-label=""Berdasarkan kunjungan ke tempat ini.""><span>Berdasarkan kunjungan ke tempat ini.</span></div></div></div><div class=""epArK""></div><button class=""MYZx6c Hk4XGb"" jslog=""18021; track:click;metadata:WyIwYWhVS0V3aXFvcnYtN3NxV0F4VWZ5RGdHSGRWckxTTVE4QmNJQWlnQSJd"" aria-label=""Kembali ke hari sebelumnya"" jsaction=""pane.wfvdle10.populartimes.arrow.left""><span class=""Ups","Jam ramai
Senin | 0% ramai pada pukul 06.00. | 0% ramai pada pukul 07.00. | 32% ramai pada pukul 08.00. | 35% ramai pada pukul 09.00. | 41% ramai pada pukul 10.00. | 44% ramai pada pukul 11.00. | 52% ramai pada pukul 12.00. | 52% ramai pada pukul 13.00. | 50% ramai pada pukul 14.00. | 61% ramai pada pukul 15.00. | 73% ramai pada pukul 16.00. | 79% ramai pada pukul 17.00. | 85% ramai pada pukul 18.00. | 88% ramai pada pukul 19.00. | 94% ramai pada pukul 20.00. | 94% ramai pada pukul 21.00. | 91% ramai pada pukul 22.00. | 61% ramai pada pukul 23.00. | populartimes.popup.show; focus:pane.focusTooltip; blur:pane.blurTooltip; keydown:pane.escapeTooltip""><span class=""google-symbols G47vBd OazX1c"" aria-hidden=""true"" style=""font-size: 18px;""></span></button><div class=""eho6bd"" role=""tooltip"" tabindex=""-1"" jsaction=""blur:pane.wfvdle10.populartimes.popup.hide; keydown:pane.wfvdle10.populartimes.popup.hide"" style=""display: none;""><div class=""G1Ydic""></div><div class=""wLiIdd fontBodySmall"" aria-label=""Berdasarkan kunjungan ke tempat ini.""><span>Berdasarkan kunjungan ke tempat ini.</span></div></div></div><div class=""epArK""></div><button class=""MYZx6c Hk4XGb"" jslog=""18021; track:click;metadata:WyIwYWhVS0V3aXFvcnYtN3NxV0F4VWZ5RGdHSGRWckxTTVE4QmNJQWlnQSJd"" aria-label=""Kembali ke hari sebelumnya"" jsaction=""pane.wfvdle10.populartimes.arrow.left""><span class=""Ups",True,97.5,False,True,True,2,11fj48t4nr,"https://www.google.com/maps/place/Komunal+Cafe/@-6.2294403,106.8938288,17z/data=!3m1!4b1!4m6!3m5!1s0x2e69f34e005398f7:0x74fea4b713e8dec6!8m2!3d-6.2294403!4d106.8938288!16s%2Fg%2F11fj48t4nr?entry=ttu&g_ep=EgoyMDI2MDgyNi4wIKXMDSoASAFQAw%3D%3D",Jakarta Pusat,0.4158013937282229
balai warga,BALAI WARGA,Tempat Parkir,"Jl. Klingkit No.12, RT.12/RW.11, Rw. Buaya, Kecamatan Cengkareng, Kota Jakarta Barat, Daerah Khusus Ibukota Jakarta 11740",-6.1632391,106.7437363,4.0,4,,,000000014901161,,,,"Parkir, Restoran, Bar, Jakarta barat well·Bintang 0,0·Tempat Parkir",4,,,False,0.0,False,False,False,1,11k3r4v65b,"https://www.google.com/maps/place/BALAI+WARGA/@-6.1632391,106.7437363,17z/data=!3m1!4b1!4m6!3m5!1s0x2e69f7a408554063:0xa4868e6afb620b56!8m2!3d-6.1632391!4d106.7437363!16s%2Fg%2F11k3r4v65b?entry=ttu&g_ep=EgoyMDI2MDgyNi4wIKXMDSoASAFQAw%3D%3D",Jakarta Barat,0.36
balai warga,Balai warga RT 1 RW 14,Balai masyarakat,"VP5R+926, Jl. Bakti Jl. Pedongkelan Belakang, RT.1/RW.14, Cengkareng Tim., Kecamatan Cengkareng, Kota Jakarta Barat, Daerah Khusus Ibukota Jakarta 11730",-6.141586,106.7400094,5.0,12,"Senin: Buka 24 jam
Selasa: Buka 24 jam
Rabu: Buka 24 jam
Kamis: Buka 24 jam
Jumat: Buka 24 jam
Sabtu: Buka 24 jam
Minggu: Buka 24 jam",Buka 24 jam,000000014901161,,,,"Parkir, Restoran, Bar",3,"Jam ramai
Senin | 32% ramai pada pukul 04.00. | 31% ramai pada pukul 05.00. | 37% ramai pada pukul 06.00. | 46% ramai pada pukul 07.00. | 51% ramai pada pukul 08.00. | 54% ramai pada pukul 09.00. | 59% ramai pada pukul 10.00. | 59% ramai pada pukul 11.00. | 53% ramai pada pukul 12.00. | 43% ramai pada pukul 13.00. | 43% ramai pada pukul 14.00. | 42% ramai pada pukul 15.00. | 48% ramai pada pukul 16.00. | 54% ramai pada pukul 17.00. | 59% ramai pada pukul 18.00. | 70% ramai pada pukul 19.00. | 75% ramai pada pukul 20.00. | 89% ramai pada pukul 21.00. | 100% ramai pada pukul 22.00. | 100% ramai pada pukul 23.00. | populartimes.popup.show; focus:pane.focusTooltip; blur:pane.blurTooltip; keydown:pane.escapeTooltip""><span class=""google-symbols G47vBd OazX1c"" aria-hidden=""true"" style=""font-size: 18px;""></span></button><div class=""eho6bd"" role=""tooltip"" tabindex=""-1"" jsaction=""blur:pane.wfvdle10.populartimes.popup.hide; keydown:pane.wfvdle10.populartimes.popup.hide"" style=""display: none;""><div class=""G1Ydic""></div><div class=""wLiIdd fontBodySmall"" aria-label=""Berdasarkan kunjungan ke tempat ini.""><span>Berdasarkan kunjungan ke tempat ini.</span></div></div></div><div class=""epArK""></div><button class=""MYZx6c Hk4XGb"" jslog=""18021; track:click;metadata:WyIwYWhVS0V3amJoTU9sNzhxV0F4VVB5cUFDSFU5MUdzNFE4QmNJQWlnQSJd"" aria-label=""Kembali ke hari sebelumnya"" jsaction=""pane.wfvdle10.populartimes.arrow.left""><span class=""Ups","Jam ramai
Senin | 32% ramai pada pukul 04.00. | 31% ramai pada pukul 05.00. | 37% ramai pada pukul 06.00. | 46% ramai pada pukul 07.00. | 51% ramai pada pukul 08.00. | 54% ramai pada pukul 09.00. | 59% ramai pada pukul 10.00. | 59% ramai pada pukul 11.00. | 53% ramai pada pukul 12.00. | 43% ramai pada pukul 13.00. | 43% ramai pada pukul 14.00. | 42% ramai pada pukul 15.00. | 48% ramai pada pukul 16.00. | 54% ramai pada pukul 17.00. | 59% ramai pada pukul 18.00. | 70% ramai pada pukul 19.00. | 75% ramai pada pukul 20.00. | 89% ramai pada pukul 21.00. | 100% ramai pada pukul 22.00. | 100% ramai pada pukul 23.00. | populartimes.popup.show; focus:pane.focusTooltip; blur:pane.blurTooltip; keydown:pane.escapeTooltip""><span class=""google-symbols G47vBd OazX1c"" aria-hidden=""true"" style=""font-size: 18px;""></span></button><div class=""eho6bd"" role=""tooltip"" tabindex=""-1"" jsaction=""blur:pane.wfvdle10.populartimes.popup.hide; keydown:pane.wfvdle10.populartimes.popup.hide"" style=""display: none;""><div class=""G1Ydic""></div><div class=""wLiIdd fontBodySmall"" aria-label=""Berdasarkan kunjungan ke tempat ini.""><span>Berdasarkan kunjungan ke tempat ini.</span></div></div></div><div class=""epArK""></div><button class=""MYZx6c Hk4XGb"" jslog=""18021; track:click;metadata:WyIwYWhVS0V3amJoTU9sNzhxV0F4VVB5cUFDSFU5MUdzNFE4QmNJQWlnQSJd"" aria-label=""Kembali ke hari sebelumnya"" jsaction=""pane.wfvdle10.populartimes.arrow.left""><span class=""Ups",True,168.0,True,True,True,1,11w_ndrw76,"https://www.google.com/maps/place/Balai+warga+RT+1+RW+14/@-6.141586,106.7400094,17z/data=!3m1!4b1!4m6!3m5!1s0x2e69f70026413c37:0x91daab126347af08!8m2!3d-6.141586!4d106.7400094!16s%2Fg%2F11w_ndrw76?entry=ttu&g_ep=EgoyMDI2MDgyNi4wIKXMDSoASAFQAw%3D%3D",Jakarta Barat,0.42307692307692313
balai warga,Balai Warga Moneter,Taman bermain,"Jl. Moneter, RT.5/RW.3, Kembangan Sel., Kec. Kembangan, Kota Jakarta Barat, Daerah Khusus Ibukota Jakarta 11520",-6.1793563,106.74968,5.0,34,"Senin: Buka 24 jam
Selasa: Buka 24 jam
Rabu: Buka 24 jam
Kamis: Buka 24 jam
Jumat: Buka 24 jam
Sabtu: Buka 24 jam
Minggu: Buka 24 jam",Buka 24 jam,000000014901161,,,,"Parkir, Toilet, Kursi roda, Restoran, Bar, Memiliki pintu masuk khusus pengguna kursi roda, Memiliki tempat parkir khusus pengguna kursi roda, Ada toilet umum",8,"Jam ramai
Senin | 62% ramai pada pukul 04.00. | 68% ramai pada pukul 05.00. | 75% ramai pada pukul 06.00. | 81% ramai pada pukul 07.00. | 75% ramai pada pukul 08.00. | 75% ramai pada pukul 09.00. | 37% ramai pada pukul 10.00. | 31% ramai pada pukul 11.00. | 43% ramai pada pukul 12.00. | 62% ramai pada pukul 13.00. | 68% ramai pada pukul 14.00. | 75% ramai pada pukul 15.00. | 68% ramai pada pukul 16.00. | 68% ramai pada pukul 17.00. | 43% ramai pada pukul 18.00. | 31% ramai pada pukul 19.00. | 37% ramai pada pukul 20.00. | 43% ramai pada pukul 21.00. | 75% ramai pada pukul 22.00. | 81% ramai pada pukul 23.00. | populartimes.popup.show; focus:pane.focusTooltip; blur:pane.blurTooltip; keydown:pane.escapeTooltip""><span class=""google-symbols G47vBd OazX1c"" aria-hidden=""true"" style=""font-size: 18px;""></span></button><div class=""eho6bd"" role=""tooltip"" tabindex=""-1"" jsaction=""blur:pane.wfvdle10.populartimes.popup.hide; keydown:pane.wfvdle10.populartimes.popup.hide"" style=""display: none;""><div class=""G1Ydic""></div><div class=""wLiIdd fontBodySmall"" aria-label=""Berdasarkan kunjungan ke tempat ini.""><span>Berdasarkan kunjungan ke tempat ini.</span></div></div></div><div class=""epArK""></div><button class=""MYZx6c Hk4XGb"" jslog=""18021; track:click;metadata:WyIwYWhVS0V3aXZvUGE0NzhxV0F4VzJ3emdHSGZhNkpBSVE4QmNJQWlnQSJd"" aria-label=""Kembali ke hari sebelumnya"" jsaction=""pane.wfvdle10.populartimes.arrow.left""><span class=""Ups","Jam ramai
Senin | 62% ramai pada pukul 04.00. | 68% ramai pada pukul 05.00. | 75% ramai pada pukul 06.00. | 81% ramai pada pukul 07.00. | 75% ramai pada pukul 08.00. | 75% ramai pada pukul 09.00. | 37% ramai pada pukul 10.00. | 31% ramai pada pukul 11.00. | 43% ramai pada pukul 12.00. | 62% ramai pada pukul 13.00. | 68% ramai pada pukul 14.00. | 75% ramai pada pukul 15.00. | 68% ramai pada pukul 16.00. | 68% ramai pada pukul 17.00. | 43% ramai pada pukul 18.00. | 31% ramai pada pukul 19.00. | 37% ramai pada pukul 20.00. | 43% ramai pada pukul 21.00. | 75% ramai pada pukul 22.00. | 81% ramai pada pukul 23.00. | populartimes.popup.show; focus:pane.focusTooltip; blur:pane.blurTooltip; keydown:pane.escapeTooltip""><span class=""google-symbols G47vBd OazX1c"" aria-hidden=""true"" style=""font-size: 18px;""></span></button><div class=""eho6bd"" role=""tooltip"" tabindex=""-1"" jsaction=""blur:pane.wfvdle10.populartimes.popup.hide; keydown:pane.wfvdle10.populartimes.popup.hide"" style=""display: none;""><div class=""G1Ydic""></div><div class=""wLiIdd fontBodySmall"" aria-label=""Berdasarkan kunjungan ke tempat ini.""><span>Berdasarkan kunjungan ke tempat ini.</span></div></div></div><div class=""epArK""></div><button class=""MYZx6c Hk4XGb"" jslog=""18021; track:click;metadata:WyIwYWhVS0V3aXZvUGE0NzhxV0F4VzJ3emdHSGZhNkpBSVE4QmNJQWlnQSJd"" aria-label=""Kembali ke hari sebelumnya"" jsaction=""pane.wfvdle10.populartimes.arrow.left""><span class=""Ups",True,168.0,True,True,True,3,11l379tsfw,"https://www.google.com/maps/place/Balai+Warga+Moneter/@-6.1793563,106.74968,17z/data=!3m1!4b1!4m6!3m5!1s0x2e69f77a98a1ac33:0x8bad0aae81874653!8m2!3d-6.1793563!4d106.74968!16s%2Fg%2F11l379tsfw?entry=ttu&g_ep=EgoyMDI2MDgyNi4wIKXMDSoASAFQAw%3D%3D",Jakarta Barat,0.4085714285714286
balai warga,Balai Warga Rt002 Rw007,Taman bermain,"VP42+W89, RT.2/RW.7, Pegadungan, Kec. Kalideres, Kota Jakarta Barat, Daerah Khusus Ibukota Jakarta 11840",-6.1427172,106.7008479,5.0,15,,,000000014901161,,,,"Parkir, AC, Restoran, Bar",4,,,False,0.0,False,False,False,2,11zg9g2bgb,"https://www.google.com/maps/place/Balai+Warga+Rt002+Rw007/@-6.1427172,106.7008479,17z/data=!3m1!4b1!4m6!3m5!1s0x2e69f9002a6b6715:0x16cca43faea3efb2!8m2!3d-6.1427172!4d106.7008479!16s%2Fg%2F11zg9g2bgb?entry=ttu&g_ep=EgoyMDI2MDgyNi4wIKXMDSoASAFQAw%3D%3D",Jakarta Barat,0.01875
balai warga,Balai Warga Rw,,"Jl. Lontar Timur No.16 15, RT.15/RW.6, Tj. Duren Utara, Kec. Grogol petamburan, Kota Jakarta Barat, Daerah Khusus Ibukota Jakarta 11470",-6.1797675,106.7816768,1.0,1,,,000000014901161,,,,"Parkir, Restoran, Bar",3,,,False,0.0,False,False,False,1,11ycy5pmdk,"https://www.google.com/maps/place/Balai+Warga+Rw/@-6.1797675,106.7816768,17z/data=!3m1!4b1!4m6!3m5!1s0x2e69f6f8301b6cb7:0x331e1bd6978097e0!8m2!3d-6.1797675!4d106.7816768!16s%2Fg%2F11ycy5pmdk?entry=ttu&g_ep=EgoyMDI2MDgyNi4wIKXMDSoASAFQAw%3D%3D",Jakarta Barat,1.3499999999999999
balai warga,BALAI WARGA RW.01 KEL.RAWA BUAYA,,"Jl. Guru Ma'mun No.41, RT.3/RW.1, Rw. Buaya, Kecamatan Cengkareng, Kota Jakarta Barat, Daerah Khusus Ibukota Jakarta 11740",-6.1565451,106.7309724,5.0,2,Minggu: lalu,,000000014901161,,,,"Parkir, Restoran, Bar",3,,,False,0.0,False,False,False,1,11nj1r2lmv,https://www.google.com/maps/place/BALAI+WARGA+RW.01+KEL.RAWA+BUAYA/data=!4m7!3m6!1s0x2e69f70056dde3e9:0x940325ccd8032643!8m2!3d-6.1565451!4d106.7309724!16s%2Fg%2F11nj1r2lmv!19sChIJ6ePdVgD3aS4RQyYD2MwlA5Q,Jakarta Barat,0.09999999999999999
balai warga,Balai warga kp.alas tua Rt. 002 Rw. 004 s,Balai masyarakat,"Jl. Gaga Alas Tua No.13-95, RT.2/RW.4, Semanan, Kec. Kalideres, Kota Jakarta Barat, Daerah Khusus Ibukota Jakarta 11850",-6.1693077,106.690112,5.0,1,"Senin: Buka 24 jam
Selasa: Buka 24 jam
Rabu: Buka 24 jam
Kamis: Buka 24 jam
Jumat: Buka 24 jam
Sabtu: Buka 24 jam
Minggu: Buka 24 jam",Buka 24 jam,0052622825,,,,"Parkir, Restoran, Bar",3,"Jam ramai
Senin | 29% ramai pada pukul 04.00. | 41% ramai pada pukul 05.00. | 76% ramai pada pukul 06.00. | 58% ramai pada pukul 07.00. | 52% ramai pada pukul 08.00. | 35% ramai pada pukul 09.00. | 29% ramai pada pukul 10.00. | 35% ramai pada pukul 11.00. | 29% ramai pada pukul 12.00. | 47% ramai pada pukul 13.00. | 64% ramai pada pukul 14.00. | 64% ramai pada pukul 15.00. | 47% ramai pada pukul 16.00. | 41% ramai pada pukul 17.00. | 47% ramai pada pukul 18.00. | 47% ramai pada pukul 19.00. | 47% ramai pada pukul 20.00. | 52% ramai pada pukul 21.00. | 41% ramai pada pukul 22.00. | 52% ramai pada pukul 23.00. | populartimes.popup.show; focus:pane.focusTooltip; blur:pane.blurTooltip; keydown:pane.escapeTooltip""><span class=""google-symbols G47vBd OazX1c"" aria-hidden=""true"" style=""font-size: 18px;""></span></button><div class=""eho6bd"" role=""tooltip"" tabindex=""-1"" jsaction=""blur:pane.wfvdle10.populartimes.popup.hide; keydown:pane.wfvdle10.populartimes.popup.hide"" style=""display: none;""><div class=""G1Ydic""></div><div class=""wLiIdd fontBodySmall"" aria-label=""Berdasarkan kunjungan ke tempat ini.""><span>Berdasarkan kunjungan ke tempat ini.</span></div></div></div><div class=""epArK""></div><button class=""MYZx6c Hk4XGb"" jslog=""18021; track:click;metadata:WyIwYWhVS0V3akE3TXZCOE1xV0F4Vkg5emdHSFFtOEYya1E4QmNJQWlnQSJd"" aria-label=""Kembali ke hari sebelumnya"" jsaction=""pane.wfvdle10.populartimes.arrow.left""><span class=""Ups","Jam ramai
Senin | 29% ramai pada pukul 04.00. | 41% ramai pada pukul 05.00. | 76% ramai pada pukul 06.00. | 58% ramai pada pukul 07.00. | 52% ramai pada pukul 08.00. | 35% ramai pada pukul 09.00. | 29% ramai pada pukul 10.00. | 35% ramai pada pukul 11.00. | 29% ramai pada pukul 12.00. | 47% ramai pada pukul 13.00. | 64% ramai pada pukul 14.00. | 64% ramai pada pukul 15.00. | 47% ramai pada pukul 16.00. | 41% ramai pada pukul 17.00. | 47% ramai pada pukul 18.00. | 47% ramai pada pukul 19.00. | 47% ramai pada pukul 20.00. | 52% ramai pada pukul 21.00. | 41% ramai pada pukul 22.00. | 52% ramai pada pukul 23.00. | populartimes.popup.show; focus:pane.focusTooltip; blur:pane.blurTooltip; keydown:pane.escapeTooltip""><span class=""google-symbols G47vBd OazX1c"" aria-hidden=""true"" style=""font-size: 18px;""></span></button><div class=""eho6bd"" role=""tooltip"" tabindex=""-1"" jsaction=""blur:pane.wfvdle10.populartimes.popup.hide; keydown:pane.wfvdle10.populartimes.popup.hide"" style=""display: none;""><div class=""G1Ydic""></div><div class=""wLiIdd fontBodySmall"" aria-label=""Berdasarkan kunjungan ke tempat ini.""><span>Berdasarkan kunjungan ke tempat ini.</span></div></div></div><div class=""epArK""></div><button class=""MYZx6c Hk4XGb"" jslog=""18021; track:click;metadata:WyIwYWhVS0V3akE3TXZCOE1xV0F4Vkg5emdHSFFtOEYya1E4QmNJQWlnQSJd"" aria-label=""Kembali ke hari sebelumnya"" jsaction=""pane.wfvdle10.populartimes.arrow.left""><span class=""Ups",True,168.0,True,True,True,1,11myjq4bfw,"https://www.google.com/maps/place/Balai+warga+kp.alas+tua+Rt.+002+Rw.+004+s/@-6.1693077,106.690112,17z/data=!3m1!4b1!4m6!3m5!1s0x2e69f90052622825:0x5be449f2560c3e1d!8m2!3d-6.1693077!4d106.690112!16s%2Fg%2F11myjq4bfw?entry=ttu&g_ep=EgoyMDI2MDgyNi4wIKXMDSoASAFQAw%3D%3D",Jakarta Barat,0.55
balai warga,Balai Warga dan Sekretariat RW 05 Kebon Jeruk,Balai masyarakat,"4, Jl. Tambangan No.18B, RT.4/RW.5, Kb. Jeruk, Kec. Kb. Jeruk, Kota Jakarta Barat, Daerah Khusus Ibukota Jakarta 11530",-6.19682,106.7813832,4.7,9,"Senin: Buka 24 jam
Selasa: Buka 24 jam
Rabu: Buka 24 jam
Kamis: Buka 24 jam
Jumat: Buka 24 jam
Sabtu: Buka 24 jam
Minggu: Tutup",Buka 24 jam,000000014901161,,,,"Parkir, Toilet, Restoran, Bar, Ada toilet",5,"Jam ramai
Senin | 45% ramai pada pukul 00.00. | 30% ramai pada pukul 01.00. | 30% ramai pada pukul 02.00. | 30% ramai pada pukul 03.00. | 75% ramai pada pukul 04.00. | 70% ramai pada pukul 05.00. | 55% ramai pada pukul 06.00. | 50% ramai pada pukul 07.00. | 45% ramai pada pukul 08.00. | 45% ramai pada pukul 09.00. | 45% ramai pada pukul 10.00. | 40% ramai pada pukul 11.00. | 45% ramai pada pukul 12.00. | 40% ramai pada pukul 13.00. | 40% ramai pada pukul 14.00. | 45% ramai pada pukul 15.00. | 70% ramai pada pukul 16.00. | 90% ramai pada pukul 17.00. | 95% ramai pada pukul 18.00. | 80% ramai pada pukul 19.00. | populartimes.popup.show; focus:pane.focusTooltip; blur:pane.blurTooltip; keydown:pane.escapeTooltip""><span class=""google-symbols G47vBd OazX1c"" aria-hidden=""true"" style=""font-size: 18px;""></span></button><div class=""eho6bd"" role=""tooltip"" tabindex=""-1"" jsaction=""blur:pane.wfvdle10.populartimes.popup.hide; keydown:pane.wfvdle10.populartimes.popup.hide"" style=""display: none;""><div class=""G1Ydic""></div><div class=""wLiIdd fontBodySmall"" aria-label=""Berdasarkan kunjungan ke tempat ini.""><span>Berdasarkan kunjungan ke tempat ini.</span></div></div></div><div class=""epArK""></div><button class=""MYZx6c Hk4XGb"" jslog=""18021; track:click;metadata:WyIwYWhVS0V3ajdrTnZVOE1xV0F4V1YtRGdHSFFKZEhQVVE4QmNJQWlnQSJd"" aria-label=""Kembali ke hari sebelumnya"" jsaction=""pane.wfvdle10.populartimes.arrow.left""><span class=""Ups","Jam ramai
Senin | 45% ramai pada pukul 00.00. | 30% ramai pada pukul 01.00. | 30% ramai pada pukul 02.00. | 30% ramai pada pukul 03.00. | 75% ramai pada pukul 04.00. | 70% ramai pada pukul 05.00. | 55% ramai pada pukul 06.00. | 50% ramai pada pukul 07.00. | 45% ramai pada pukul 08.00. | 45% ramai pada pukul 09.00. | 45% ramai pada pukul 10.00. | 40% ramai pada pukul 11.00. | 45% ramai pada pukul 12.00. | 40% ramai pada pukul 13.00. | 40% ramai pada pukul 14.00. | 45% ramai pada pukul 15.00. | 70% ramai pada pukul 16.00. | 90% ramai pada pukul 17.00. | 95% ramai pada pukul 18.00. | 80% ramai pada pukul 19.00. | populartimes.popup.show; focus:pane.focusTooltip; blur:pane.blurTooltip; keydown:pane.escapeTooltip""><span class=""google-symbols G47vBd OazX1c"" aria-hidden=""true"" style=""font-size: 18px;""></span></button><div class=""eho6bd"" role=""tooltip"" tabindex=""-1"" jsaction=""blur:pane.wfvdle10.populartimes.popup.hide; keydown:pane.wfvdle10.populartimes.popup.hide"" style=""display: none;""><div class=""G1Ydic""></div><div class=""wLiIdd fontBodySmall"" aria-label=""Berdasarkan kunjungan ke tempat ini.""><span>Berdasarkan kunjungan ke tempat ini.</span></div></div></div><div class=""epArK""></div><button class=""MYZx6c Hk4XGb"" jslog=""18021; track:click;metadata:WyIwYWhVS0V3ajdrTnZVOE1xV0F4V1YtRGdHSFFKZEhQVVE4QmNJQWlnQSJd"" aria-label=""Kembali ke hari sebelumnya"" jsaction=""pane.wfvdle10.populartimes.arrow.left""><span class=""Ups",True,144.0,True,True,True,2,11rfcbqg2f,"https://www.google.com/maps/place/Balai+Warga+dan+Sekretariat+RW+05+Kebon+Jeruk/@-6.19682,106.7813832,17z/data=!3m1!4b1!4m6!3m5!1s0x2e69f73907d02c61:0xfb7a5af2dc431653!8m2!3d-6.19682!4d106.7813832!16s%2Fg%2F11rfcbqg2f?entry=ttu&g_ep=EgoyMDI2MDgyNi4wIKXMDSoASAFQAw%3D%3D",Jakarta Barat,0.46285714285714286
gedung serbaguna,Gedung Serbaguna Cendrawasih,Ruang Serbaguna,"Jl. Cendrawasih Raya X No. 10, RT.06/RW. 07 RT.7/RW.6 Cengkareng Barat Cengkareng 7 6, RT.7/RW.6, Cengkareng Bar., Kecamatan Cengkareng, Kota Jakarta Barat, Daerah Khusus Ibukota Jakarta 11730",-6.1417185,106.7202996,4.2,473,"Sabtu: , stasiun terdekat kalideres / rawa buaya.""",,021) 5412410,,,,"Parkir, Toilet, Restoran, Bar, Ada toilet",5,,,False,0.0,False,False,False,2,1pzsxsmmg,"https://www.google.com/maps/place/Gedung+Serbaguna+Cendrawasih/@-6.1417185,106.7202996,17z/data=!3m1!4b1!4m6!3m5!1s0x2e69f7f8ce589cc5:0x68ee157430cc5100!8m2!3d-6.1417185!4d106.7202996!16s%2Fg%2F1pzsxsmmg?entry=ttu&g_ep=EgoyMDI2MDgyNi4wIKXMDSoASAFQAw%3D%3D",Jakarta Barat,0.240632911392405
gedung serbaguna,Gedung Serbaguna Gor Badminton Kalimati,Klub Olahraga,"Jl. Tawangmangu Blk. I No.74 006, RT.3/RW.6, Kedaung Kali Angke, Kecamatan Cengkareng, Kota Jakarta Barat, Daerah Khusus Ibukota Jakarta 11710",-6.1545647,106.759345,4.5,111,"Senin: 07.00–23.00
Selasa: 07.00–23.00
Rabu: 07.00–23.00
Kamis: 07.00–23.00
Jumat: 07.00–23.00
Sabtu: 07.00–23.00
Minggu: 07.00–23.00",Buka · Tutup pukul 23.00,0877-8801-9908,,,,"Parkir, Toilet, Restoran, Bar, Ada toilet",5,"Jam ramai
Senin | 0% ramai pada pukul 06.00. | 29% ramai pada pukul 07.00. | 31% ramai pada pukul 08.00. | 35% ramai pada pukul 09.00. | 41% ramai pada pukul 10.00. | 41% ramai pada pukul 11.00. | 49% ramai pada pukul 12.00. | 62% ramai pada pukul 13.00. | 76% ramai pada pukul 14.00. | 74% ramai pada pukul 15.00. | 72% ramai pada pukul 16.00. | 64% ramai pada pukul 17.00. | 65% ramai pada pukul 18.00. | 65% ramai pada pukul 19.00. | 69% ramai pada pukul 20.00. | 68% ramai pada pukul 21.00. | 58% ramai pada pukul 22.00. | 0% ramai pada pukul 23.00. | 28% ramai pada pukul 07.00. | populartimes.popup.show; focus:pane.focusTooltip; blur:pane.blurTooltip; keydown:pane.escapeTooltip""><span class=""google-symbols G47vBd OazX1c"" aria-hidden=""true"" style=""font-size: 18px;""></span></button><div class=""eho6bd"" role=""tooltip"" tabindex=""-1"" jsaction=""blur:pane.wfvdle10.populartimes.popup.hide; keydown:pane.wfvdle10.populartimes.popup.hide"" style=""display: none;""><div class=""G1Ydic""></div><div class=""wLiIdd fontBodySmall"" aria-label=""Berdasarkan kunjungan ke tempat ini.""><span>Berdasarkan kunjungan ke tempat ini.</span></div></div></div><div class=""epArK""></div><button class=""MYZx6c Hk4XGb"" jslog=""18021; track:click;metadata:WyIwYWhVS0V3amp0cDc4OE1xV0F4Vk8xemdHSFdXSktfWVE4QmNJQWlnQSJd"" aria-label=""Kembali ke hari sebelumnya"" jsaction=""pane.wfvdle10.populartimes.arrow.left""><span class=""Ups","Jam ramai
Senin | 0% ramai pada pukul 06.00. | 29% ramai pada pukul 07.00. | 31% ramai pada pukul 08.00. | 35% ramai pada pukul 09.00. | 41% ramai pada pukul 10.00. | 41% ramai pada pukul 11.00. | 49% ramai pada pukul 12.00. | 62% ramai pada pukul 13.00. | 76% ramai pada pukul 14.00. | 74% ramai pada pukul 15.00. | 72% ramai pada pukul 16.00. | 64% ramai pada pukul 17.00. | 65% ramai pada pukul 18.00. | 65% ramai pada pukul 19.00. | 69% ramai pada pukul 20.00. | 68% ramai pada pukul 21.00. | 58% ramai pada pukul 22.00. | 0% ramai pada pukul 23.00. | 28% ramai pada pukul 07.00. | populartimes.popup.show; focus:pane.focusTooltip; blur:pane.blurTooltip; keydown:pane.escapeTooltip""><span class=""google-symbols G47vBd OazX1c"" aria-hidden=""true"" style=""font-size: 18px;""></span></button><div class=""eho6bd"" role=""tooltip"" tabindex=""-1"" jsaction=""blur:pane.wfvdle10.populartimes.popup.hide; keydown:pane.wfvdle10.populartimes.popup.hide"" style=""display: none;""><div class=""G1Ydic""></div><div class=""wLiIdd fontBodySmall"" aria-label=""Berdasarkan kunjungan ke tempat ini.""><span>Berdasarkan kunjungan ke tempat ini.</span></div></div></div><div class=""epArK""></div><button class=""MYZx6c Hk4XGb"" jslog=""18021; track:click;metadata:WyIwYWhVS0V3amp0cDc4OE1xV0F4Vk8xemdHSFdXSktfWVE4QmNJQWlnQSJd"" aria-label=""Kembali ke hari sebelumnya"" jsaction=""pane.wfvdle10.populartimes.arrow.left""><span class=""Ups",True,112.0,False,True,True,2,11p0100r70,"https://www.google.com/maps/place/Gedung+Serbaguna+Gor+Badminton+Kalimati/@-6.1545647,106.759345,17z/data=!3m1!4b1!4m6!3m5!1s0x2e69f76754e67135:0xcc654acf676ee27b!8m2!3d-6.1545647!4d106.759345!16s%2Fg%2F11p0100r70?entry=ttu&g_ep=EgoyMDI2MDgyNi4wIKXMDSoASAFQAw%3D%3D",Jakarta Barat,0.41934523809523805
gedung serbaguna,The Vida Ballroom,Ruang Serbaguna,"Jl. Perjuangan No.8, RT.1/RW.7, Kb. Jeruk, Kec. Kb. Jeruk, Kota Jakarta Barat, Daerah Khusus Ibukota Jakarta 11530",-6.1911516,106.7596054,4.4,1202,"Senin: 08.00–17.00
Selasa: 08.00–17.00
Rabu: 08.00–17.00
Kamis: 08.00–17.00
Jumat: 08.00–17.00
Sabtu: 12.00–18.00
Minggu: 12.00–18.00",Tutup · Buka Sel pukul 08.00,0811-8882-897,/url?q=http://www.thevidaballroom.com/&opi=79508299&sa=U&ved=0ahUKEwj7soOQ8cqWAxUnxDgGHYu5NzIQ61gIFygS&usg=AOvVaw3R0utRyu3QCW4owL_6YUpW,,,"Parkir, Toilet, Kursi roda, Restoran, Bar, Memiliki pintu masuk khusus pengguna kursi roda, Memiliki tempat parkir khusus pengguna kursi roda, Ada toilet khusus pengguna kursi roda, Tersedia layanan di tempat, Ada toilet",10,"Jam ramai
Senin | 0% ramai pada pukul 06.00. | 0% ramai pada pukul 07.00. | 0% ramai pada pukul 08.00. | 0% ramai pada pukul 09.00. | 0% ramai pada pukul 10.00. | 0% ramai pada pukul 11.00. | 22% ramai pada pukul 12.00. | 24% ramai pada pukul 13.00. | 27% ramai pada pukul 14.00. | 28% ramai pada pukul 15.00. | 26% ramai pada pukul 16.00. | 26% ramai pada pukul 17.00. | 0% ramai pada pukul 18.00. | 0% ramai pada pukul 19.00. | 0% ramai pada pukul 20.00. | 0% ramai pada pukul 21.00. | 0% ramai pada pukul 22.00. | 0% ramai pada pukul 23.00. | populartimes.popup.show; focus:pane.focusTooltip; blur:pane.blurTooltip; keydown:pane.escapeTooltip""><span class=""google-symbols G47vBd OazX1c"" aria-hidden=""true"" style=""font-size: 18px;""></span></button><div class=""eho6bd"" role=""tooltip"" tabindex=""-1"" jsaction=""blur:pane.wfvdle10.populartimes.popup.hide; keydown:pane.wfvdle10.populartimes.popup.hide"" style=""display: none;""><div class=""G1Ydic""></div><div class=""wLiIdd fontBodySmall"" aria-label=""Berdasarkan kunjungan ke tempat ini.""><span>Berdasarkan kunjungan ke tempat ini.</span></div></div></div><div class=""epArK""></div><button class=""MYZx6c Hk4XGb"" jslog=""18021; track:click;metadata:WyIwYWhVS0V3ajdzb09ROGNxV0F4VW54RGdHSFl1NU56SVE4QmNJQWlnQSJd"" aria-label=""Kembali ke hari sebelumnya"" jsaction=""pane.wfvdle10.populartimes.arrow.left""><span class=""Ups","Jam ramai
Senin | 0% ramai pada pukul 06.00. | 0% ramai pada pukul 07.00. | 0% ramai pada pukul 08.00. | 0% ramai pada pukul 09.00. | 0% ramai pada pukul 10.00. | 0% ramai pada pukul 11.00. | 22% ramai pada pukul 12.00. | 24% ramai pada pukul 13.00. | 27% ramai pada pukul 14.00. | 28% ramai pada pukul 15.00. | 26% ramai pada pukul 16.00. | 26% ramai pada pukul 17.00. | 0% ramai pada pukul 18.00. | 0% ramai pada pukul 19.00. | 0% ramai pada pukul 20.00. | 0% ramai pada pukul 21.00. | 0% ramai pada pukul 22.00. | 0% ramai pada pukul 23.00. | populartimes.popup.show; focus:pane.focusTooltip; blur:pane.blurTooltip; keydown:pane.escapeTooltip""><span class=""google-symbols G47vBd OazX1c"" aria-hidden=""true"" style=""font-size: 18px;""></span></button><div class=""eho6bd"" role=""tooltip"" tabindex=""-1"" jsaction=""blur:pane.wfvdle10.populartimes.popup.hide; keydown:pane.wfvdle10.populartimes.popup.hide"" style=""display: none;""><div class=""G1Ydic""></div><div class=""wLiIdd fontBodySmall"" aria-label=""Berdasarkan kunjungan ke tempat ini.""><span>Berdasarkan kunjungan ke tempat ini.</span></div></div></div><div class=""epArK""></div><button class=""MYZx6c Hk4XGb"" jslog=""18021; track:click;metadata:WyIwYWhVS0V3ajdzb09ROGNxV0F4VW54RGdHSFl1NU56SVE4QmNJQWlnQSJd"" aria-label=""Kembali ke hari sebelumnya"" jsaction=""pane.wfvdle10.populartimes.arrow.left""><span class=""Ups",True,57.0,False,True,True,3,11b6j48vlq,"https://www.google.com/maps/place/The+Vida+Ballroom/@-6.1911516,106.7596054,17z/data=!3m1!4b1!4m6!3m5!1s0x2e69f71b04cc3c37:0xe0bab0cc25e78ab3!8m2!3d-6.1911516!4d106.7596054!16s%2Fg%2F11b6j48vlq?entry=ttu&g_ep=EgoyMDI2MDgyNi4wIKXMDSoASAFQAw%3D%3D",Jakarta Barat,0.3159636622728891
gedung serbaguna,Gedung Serbaguna Senayan,Ruang Serbaguna,"Jl. Pintu Satu Senayan Jl. New Delhi No.1, RT.1/RW.3, Gelora, Kecamatan Tanah Abang, Kota Jakarta Pusat, Daerah Khusus Ibukota Jakarta 10270",-6.2236875,106.8017066,4.5,1193,"Senin: 06.00–22.00
Selasa: 06.00–22.00
Rabu: 06.00–22.00
Kamis: 06.00–22.00
Jumat: 06.00–22.00
Sabtu: 06.00–22.00
Minggu: 06.00–22.00",Buka · Tutup pukul 22.00,021) 5734070,,,,"Parkir, Toilet, Kursi roda, Restoran, Bar, Memiliki pintu masuk khusus pengguna kursi roda, Memiliki tempat parkir khusus pengguna kursi roda, Ada toilet khusus pengguna kursi roda, Ada toilet",9,"Jam ramai
Senin | 0% ramai pada pukul 05.00. | 37% ramai pada pukul 06.00. | 64% ramai pada pukul 07.00. | 89% ramai pada pukul 08.00. | 100% ramai pada pukul 09.00. | 85% ramai pada pukul 10.00. | 65% ramai pada pukul 11.00. | 50% ramai pada pukul 12.00. | 41% ramai pada pukul 13.00. | 35% ramai pada pukul 14.00. | 30% ramai pada pukul 15.00. | 26% ramai pada pukul 16.00. | 24% ramai pada pukul 17.00. | 19% ramai pada pukul 18.00. | 14% ramai pada pukul 19.00. | 9% ramai pada pukul 20.00. | 6% ramai pada pukul 21.00. | 0% ramai pada pukul 22.00. | 13% ramai pada pukul 06.00. | populartimes.popup.show; focus:pane.focusTooltip; blur:pane.blurTooltip; keydown:pane.escapeTooltip""><span class=""google-symbols G47vBd OazX1c"" aria-hidden=""true"" style=""font-size: 18px;""></span></button><div class=""eho6bd"" role=""tooltip"" tabindex=""-1"" jsaction=""blur:pane.wfvdle10.populartimes.popup.hide; keydown:pane.wfvdle10.populartimes.popup.hide"" style=""display: none;""><div class=""G1Ydic""></div><div class=""wLiIdd fontBodySmall"" aria-label=""Berdasarkan kunjungan ke tempat ini.""><span>Berdasarkan kunjungan ke tempat ini.</span></div></div></div><div class=""epArK""></div><button class=""MYZx6c Hk4XGb"" jslog=""18021; track:click;metadata:WyIwYWhVS0V3aTczLVNqOGNxV0F4V2gzVGdHSGNBdEhHb1E4QmNJQWlnQSJd"" aria-label=""Kembali ke hari sebelumnya"" jsaction=""pane.wfvdle10.populartimes.arrow.left""><span class=""Ups","Jam ramai
Senin | 0% ramai pada pukul 05.00. | 37% ramai pada pukul 06.00. | 64% ramai pada pukul 07.00. | 89% ramai pada pukul 08.00. | 100% ramai pada pukul 09.00. | 85% ramai pada pukul 10.00. | 65% ramai pada pukul 11.00. | 50% ramai pada pukul 12.00. | 41% ramai pada pukul 13.00. | 35% ramai pada pukul 14.00. | 30% ramai pada pukul 15.00. | 26% ramai pada pukul 16.00. | 24% ramai pada pukul 17.00. | 19% ramai pada pukul 18.00. | 14% ramai pada pukul 19.00. | 9% ramai pada pukul 20.00. | 6% ramai pada pukul 21.00. | 0% ramai pada pukul 22.00. | 13% ramai pada pukul 06.00. | populartimes.popup.show; focus:pane.focusTooltip; blur:pane.blurTooltip; keydown:pane.escapeTooltip""><span class=""google-symbols G47vBd OazX1c"" aria-hidden=""true"" style=""font-size: 18px;""></span></button><div class=""eho6bd"" role=""tooltip"" tabindex=""-1"" jsaction=""blur:pane.wfvdle10.populartimes.popup.hide; keydown:pane.wfvdle10.populartimes.popup.hide"" style=""display: none;""><div class=""G1Ydic""></div><div class=""wLiIdd fontBodySmall"" aria-label=""Berdasarkan kunjungan ke tempat ini.""><span>Berdasarkan kunjungan ke tempat ini.</span></div></div></div><div class=""epArK""></div><button class=""MYZx6c Hk4XGb"" jslog=""18021; track:click;metadata:WyIwYWhVS0V3aTczLVNqOGNxV0F4V2gzVGdHSGNBdEhHb1E4QmNJQWlnQSJd"" aria-label=""Kembali ke hari sebelumnya"" jsaction=""pane.wfvdle10.populartimes.arrow.left""><span class=""Ups",True,112.0,False,True,True,3,1tf8j3dh,https://www.google.com/maps/place/Gedung+Serbaguna+Senayan/data=!4m7!3m6!1s0x2e69f6ca8240b507:0x550e6ce1bec520e!8m2!3d-6.2236875!4d106.8017066!16s%2Fg%2F1tf8j3dh!19sChIJB7VAgsr2aS4RDlLsG87mUAU,Jakarta Pusat,0.41691792294807367
gedung serbaguna,Graha Angkasa Pura 1,Gedung Pernikahan,"Jl. Merpati 3 No.10, RT.2/RW.10, Gn. Sahari Sel., Kec. Kemayoran, Kota Jakarta Pusat, Daerah Khusus Ibukota Jakarta 10610",-6.154685,106.84216,4.4,675,"Senin: 10.00–22.00
Selasa: 10.00–22.00
Rabu: 10.00–22.00
Kamis: 10.00–22.00
Jumat: 10.00–22.00
Sabtu: 10.00–22.00
Minggu: 10.00–22.00",Buka · Tutup pukul 22.00,000000014901161,/url?q=https://www.instagram.com/grahaangkasapura1/&opi=79508299&sa=U&ved=0ahUKEwiG4LC38cqWAxXC-TgGHWkKKIwQ61gIEygO&usg=AOvVaw3lsTSQUmc6LbQm4L5l12KJ,,,"Parkir, Toilet, Kursi roda, Restoran, Bar, Memiliki pintu masuk khusus pengguna kursi roda, Memiliki tempat parkir khusus pengguna kursi roda, Ada toilet khusus pengguna kursi roda, Ada toilet",9,"Jam ramai
Senin | 0% ramai pada pukul 06.00. | 0% ramai pada pukul 07.00. | 0% ramai pada pukul 08.00. | 0% ramai pada pukul 09.00. | 42% ramai pada pukul 10.00. | 47% ramai pada pukul 11.00. | 52% ramai pada pukul 12.00. | 62% ramai pada pukul 13.00. | 73% ramai pada pukul 14.00. | 72% ramai pada pukul 15.00. | 59% ramai pada pukul 16.00. | 37% ramai pada pukul 17.00. | 20% ramai pada pukul 18.00. | 14% ramai pada pukul 19.00. | 12% ramai pada pukul 20.00. | 14% ramai pada pukul 21.00. | 0% ramai pada pukul 22.00. | 0% ramai pada pukul 23.00. | populartimes.popup.show; focus:pane.focusTooltip; blur:pane.blurTooltip; keydown:pane.escapeTooltip""><span class=""google-symbols G47vBd OazX1c"" aria-hidden=""true"" style=""font-size: 18px;""></span></button><div class=""eho6bd"" role=""tooltip"" tabindex=""-1"" jsaction=""blur:pane.wfvdle10.populartimes.popup.hide; keydown:pane.wfvdle10.populartimes.popup.hide"" style=""display: none;""><div class=""G1Ydic""></div><div class=""wLiIdd fontBodySmall"" aria-label=""Berdasarkan kunjungan ke tempat ini.""><span>Berdasarkan kunjungan ke tempat ini.</span></div></div></div><div class=""epArK""></div><button class=""MYZx6c Hk4XGb"" jslog=""18021; track:click;metadata:WyIwYWhVS0V3aUc0TEMzOGNxV0F4WEMtVGdHSFdrS0tJd1E4QmNJQWlnQSJd"" aria-label=""Kembali ke hari sebelumnya"" jsaction=""pane.wfvdle10.populartimes.arrow.left""><span class=""Ups","Jam ramai
Senin | 0% ramai pada pukul 06.00. | 0% ramai pada pukul 07.00. | 0% ramai pada pukul 08.00. | 0% ramai pada pukul 09.00. | 42% ramai pada pukul 10.00. | 47% ramai pada pukul 11.00. | 52% ramai pada pukul 12.00. | 62% ramai pada pukul 13.00. | 73% ramai pada pukul 14.00. | 72% ramai pada pukul 15.00. | 59% ramai pada pukul 16.00. | 37% ramai pada pukul 17.00. | 20% ramai pada pukul 18.00. | 14% ramai pada pukul 19.00. | 12% ramai pada pukul 20.00. | 14% ramai pada pukul 21.00. | 0% ramai pada pukul 22.00. | 0% ramai pada pukul 23.00. | populartimes.popup.show; focus:pane.focusTooltip; blur:pane.blurTooltip; keydown:pane.escapeTooltip""><span class=""google-symbols G47vBd OazX1c"" aria-hidden=""true"" style=""font-size: 18px;""></span></button><div class=""eho6bd"" role=""tooltip"" tabindex=""-1"" jsaction=""blur:pane.wfvdle10.populartimes.popup.hide; keydown:pane.wfvdle10.populartimes.popup.hide"" style=""display: none;""><div class=""G1Ydic""></div><div class=""wLiIdd fontBodySmall"" aria-label=""Berdasarkan kunjungan ke tempat ini.""><span>Berdasarkan kunjungan ke tempat ini.</span></div></div></div><div class=""epArK""></div><button class=""MYZx6c Hk4XGb"" jslog=""18021; track:click;metadata:WyIwYWhVS0V3aUc0TEMzOGNxV0F4WEMtVGdHSFdrS0tJd1E4QmNJQWlnQSJd"" aria-label=""Kembali ke hari sebelumnya"" jsaction=""pane.wfvdle10.populartimes.arrow.left""><span class=""Ups",True,84.0,False,True,True,3,11f04dqdx_,"https://www.google.com/maps/place/Graha+Angkasa+Pura+1/@-6.154685,106.84216,17z/data=!3m1!4b1!4m6!3m5!1s0x2e69f59568483273:0x30484df944fcc3a4!8m2!3d-6.154685!4d106.84216!16s%2Fg%2F11f04dqdx_?entry=ttu&g_ep=EgoyMDI2MDgyNi4wIKXMDSoASAFQAw%3D%3D",Jakarta Pusat,0.3804437869822484
gedung serbaguna,Gedung Dhanapala,Gedung Pertemuan,"Jl. Senen Raya No.1, Ps. Baru, Kecamatan Sawah Besar, Kota Jakarta Pusat, Daerah Khusus Ibukota Jakarta 10710",-6.1733617,106.8384371,4.6,6551,"Senin: 09.00–17.00
Selasa: 09.00–17.00
Rabu: 09.00–17.00
Kamis: 09.00–17.00
Jumat: 09.00–17.00
Sabtu: 09.00–17.00
Minggu: 09.00–17.00",Tutup · Buka Sel pukul 09.00,021) 3865118,/url?q=https://gedungdhanapala.com/&opi=79508299&sa=U&ved=0ahUKEwjF46jM8cqWAxV0zTgGHdG9NfkQ61gIFygS&usg=AOvVaw3OUTwAV-Is7MK0C9bfPGTj,,,"Parkir, Toilet, Kursi roda, Parkir gratis, Restoran, Bar, Memiliki pintu masuk khusus pengguna kursi roda, Memiliki tempat parkir khusus pengguna kursi roda, Ada toilet khusus pengguna kursi roda, Ada toilet, Tempat parkir berbayar, Tempat parkir gratis",12,"Jam ramai
Senin | 0% ramai pada pukul 06.00. | 0% ramai pada pukul 07.00. | 0% ramai pada pukul 08.00. | 13% ramai pada pukul 09.00. | 16% ramai pada pukul 10.00. | 20% ramai pada pukul 11.00. | 22% ramai pada pukul 12.00. | 23% ramai pada pukul 13.00. | 22% ramai pada pukul 14.00. | 22% ramai pada pukul 15.00. | 24% ramai pada pukul 16.00. | 0% ramai pada pukul 17.00. | 0% ramai pada pukul 18.00. | 0% ramai pada pukul 19.00. | 0% ramai pada pukul 20.00. | 0% ramai pada pukul 21.00. | 0% ramai pada pukul 22.00. | 0% ramai pada pukul 23.00. | populartimes.popup.show; focus:pane.focusTooltip; blur:pane.blurTooltip; keydown:pane.escapeTooltip""><span class=""google-symbols G47vBd OazX1c"" aria-hidden=""true"" style=""font-size: 18px;""></span></button><div class=""eho6bd"" role=""tooltip"" tabindex=""-1"" jsaction=""blur:pane.wfvdle10.populartimes.popup.hide; keydown:pane.wfvdle10.populartimes.popup.hide"" style=""display: none;""><div class=""G1Ydic""></div><div class=""wLiIdd fontBodySmall"" aria-label=""Berdasarkan kunjungan ke tempat ini.""><span>Berdasarkan kunjungan ke tempat ini.</span></div></div></div><div class=""epArK""></div><button class=""MYZx6c Hk4XGb"" jslog=""18021; track:click;metadata:WyIwYWhVS0V3akY0NmpNOGNxV0F4VjB6VGdHSGRHOU5ma1E4QmNJQWlnQSJd"" aria-label=""Kembali ke hari sebelumnya"" jsaction=""pane.wfvdle10.populartimes.arrow.left""><span class=""Ups","Jam ramai
Senin | 0% ramai pada pukul 06.00. | 0% ramai pada pukul 07.00. | 0% ramai pada pukul 08.00. | 13% ramai pada pukul 09.00. | 16% ramai pada pukul 10.00. | 20% ramai pada pukul 11.00. | 22% ramai pada pukul 12.00. | 23% ramai pada pukul 13.00. | 22% ramai pada pukul 14.00. | 22% ramai pada pukul 15.00. | 24% ramai pada pukul 16.00. | 0% ramai pada pukul 17.00. | 0% ramai pada pukul 18.00. | 0% ramai pada pukul 19.00. | 0% ramai pada pukul 20.00. | 0% ramai pada pukul 21.00. | 0% ramai pada pukul 22.00. | 0% ramai pada pukul 23.00. | populartimes.popup.show; focus:pane.focusTooltip; blur:pane.blurTooltip; keydown:pane.escapeTooltip""><span class=""google-symbols G47vBd OazX1c"" aria-hidden=""true"" style=""font-size: 18px;""></span></button><div class=""eho6bd"" role=""tooltip"" tabindex=""-1"" jsaction=""blur:pane.wfvdle10.populartimes.popup.hide; keydown:pane.wfvdle10.populartimes.popup.hide"" style=""display: none;""><div class=""G1Ydic""></div><div class=""wLiIdd fontBodySmall"" aria-label=""Berdasarkan kunjungan ke tempat ini.""><span>Berdasarkan kunjungan ke tempat ini.</span></div></div></div><div class=""epArK""></div><button class=""MYZx6c Hk4XGb"" jslog=""18021; track:click;metadata:WyIwYWhVS0V3akY0NmpNOGNxV0F4VjB6VGdHSGRHOU5ma1E4QmNJQWlnQSJd"" aria-label=""Kembali ke hari sebelumnya"" jsaction=""pane.wfvdle10.populartimes.arrow.left""><span class=""Ups",True,56.0,False,True,True,3,11b6z2pv29,"https://www.google.com/maps/place/Gedung+Dhanapala/@-6.1733617,106.8384371,17z/data=!3m1!4b1!4m6!3m5!1s0x2e69f5cb019d1a5b:0x7176ab25b6de0b31!8m2!3d-6.1733617!4d106.8384371!16s%2Fg%2F11b6z2pv29?entry=ttu&g_ep=EgoyMDI2MDgyNi4wIKXMDSoASAFQAw%3D%3D",Jakarta Pusat,0.25337912087912096
gedung serbaguna,Auditorium BMKG,Gedung Pernikahan,"Jl. Angkasa 1 No.2, RW.10, Gn. Sahari Sel., Kec. Kemayoran, Kota Jakarta Pusat, Daerah Khusus Ibukota Jakarta 10610",-6.1555978,106.8420397,4.6,646,,,0812-8463-9272,/url?q=http://www.auditoriumbmkgkpn.com/&opi=79508299&sa=U&ved=0ahUKEwiAtKDg8cqWAxUM1zgGHYfCJOIQ61gIFygS&usg=AOvVaw2GZTXVIaXSyQKqbYdyPN5K,,,"Parkir, Toilet, Kursi roda, Restoran, Bar, Memiliki pintu masuk khusus pengguna kursi roda, Memiliki tempat parkir khusus pengguna kursi roda, Ada toilet khusus pengguna kursi roda, Ada toilet",9,,,False,0.0,False,False,False,3,11ggzcbg_9,"https://www.google.com/maps/place/Auditorium+BMKG/@-6.1555978,106.8420397,17z/data=!3m1!4b1!4m6!3m5!1s0x2e69f59545fbf57b:0xc7ff7f2c80ccddd!8m2!3d-6.1555978!4d106.8420397!16s%2Fg%2F11ggzcbg_9?entry=ttu&g_ep=EgoyMDI2MDgyNi4wIKXMDSoASAFQAw%3D%3D",Jakarta Pusat,0.12046367851622886
gedung serbaguna,Graha Jalapuspita,Tempat acara,"Jl. Gatot Subroto No.Kav.101, RT.6/RW.3, Bend. Hilir, Kecamatan Tanah Abang, Kota Jakarta Pusat, Daerah Khusus Ibukota Jakarta 10210",-6.2113414,106.8073448,4.3,2449,,,021) 57852677,,,,"Parkir, Toilet, Kursi roda, Parkir gratis, Restoran, Bar, Memiliki pintu masuk khusus pengguna kursi roda, Memiliki tempat parkir khusus pengguna kursi roda, Ada toilet khusus pengguna kursi roda, Ada toilet, Tempat parkir gratis",11,,,False,0.0,False,False,False,3,1x5cwvkj,https://www.google.com/maps/place/Graha+Jalapuspita/data=!4m7!3m6!1s0x2e69f6aebafa1e87:0x8b982513a4a1cc5e!8m2!3d-6.2113414!4d106.8073448!16s%2Fg%2F1x5cwvkj!19sChIJhx76uq72aS4RXsyhpBMlmIs,Jakarta Pusat,0.2101224489795919
co-working space,Concrete 11th Space Kedoya,Ruang Kerja Bersama,"Jl. Pilar Mas Utama, RT.7/RW.3, Kedoya Sel., Kec. Kb. Jeruk, Kota Jakarta Barat, Daerah Khusus Ibukota Jakarta 11610",-6.1874889,106.7586873,4.6,198,"Senin: 09.00–18.00
Selasa: 09.00–18.00
Rabu: 09.00–18.00
Kamis: 09.00–18.00
Jumat: 09.00–18.00
Sabtu: 09.00–18.00
Minggu: Tutup",Tutup,0878-8981-5060,/url?q=https://www.concretespace.co.id/&opi=79508299&sa=U&ved=0ahUKEwiz2qOI8sqWAxWmzzgGHa6kBDEQ61gIFygS&usg=AOvVaw0oElZSDc2UQdmPNtlAF5PM,,,"Parkir, AC, WiFi, Lift, Restoran, Bar, wifi, disebutkan dalam 20 ulasan, parkir, disebutkan dalam 8 ulasan",8,,,False,54.0,False,True,True,2,11flt1cgb3,"https://www.google.com/maps/place/Concrete+11th+Space+Kedoya/@-6.1874889,106.7586873,17z/data=!3m1!4b1!4m6!3m5!1s0x2e69f7c9518cd7ad:0xbf5109387408a1d7!8m2!3d-6.1874889!4d106.7586873!16s%2Fg%2F11flt1cgb3?entry=ttu&g_ep=EgoyMDI2MDgyNi4wIKXMDSoASAFQAw%3D%3D",Jakarta Barat,0.2500789662598709
co-working space,Creya Coworking Space,Ruang Kerja Bersama,"Jl. Lapangan Bola No.5D, RT.7/RW.1, Kb. Jeruk, Kec. Kb. Jeruk, Kota Jakarta Barat, Daerah Khusus Ibukota Jakarta 11530",-6.197299,106.7678055,4.9,69,"Senin: 08.00–20.30
Selasa: 08.00–20.30
Rabu: 08.00–20.30
Kamis: 08.00–20.30
Jumat: 08.00–20.30
Sabtu: 08.00–17.00
Minggu: 08.00–17.00",tutup · 20.30 · Buka Sel pukul 08.0,0851-1734-0844,/url?q=https://space.creya.co.id/&opi=79508299&sa=U&ved=0ahUKEwi41dSb8sqWAxU6xzgGHReKBDYQ61gIFygS&usg=AOvVaw0bhbXCrcKZcAs2Eok6KEhX,,,"Parkir, AC, WiFi, Restoran, Bar, wifi, disebutkan dalam 10 ulasan",6,,,False,80.5,False,True,True,2,11kb7cz0rz,"https://www.google.com/maps/place/Creya+Coworking+Space/@-6.197299,106.7678055,17z/data=!3m1!4b1!4m6!3m5!1s0x2e69f768cedd4b45:0x8fbecfac13f29a5e!8m2!3d-6.197299!4d106.7678055!16s%2Fg%2F11kb7cz0rz?entry=ttu&g_ep=EgoyMDI2MDgyNi4wIKXMDSoASAFQAw%3D%3D",Jakarta Barat,0.22595238095238085
co-working space,GoWork Central Park - Coworking and Office Space,Ruang Kerja Bersama,"Central Park Mall, Jl. Letjen S. Parman No.114 Level LG, Unit L109, RT.12/RW.1, Tj. Duren Sel., Kec. Grogol petamburan, Kota Jakarta Barat, Daerah Khusus Ibukota Jakarta 11470",-6.1786387,106.7911202,4.7,308,"Senin: 10.00–18.00
Selasa: 10.00–18.00
Rabu: 10.00–18.00
Kamis: 10.00–18.00
Jumat: 10.00–18.00
Sabtu: 10.00–18.00
Minggu: Tutup",Tutup,021) 50928959,/url?q=https://go-work.com/&opi=79508299&sa=U&ved=0ahUKEwi-jZGv8sqWAxWJyDgGHXPTBVAQ61gIFygS&usg=AOvVaw3WMWo7taBejs6lGZ8XaNVk,,,"Parkir, Kursi roda, AC, Restoran, Bar, Memiliki pintu masuk khusus pengguna kursi roda, Memiliki tempat parkir khusus pengguna kursi roda, Tersedia layanan di tempat",8,,,False,48.0,False,True,True,3,11j91hcl51,"https://www.google.com/maps/place/GoWork+Central+Park+-+Coworking+and+Office+Space/@-6.1786387,106.7911202,17z/data=!3m1!4b1!4m6!3m5!1s0x2e69f79949e69187:0x172695cc54bbeec8!8m2!3d-6.1786387!4d106.7911202!16s%2Fg%2F11j91hcl51?entry=ttu&g_ep=EgoyMDI2MDgyNi4wIKXMDSoASAFQAw%3D%3D",Jakarta Barat,0.205256588072122
