id,place_id,cid,keyword,nama,kategori,kategori_list,alamat,alamat_lengkap,plus_code,lat,lng,geom,rating,jumlah_review,jam_operasional,jam_operasional_raw,status_buka,popular_times_raw,jam_ramai,telepon,website,harga_text,price_level,price_range,deskripsi,scraped_at,total_open_hours,is_24h,has_weekend,facility_score,fasilitas_raw,foto_urls,foto_count
ceac34a8-23d4-5cb9-a0f0-2f074b32eeb8,11cs0c_3z7,0x2e69f7dde71359d7,aula,Gedung Serbaguna Wanilan,Aula serbaguna,{},"Jl. Tenis Raya No.12, RT.12/RW.14, Kapuk, Kecamatan Cengkareng, Kota Jakarta Barat, Daerah Khusus Ibukota Jakarta 11720","Jl. Tenis Raya No.12, RT.12/RW.14, Kapuk, Kecamatan Cengkareng, Kota Jakarta Barat, Daerah Khusus Ibukota Jakarta 11720","VP4X+H9 Kapuk, Kota Jakarta Barat, Daerah Khusus Ibukota Jakarta",-6.1435759,106.748482,,4.2,415,"{""Senin"": ""09.00–22.00"", ""Selasa"": ""09.00–22.00"", ""Rabu"": ""09.00–22.00"", ""Kamis"": ""09.00–22.00"", ""Jumat"": ""09.00–22.00"", ""Sabtu"": ""09.00–22.00"", ""Minggu"": ""09.00–22.00""}",Senin: 09.00–22.00 | Selasa: 09.00–22.00 | Rabu: 09.00–22.00 | Kamis: 09.00–22.00 | Jumat: 09.00–22.00 | Sabtu: 09.00–22.00 | Minggu: 09.00–22.00,Buka · Tutup pukul 22.00,,,0896-3579-0042,,,,,,2026-08-31T18:46:23.790983,91.0,false,true,2,"{""Parkir"",""Kursi roda"",""Restoran"",""Bar"",""Tidak memiliki tempat parkir khusus pengguna kursi roda""}","{""https://lh3.googleusercontent.com/gps-cs-s/AHRPTWmTnIbgPD8EjyOrHFpPWuqcpPZ8riQJNS-XnapXxA8pud0I4HbG1ZPRcV-uS0jZw3Sj77sW0NjwuzLjYPklBFAWSEjqPO4Dv7YfvMlj3iJRIa80LCO_3sFckwPjui5IAyH_sNIB=s1024"",""https://lh3.googleusercontent.com/gps-cs-s/AHRPTWlPWBkxXJap8nfH5UpBbulIywOxrS6x9aHgOx7KX3GQImpu1BJp5YeYU97lzDHKD8i746IJD8GdFRlEEDyF57k2DcHKRvzWo5tP-68-_ZipGp1ApollanEazQU4jT9ii_3r-cqK=s1024""}",2
fa25390a-0afa-587f-86ba-4a466fb81b5a,11zf9_ny2j,0x2e69f7e46060da79,aula,Gudang Serba Guna Mas Bro,Aula serbaguna,{},"Jl. Kp. Salo No.8, RT.6/RW.4, Kembangan Utara, Kec. Kembangan, Kota Jakarta Barat, Daerah Khusus Ibukota Jakarta 11610","Jl. Kp. Salo No.8, RT.6/RW.4, Kembangan Utara, Kec. Kembangan, Kota Jakarta Barat, Daerah Khusus Ibukota Jakarta 11610","RQP3+V4 Kembangan Utara, Kota Jakarta Barat, Daerah Khusus Ibukota Jakarta",-6.1627834,106.752836,,1.0,1,"{""Senin"": ""08.00–23.00"", ""Selasa"": ""08.00–23.00"", ""Rabu"": ""08.00–23.00"", ""Kamis"": ""08.00–23.00"", ""Jumat"": ""08.00–23.00"", ""Sabtu"": ""08.00–23.00"", ""Minggu"": ""08.00–23.00""}",Senin: 08.00–23.00 | Selasa: 08.00–23.00 | Rabu: 08.00–23.00 | Kamis: 08.00–23.00 | Jumat: 08.00–23.00 | Sabtu: 08.00–23.00 | Minggu: 08.00–23.00,Buka · Tutup pukul 23.00,,,0877-7195-7908,,,,,,2026-08-31T18:47:05.401314,105.0,false,true,1,"{""Parkir"",""Restoran"",""Bar"",""Ada tempat parkir di lokasi""}","{""https://lh3.googleusercontent.com/gps-cs-s/AHRPTWlPlA7OkLPC80iwakeuT2RPaBJPZXUZSzp1jVS2rK5aKI9cnGZTZ_mkbE0j7KQaTjpUtzDTtKAF2fOs6HJfv2tAt4OAuZglTcHJDGoSLn8SQJjxWK12VkiETUYNW3RHBxU0kYgzhhbSPqTY=s1024"",""https://lh3.googleusercontent.com/gps-cs-s/AHRPTWlLkOgneK6LGqOQz3lqpi00pGwk1KgPu288EkEQ1Ru7iGxCuv8jdZVLCAUcyfQ9QYFcYmufucoKhNSz4s0nEzinb0YhEMa9pGLi0dHHKDJ7vnLPj5GjuUGKRCW6nI9DlxvGvumWythAJMxt=s1024""}",2
fd88607d-e370-585a-9851-4b3aa9edb708,11cjj6pnsy,0x2e69f6fbae909675,aula,Kemala Ballroom,Gedung Pertemuan,{},"Jl. Arjuna Utara No.9, RT.1/RW.2, Duri Kepa, Kec. Kb. Jeruk, Kota Jakarta Barat, Daerah Khusus Ibukota Jakarta 11510","Jl. Arjuna Utara No.9, RT.1/RW.2, Duri Kepa, Kec. Kb. Jeruk, Kota Jakarta Barat, Daerah Khusus Ibukota Jakarta 11510","RQ7H+VJ Duri Kepa, Kota Jakarta Barat, Daerah Khusus Ibukota Jakarta",-6.1853077,106.7790606,,4.6,257,"{""Senin"": ""10.00–17.00"", ""Selasa"": ""10.00–17.00"", ""Rabu"": ""10.00–17.00"", ""Kamis"": ""10.00–17.00"", ""Jumat"": ""10.00–17.00"", ""Sabtu"": ""10.00–17.00"", ""Minggu"": ""10.00–17.00""}",Senin: 10.00–17.00 | Selasa: 10.00–17.00 | Rabu: 10.00–17.00 | Kamis: 10.00–17.00 | Jumat: 10.00–17.00 | Sabtu: 10.00–17.00 | Minggu: 10.00–17.00,Tutup · Buka Sel pukul 10.00,,,0851-4728-7880,,,,,,2026-08-31T18:47:47.527051,49.0,false,true,3,"{""Parkir"",""Toilet"",""Kursi roda"",""Restoran"",""Bar"",""Memiliki pintu masuk khusus pengguna kursi roda"",""Memiliki tempat parkir khusus pengguna kursi roda"",""Ada toilet khusus pengguna kursi roda"",""Ada toilet""}","{""https://lh3.googleusercontent.com/gps-cs-s/AHRPTWlO_AqO_baKkSUd_jGQ60dZwTbY1Ge02NTyQA-NAbD-CRjY5QBunYYYqRqp0mF8hwc8plesvV4VPQiQyNR9rJfgflyZEs2EeU40Jr0dnjCHEN_Rb8_LpwXFlfh_4m-_gaig_C9s=s1024"",""https://lh3.googleusercontent.com/gps-cs-s/AHRPTWlJBsQfcG6H5Eyjl4LbMnUUCKGa1PrLYPl0mFMD96yUCWlrSmszkBq13A4yQK9Vlj4TD0Nb35RbAiWbogRfRJxWfZgI4p3aDXgY4tc5cYtIFeWCg_Ug1cwxFuDbN6fU6gHoJ0TrC9F-eRBQ=s1024"",""https://lh3.googleusercontent.com/gps-cs-s/AHRPTWkSlzK9Nbvi4EoJMvM_Pes-QuyrOjEGRmQX3TZFBi5gyvOfNVLjZM8Cll35BsNThmTAv0SjqCdrn6SEpDqWBQ9V_RHCuO-gnpN1oQCeG1do7EDaC-cP9ML_4B88P4a-hjZxuxzX=s1024"",""https://lh3.googleusercontent.com/gps-cs-s/AHRPTWk_XEOzT4Zn4sZdNoe36aJv4Tw7C-bwZ2yUvXAbXIp4PFKJwrF1fBLiFrutHGWj0KhLcj4XzXO_N8UkkwDmz1tmJaq0ajqNxlrdQJG9l11Y8C0Y-NBiGoD0CxzCDobZndNF-j08pQ=s1024"",""https://lh3.googleusercontent.com/gps-cs-s/AHRPTWm6HkcaUxTooJiwKG3PSd4At0EZg8CfM3aHvWivlwpbZK_OeJIV5R9aYdEYZyowWJ54ivdvs4G1w8b9XfoTGAMzKDPL3R3wmUFFI1wKChTOuG3AjfA9dCDsqMxcdCAD86lg2taG=s1024"",""https://lh3.googleusercontent.com/gps-cs-s/AHRPTWkGCW1HByf_qoMVg2fmS89moP-8Q5foRYMnthVGgs4ZzEOAGKtKjSdRdyJpItDJIkYCvFof0lClYphwULO5lD9UPiNwGYxrBMnHZV9NUQ69RChsC0XPaVQUZgF1P3nvqFl0XTJr=s1024"",""https://lh3.googleusercontent.com/gps-cs-s/AHRPTWnrgjoWv09nHMFLMX-KVXD3iO2HWBBJMUcrM5iBbhhcZ7obDLuKWYaSVcBhbo3cDO6Zd1Sz7CImt_jVwGUEyh_JgpIWTSugvSbiyUrGIelMbnTH96M29iuKR5w1uQ6veKeAGSV6=s1024"",""https://lh3.googleusercontent.com/gps-cs-s/AHRPTWnT210UYXpAu4X5HjsqmeY2cEk6bwKWJ4X4tyyybDOA8CIKR3jiXQW5YVDP1EWvvFvRquVJCZ2ff071iUsSXW48-zMrOns0GUUMYxfY0EniTLxn-xsnHka8OJsGZ1fx9ToUY3A=s1024""}",8
cb6fe4da-326e-5b16-b904-aa9012c65f33,11dyl__ygj,0x2e69f6bef2eaaaab,aula,SWASANA GRAND SLIPI CONVENTION HALL,Gedung Pernikahan,{},"Jl. Letjen S. Parman, RT.1/RW.4, Palmerah, Kec. Palmerah, Kota Jakarta Barat, Daerah Khusus Ibukota Jakarta 11480","Jl. Letjen S. Parman, RT.1/RW.4, Palmerah, Kec. Palmerah, Kota Jakarta Barat, Daerah Khusus Ibukota Jakarta 11480","QQXX+MC Palmerah, Kota Jakarta Barat, Daerah Khusus Ibukota Jakarta",-6.2007999,106.7985726,,4.6,1147,"{""Senin"": ""Buka 24 jam"", ""Selasa"": ""Buka 24 jam"", ""Rabu"": ""Buka 24 jam"", ""Kamis"": ""Buka 24 jam"", ""Jumat"": ""Buka 24 jam"", ""Sabtu"": ""Buka 24 jam"", ""Minggu"": ""Buka 24 jam""}",Senin: Buka 24 jam | Selasa: Buka 24 jam | Rabu: Buka 24 jam | Kamis: Buka 24 jam | Jumat: Buka 24 jam | Sabtu: Buka 24 jam | Minggu: Buka 24 jam,Buka 24 jam,"Jam ramai | Senin | 3% ramai pada pukul 04.00. | 5% ramai pada pukul 05.00. | 8% ramai pada pukul 06.00. | 11% ramai pada pukul 07.00. | 13% ramai pada pukul 08.00. | 16% ramai pada pukul 09.00. | 22% ramai pada pukul 10.00. | 29% ramai pada pukul 11.00. | 31% ramai pada pukul 12.00. | 27% ramai pada pukul 13.00. | 23% ramai pada pukul 14.00. | 21% ramai pada pukul 15.00. | 22% ramai pada pukul 16.00. | 22% ramai pada pukul 17.00. | 21% ramai pada pukul 18.00. | 20% ramai pada pukul 19.00. | 19% ramai pada pukul 20.00. | 18% ramai pada pukul 21.00. | 14% ramai pada pukul 22.00. | 10% ramai pada pukul 23.00. | populartimes.popup.show; focus:pane.focusTooltip; blur:pane.blurTooltip; keydown:pane.escapeTooltip""><span class=""google-symbols G47vBd OazX1c"" aria-hidden=""true"" style=""font-size: 18px;""></span></button><div class=""eho6bd"" role=""tooltip"" tabindex=""-1"" jsaction=""blur:pane.wfvdle10.populartimes.popup.hide; keydown:pane.wfvdle10.populartimes.popup.hide"" style=""display: none;""><div class=""G1Ydic""></div><div class=""wLiIdd fontBodySmall"" aria-label=""Berdasarkan kunjungan ke tempat ini.""><span>Berdasarkan kunjungan ke tempat ini.</span></div></div></div><div class=""epArK""></div><button class=""MYZx6c Hk4XGb"" jslog=""18021; track:click;metadata:WyIwYWhVS0V3aUFtY1Q0NWNxV0F4VjRrdUVJSGIwRUhxQVE4QmNJQWlnQSJd"" aria-label=""Kembali ke hari sebelumnya"" jsaction=""pane.wfvdle10.populartimes.arrow.left""><span class=""Ups","Jam ramai | Senin | 3% ramai pada pukul 04.00. | 5% ramai pada pukul 05.00. | 8% ramai pada pukul 06.00. | 11% ramai pada pukul 07.00. | 13% ramai pada pukul 08.00. | 16% ramai pada pukul 09.00. | 22% ramai pada pukul 10.00. | 29% ramai pada pukul 11.00. | 31% ramai pada pukul 12.00. | 27% ramai pada pukul 13.00. | 23% ramai pada pukul 14.00. | 21% ramai pada pukul 15.00. | 22% ramai pada pukul 16.00. | 22% ramai pada pukul 17.00. | 21% ramai pada pukul 18.00. | 20% ramai pada pukul 19.00. | 19% ramai pada pukul 20.00. | 18% ramai pada pukul 21.00. | 14% ramai pada pukul 22.00. | 10% ramai pada pukul 23.00. | populartimes.popup.show; focus:pane.focusTooltip; blur:pane.blurTooltip; keydown:pane.escapeTooltip""><span class=""google-symbols G47vBd OazX1c"" aria-hidden=""true"" style=""font-size: 18px;""></span></button><div class=""eho6bd"" role=""tooltip"" tabindex=""-1"" jsaction=""blur:pane.wfvdle10.populartimes.popup.hide; keydown:pane.wfvdle10.populartimes.popup.hide"" style=""display: none;""><div class=""G1Ydic""></div><div class=""wLiIdd fontBodySmall"" aria-label=""Berdasarkan kunjungan ke tempat ini.""><span>Berdasarkan kunjungan ke tempat ini.</span></div></div></div><div class=""epArK""></div><button class=""MYZx6c Hk4XGb"" jslog=""18021; track:click;metadata:WyIwYWhVS0V3aUFtY1Q0NWNxV0F4VjRrdUVJSGIwRUhxQVE4QmNJQWlnQSJd"" aria-label=""Kembali ke hari sebelumnya"" jsaction=""pane.wfvdle10.populartimes.arrow.left""><span class=""Ups",0811-8339-7121,/url?q=https://swasanawedding.com/grand-slipi-convention-hall/&opi=79508299&sa=U&ved=0ahUKEwiAmcT45cqWAxV4kuEIHb0EHqAQ61gIFygS&usg=AOvVaw3EbhupXqgoCNKnL4wmObgx,,,,,2026-08-31T18:48:30.038042,168,true,true,3,"{""Parkir"",""Toilet"",""Kursi roda"",""Restoran"",""Bar"",""Memiliki pintu masuk khusus pengguna kursi roda"",""Memiliki tempat parkir khusus pengguna kursi roda"",""Ada toilet khusus pengguna kursi roda"",""Ada toilet"",""Tempat parkir berbayar""}","{""https://lh3.googleusercontent.com/gps-cs-s/AHRPTWlkFwd0lcLSNjyjSHyiZpuYBf0L4T7pEBnuxtBxejc4jEcUlTHN1gS7RxeHx7EWH1fgv0tcdtcHVYJpHCLT21FF3VcJhSe_7_kRGIEoOWK4p-iAaoJwSZtICdW2V72y2QuSZSCC5w=s1024"",""https://lh3.googleusercontent.com/gps-cs-s/AHRPTWnOiK-LSmFSLRhpyK6duXgMLYlyG4YxZd-SGnLAabKhmzesacRYMgnZiTOljhJZdhomT1ryjd6BOD-o0NQ_pHQArkzk47P1rbZwhPocvtDu-bOYCLWa7uqX3FwqZY3mb1HkMk8AnQ=s1024"",""https://lh3.googleusercontent.com/gps-cs-s/AHRPTWl89SFFZSQviu6xRUG8XXlOn3IzoLNdveVRHNiy2iQpEDiadiGFasEB-lbg9aM64W2scAKnic58R95k41SPdMEuJnOhZQ-oXT9CHxW9D62rqWxNzWLXFEJ3xA6NoR12agUe4VVy=s1024"",""https://lh3.googleusercontent.com/gps-cs-s/AHRPTWmXOP-DDIWcIFV0uSQgkCxiKdNy3ojeQUVRMRv1jgnwLVzO7zAJZ14ydYsWrVk2Xy7STDr_I8xcrsg_F79GIazHfF6srlkDzRmP217FQYm-_3BMl8O1abq__35qmFf46widSv5g6Q=s1024"",""https://lh3.googleusercontent.com/gps-cs-s/AHRPTWnQkYFrTaaEo6a1joON_Mpr8AaQsGK9QivK9IUVieMUJYrb9FHzEaALdxjtmFraOsFRqg5RJh4tRv8kduTeN4jfUM5bKnixf692ybl5BRoYT3WUODRfIcAXMQ9x83tnoXqI0I0gbw=s1024"",""https://lh3.googleusercontent.com/gps-cs-s/AHRPTWkwrdvWpSX0hDmVEsxi73b2MxhQwLnM3pdkc9_SACDjiJUeUj2RVDrOZfLu1CUMNPckDCLvVmJhZCY6ToETHqxsgf51APDftBU6tkq-Ygk0RkWUlI1-A5eeD6EEQtllSiQVQL0K=s1024"",""https://lh3.googleusercontent.com/gps-cs-s/AHRPTWnE36WGyQW5rTCRi5yupccPUhXitElEf4DrbWmDJIndIXOc3161dbaf8V6mA8bLLHyppjXGdycATqVOb8KK0WUS32zzG-0fSRMuU5DqCBrXvjyWstCv7eoog5PAkXid9ZG4s5R6J2vXspLo=s1024"",""https://lh3.googleusercontent.com/gps-cs-s/AHRPTWkGCW1HByf_qoMVg2fmS89moP-8Q5foRYMnthVGgs4ZzEOAGKtKjSdRdyJpItDJIkYCvFof0lClYphwULO5lD9UPiNwGYxrBMnHZV9NUQ69RChsC0XPaVQUZgF1P3nvqFl0XTJr=s1024""}",8
f03f1ad5-cc71-5a63-913d-b9638af0452a,11b7f1lgv6,0x2e69f6c06eff719b,aula,Aula Gedung Serbaguna Komplek Hankam Slipi,Aula serbaguna,{},"RQ2V+77G, Jl. Kiwal, RT.6/RW.2, Palmerah, Kec. Palmerah, Kota Jakarta Barat, Daerah Khusus Ibukota Jakarta 11480","RQ2V+77G, Jl. Kiwal, RT.6/RW.2, Palmerah, Kec. Palmerah, Kota Jakarta Barat, Daerah Khusus Ibukota Jakarta 11480","RQ2V+77G, Jl. Kiwal, RT.6/RW.2, Palmerah, Kec. Palmerah, Kota Jakarta Barat, Daerah Khusus Ibukota Jakarta 11480",-6.1993201,106.7931998,,4.4,811,,,buka,,,000000014901161,,,,,,2026-08-31T18:49:12.246025,0,false,false,2,"{""Parkir"",""Toilet"",""Restoran"",""Bar"",""Tidak menyediakan layanan pengiriman"",""Ada toilet""}","{""https://lh3.googleusercontent.com/gps-cs-s/AHRPTWmQ_dkcLeqyW12-fcFpYZhWnHwVfYuqNNY6qWwCixFl-P2-s-8kVcXFGshsOUlUcbZKZ236_YF-EHYM_52mymGTRDNlq8PKKTn8gFJp9SBLV6wqv3yk554clg0zG3CWScPM2NRGO7Nnl5yZ=s1024"",""https://lh3.googleusercontent.com/gps-cs-s/AHRPTWn6rbX9Nb2UMWciSHeS7z6GNT_dA6UWVOzbSBKzeBgDvrENrToZgmb8ab3yzLgLjxSYTwdmFWfmK3QhVOGZDDchzOckAr_-oTp9hiaSEBVol9sEmW-n5u3TTRLLpAgvsTH721m7UbsVDpU=s1024"",""https://lh3.googleusercontent.com/gps-cs-s/AHRPTWnBrpE0OlG8VwZTW2qG7yLYAJk27dBygOzjjUdYAmXi_uiF7OPOg6k1xN6FpHqHXDP91N7ee8JI5gfejvf9fjvPF-JC5NQ4KhHJC3_A-ewz4rKaYwJYeg2C3n7bd2mTWXyO0-O5-d_hsUgr=s1024"",""https://lh3.googleusercontent.com/gps-cs-s/AHRPTWlecvb5EVneMYCcQcbVbvlvfF3hBUKqjFfk7iYhF-_JMJ9KAOIQsNviqBmz_8OL1T5fnxDXrYr3H322upNth8Q920IuCltewGT5mx294eL84erp-sPSdnFRWbsLVShRblwivXQ=s1024"",""https://lh3.googleusercontent.com/gps-cs-s/AHRPTWlruqtQVqrqTxAYt3ODFcuR5OTtWoGrRoWiXVzSxR-lTJnhkjBa-YwB_wdlamIX9FrNTSfwP39vDo7e0aWwvsWU8mWVj-Nel3DPEEiW-y_q3WsesOgGVqX2GZ4Rn_YAg6qCEqbrb8ym6shT=s1024"",""https://lh3.googleusercontent.com/gps-cs-s/AHRPTWlosawmp-Krzd5Y9LEsWH2bVF3Zq1eBTJ4YUTz9iRkJGZpBX64SrRnorOQ3hPHO9d2udY1vxOyKCx6o_DYwg-ejWOWhd5rXrRqEVlt6SdBlTtU7XfVb3u9wuJnEVCdilpUyFy3hdmn82tYs=s1024"",""https://lh3.googleusercontent.com/gps-cs-s/AHRPTWm7qip-kWEZCNtsO-hZcXSvBBMHeSqE9OnLe-6JO-IE9QNN7-7qBYjAp6j2l_-Kk6GX0vvuUswYpAhPGAkUZA29xA5wt-yAtNTLmnpZl9odGtqaMUuHgTTByvMOQ4d4Mgv0CRx5Vyjs1TU=s1024"",""https://lh3.googleusercontent.com/gps-cs-s/AHRPTWmCVzcgKzqalUbDUE8BvH2oR05gY-gmJZffqQmKygr-tJB7AlUjkP8dyt3AYg3yiVgLY2ACx3t-U1s4CKdj4n2JV5Z7SFRZRKFjSKw5z3k3eFG-2dcw1o4Zk1DAxqk6CJtCqbNd=s1024"",""https://lh3.googleusercontent.com/gps-cs-s/AHRPTWm8LpGpOyWulefytFcrwDJo7hP6Dd0_aVCGn3ewKdp8Zj4dizvcVB2lQnK5K6WP-LdmNJD5wvI46b1TUij3y7X-6kYOse9fLb-skXJKq0PUY250lbScSFYDycbkB96wdrsvdYZTzoOHTAZK=s1024"",""https://lh3.googleusercontent.com/gps-cs-s/AHRPTWlRNbbDXK0Pf4yt1qvD1a8g8wTzXmg6HU4lDqaKDMs1ahGLRWay2p-nXjhN_fUqmUZWFmNhif4Um4K4_LhXCwvqKolmyYfJBLflm43RWr1dfL8gzm8qzNpI9ZhotUuGkJAZ8ilD=s1024""}",10
36234deb-3368-5704-88ae-2b46c4e8c6fb,11csqzbb8z,0x2e69f7f7705d77a7,aula,Gedung Pernikahan SMK AL HUDA,Gedung Pernikahan,{},"Jl. Outer Ring Road No.54, RT.6/RW.3, Cengkareng Bar., Kecamatan Cengkareng, Kota Jakarta Barat, Daerah Khusus Ibukota Jakarta 11730","Jl. Outer Ring Road No.54, RT.6/RW.3, Cengkareng Bar., Kecamatan Cengkareng, Kota Jakarta Barat, Daerah Khusus Ibukota Jakarta 11730","VP2G+4R Cengkareng Bar., Kota Jakarta Barat, Daerah Khusus Ibukota Jakarta",-6.1496503,106.7270006,,4.2,235,,,,,,000000014901161,,,,,,2026-08-31T18:49:54.040101,0,false,false,2,"{""Parkir"",""Toilet"",""Restoran"",""Bar"",""Ada toilet""}","{""https://lh3.googleusercontent.com/gps-cs-s/AHRPTWltIWo-C-RxTqPdZTnEH1rtrst-mzFQdL4zZU261lpfIIy93Enb0F1QyMgFO0fteLKMcUZ4qWv-xayO3Nqi604rLfJA8_mAmrvHkMkHSBwX8z95wj_n5xK649kZ03ox4gJM_SkO2A=s1024"",""https://lh3.googleusercontent.com/gps-cs-s/AHRPTWl0o08vZgMVhl_-mjsAAk0jPxhUNh6J-MYlLXkZAUtH6TxeDbeSJThAnxhmSSZJleMe8KydAZ0c_DeHb93Icfeh0eczzdsXQVK3PfsvnnWgHoBOOa-impPWkuZLg9EZnPRRYj5k=s1024"",""https://lh3.googleusercontent.com/gps-cs-s/AHRPTWknkp4KiOyWTRYwX5hlypdFu1uQQg7JHFRDV7Bhl5BzK5vINLc-y0Ag5tBYaiwpi475oLEL5nZ37FvrsRanH4BTEPKNwIvpfho-2QZYr87UNket8xNXu2FEiZzZNKe32xwZoLQl0GqrNuTV=s1024"",""https://lh3.googleusercontent.com/gps-cs-s/AHRPTWmBeaBeNnn7R-94tbhz_GOoKKyHge1xDWyQWOMHpvKMtiYodWmfDBmf2bRj2e6JDDZjxECNcSk_hHKSmBpQeznM-6dqPS4Jo94KVUvsFxEKRdv87EreKerI3KxRwQWujT6QmXRG=s1024"",""https://lh3.googleusercontent.com/gps-cs-s/AHRPTWm_s5AAGTCxIxK-s7wb6cls8gChj_iP_dxlMKCLdyBz9_MOVLyjPanljs4zwVGW5sAl2qsGQkfJ7Q_ML6N8AdvO9wzO0cO8Y1xjSuEPTtTFnrg2asn9ltMve07tWqZvVCLO-kia=s1024"",""https://lh3.googleusercontent.com/gps-cs-s/AHRPTWkvHxxEpRY72dq_cERBRtI1N0TFLiTvH3FKvzmMFxLahNgIIqHVjUksvn20ATQDPROWU7_LJGWWCfMUMKA69O8_kayAz3UxN_P04mGuRHZMA2YEHGpBT-wN4kFm3znr4J3-o49ZeMnL2V-4=s1024""}",6
35dfde75-57d6-5752-a251-48a9bafdf7ec,11sqd4mqhc,0x2e69f745e089a3b3,aula,Aula As-Saminiah,Gedung Pernikahan,{},"Gg. Pandan 1 No.11, RT.11/RW.5, Kembangan Sel., Kec. Kembangan, Kota Jakarta Barat, Daerah Khusus Ibukota Jakarta 11610","Gg. Pandan 1 No.11, RT.11/RW.5, Kembangan Sel., Kec. Kembangan, Kota Jakarta Barat, Daerah Khusus Ibukota Jakarta 11610","RQ93+52 Kembangan Sel., Kota Jakarta Barat, Daerah Khusus Ibukota Jakarta",-6.1820722,106.7525595,,4.7,3,,,,,,000000014901161,,,,,,2026-08-31T18:50:35.232427,0,false,false,2,"{""Parkir"",""Toilet"",""Restoran"",""Bar"",""Ada toilet""}","{""https://lh3.googleusercontent.com/gps-cs-s/AHRPTWnudK8oi4eNc-JOAEeNr1PM57RApjcuhkzRVkdmhtpHi0YX-GfMN6hQ0iH1dh5HVfgaFFvyQVTQVIEqEHxYxXqNA_g4x2_FSPM-R7QPKGzw8KF2Y71ynVUNK0i50o1_vft-bVXRyQ=s1024"",""https://lh3.googleusercontent.com/gps-cs-s/AHRPTWmQ_dkcLeqyW12-fcFpYZhWnHwVfYuqNNY6qWwCixFl-P2-s-8kVcXFGshsOUlUcbZKZ236_YF-EHYM_52mymGTRDNlq8PKKTn8gFJp9SBLV6wqv3yk554clg0zG3CWScPM2NRGO7Nnl5yZ=s1024"",""https://lh3.googleusercontent.com/gps-cs-s/AHRPTWldYlnMmN-YqZCpV-JnvW4fGV2p2vgBRATFrdnUBq35-O0hpAoSB77aG3AF4mi5GQvPRZre018LCdB46ZBTH-kMphCGsyt1OyqudZJssEZ1XESrBh-o0yiaaBbcqV5-HvdVyZWQD4G1IxHG=s1024"",""https://lh3.googleusercontent.com/gps-cs-s/AHRPTWlsO_1i9xpBIm2EJYPWhR6QwFa1dtVO94EiFotC8z9s-HGC2-sV7sRD8_ogUtE4w41BMnRw557r_OEmWQdSGa16Tsh3iz9P5VJM8gCokJNoo8u93Ya7cKCxxvKh3QEsuuc0tptu=s1024""}",4
6bda3d68-06c7-5300-bb0f-e0aef72c486d,11ymphhtzj,0x2e69f75f2abdd939,aula,The Cue House,Tempat Biliar,{},"Jl. Daan Mogot Km. 1, No 111, RT.10/RW.2, Wijaya Kusuma, Kec. Grogol petamburan, Kota Jakarta Barat, Daerah Khusus Ibukota Jakarta 11460","Jl. Daan Mogot Km. 1, No 111, RT.10/RW.2, Wijaya Kusuma, Kec. Grogol petamburan, Kota Jakarta Barat, Daerah Khusus Ibukota Jakarta 11460","RQPG+JM Wijaya Kusuma, Kota Jakarta Barat, Daerah Khusus Ibukota Jakarta",-6.1634835,106.7766664,,4.9,460,"{""Senin"": ""10.00–04.00"", ""Selasa"": ""10.00–04.00"", ""Rabu"": ""10.00–04.00"", ""Kamis"": ""10.00–04.00"", ""Jumat"": ""10.00–04.00"", ""Sabtu"": ""10.00–04.00"", ""Minggu"": ""10.00–04.00""}",Senin: 10.00–04.00 | Selasa: 10.00–04.00 | Rabu: 10.00–04.00 | Kamis: 10.00–04.00 | Jumat: 10.00–04.00 | Sabtu: 10.00–04.00 | Minggu: 10.00–04.00,Buka · Tutup pukul 04.00,"Jam ramai | Senin | 0% ramai pada pukul 06.00. | 0% ramai pada pukul 07.00. | 0% ramai pada pukul 08.00. | 0% ramai pada pukul 09.00. | 0% ramai pada pukul 10.00. | 10% ramai pada pukul 11.00. | 14% ramai pada pukul 12.00. | 16% ramai pada pukul 13.00. | 17% ramai pada pukul 14.00. | 22% ramai pada pukul 15.00. | 29% ramai pada pukul 16.00. | 38% ramai pada pukul 17.00. | 46% ramai pada pukul 18.00. | 46% ramai pada pukul 19.00. | 48% ramai pada pukul 20.00. | 49% ramai pada pukul 21.00. | 53% ramai pada pukul 22.00. | 48% ramai pada pukul 23.00. | 34% ramai pada pukul 00.00. | 22% ramai pada pukul 01.00. | populartimes.popup.show; focus:pane.focusTooltip; blur:pane.blurTooltip; keydown:pane.escapeTooltip""><span class=""google-symbols G47vBd OazX1c"" aria-hidden=""true"" style=""font-size: 18px;""></span></button><div class=""eho6bd"" role=""tooltip"" tabindex=""-1"" jsaction=""blur:pane.wfvdle10.populartimes.popup.hide; keydown:pane.wfvdle10.populartimes.popup.hide"" style=""display: none;""><div class=""G1Ydic""></div><div class=""wLiIdd fontBodySmall"" aria-label=""Berdasarkan kunjungan ke tempat ini.""><span>Berdasarkan kunjungan ke tempat ini.</span></div></div></div><div class=""epArK""></div><button class=""MYZx6c Hk4XGb"" jslog=""18021; track:click;metadata:WyIwYWhVS0V3aW8tcl9JNXNxV0F4VUVrZUVJSFlKOUNXa1E4QmNJQWlnQSJd"" aria-label=""Kembali ke hari sebelumnya"" jsaction=""pane.wfvdle10.populartimes.arrow.left""><span class=""Ups","Jam ramai | Senin | 0% ramai pada pukul 06.00. | 0% ramai pada pukul 07.00. | 0% ramai pada pukul 08.00. | 0% ramai pada pukul 09.00. | 0% ramai pada pukul 10.00. | 10% ramai pada pukul 11.00. | 14% ramai pada pukul 12.00. | 16% ramai pada pukul 13.00. | 17% ramai pada pukul 14.00. | 22% ramai pada pukul 15.00. | 29% ramai pada pukul 16.00. | 38% ramai pada pukul 17.00. | 46% ramai pada pukul 18.00. | 46% ramai pada pukul 19.00. | 48% ramai pada pukul 20.00. | 49% ramai pada pukul 21.00. | 53% ramai pada pukul 22.00. | 48% ramai pada pukul 23.00. | 34% ramai pada pukul 00.00. | 22% ramai pada pukul 01.00. | populartimes.popup.show; focus:pane.focusTooltip; blur:pane.blurTooltip; keydown:pane.escapeTooltip""><span class=""google-symbols G47vBd OazX1c"" aria-hidden=""true"" style=""font-size: 18px;""></span></button><div class=""eho6bd"" role=""tooltip"" tabindex=""-1"" jsaction=""blur:pane.wfvdle10.populartimes.popup.hide; keydown:pane.wfvdle10.populartimes.popup.hide"" style=""display: none;""><div class=""G1Ydic""></div><div class=""wLiIdd fontBodySmall"" aria-label=""Berdasarkan kunjungan ke tempat ini.""><span>Berdasarkan kunjungan ke tempat ini.</span></div></div></div><div class=""epArK""></div><button class=""MYZx6c Hk4XGb"" jslog=""18021; track:click;metadata:WyIwYWhVS0V3aW8tcl9JNXNxV0F4VUVrZUVJSFlKOUNXa1E4QmNJQWlnQSJd"" aria-label=""Kembali ke hari sebelumnya"" jsaction=""pane.wfvdle10.populartimes.arrow.left""><span class=""Ups",0889-2222-222,,,,,,2026-08-31T18:51:17.175311,126.0,false,true,2,"{""Parkir"",""Toilet"",""Parkir gratis"",""Reservasi"",""Restoran"",""Bar"",""Tersedia layanan di tempat"",""Menyediakan layanan pesan tempat"",""Ada toilet"",""Menerima reservasi"",""Parkir valet"",""Tempat parkir berbayar"",""Tempat parkir gratis""}","{""https://lh3.googleusercontent.com/gps-cs-s/AHRPTWlVbPbTj382UbIHQzFLMob4skcOvwQKHCVrAjzlbcxLBIutvejVCH5abKn_7BdyyI8Vrsepf3QsHlcj_Jb7T1EkR7StNQeVEvY06ofy5RNVylhHqDy1OdQYFebWqf_t_wyiaajVYk6a5xM=s1024"",""https://lh3.googleusercontent.com/gps-cs-s/AHRPTWnsVXfMIDflrWFw8Lkf3OuynYckb0Z9W5Fq_ERs6EF3jK5ZrulMNtzQJSFIGlA6aGMGWJeBbw3N6tpjPoErUFLSaeLgYYaap0nL2kand_JyhsJGJli-w6y1NNGejKxCaH0pE3lQxViAFtZQ=s1024"",""https://lh3.googleusercontent.com/gps-cs-s/AHRPTWmkG-Qz2bMun6LKaRCfFmhndgHjymbRIkk1tgvKeeR-6A9nwaLafjyznq3jOVuy-mpM7OY9IKK4aqpnd2G5G5lm7d1QSIRQbQNeNe88frdBi2zphxIFw7jLvvXRFpQVibDoocIY70UY3fIU=s1024"",""https://lh3.googleusercontent.com/gps-cs-s/AHRPTWlPOWFzgjWo7Ew34afZ5Ep6_Ge4AyzWRaOk0d8u0pneoHmfuwkFS-HcGNQXDIy0jWRfgpEW-mNrYueCQfHZTBRelS2K8HINw6svgt14aLvdHkNt8wtOOC3IxEr2iDHe7CSPVsVGByEulXbK=s1024"",""https://lh3.googleusercontent.com/gps-cs-s/AHRPTWnnpg9EkzdAJ2_KNKxVPl3JqMeutHd0wVpMwA7UbVZXkM9FltodtTbpikEOfcyFJJKAQgSQ-WJ4jiJh1aQ-GyWszyI7BJQdiGZa4rN1I2IubK6bV0FrwC_pptLsUWBJ1e6hGoEN-YgGFIw=s1024""}",5
2c8b3edf-85fd-5832-a95d-67c3cd2b9ce1,124yf5fvc,0x2e69f7c118d9cf7f,halaman,Residence Casa Jardin,Perumahan,{},"Jl. Daan Mogot No.11, RT.1/RW.4, Kedaung Kali Angke, Kecamatan Cengkareng, Kota Jakarta Barat, Daerah Khusus Ibukota Jakarta 11710","Jl. Daan Mogot No.11, RT.1/RW.4, Kedaung Kali Angke, Kecamatan Cengkareng, Kota Jakarta Barat, Daerah Khusus Ibukota Jakarta 11710","RQV2+RG Kedaung Kali Angke, Kota Jakarta Barat, Daerah Khusus Ibukota Jakarta",-6.1554385,106.7512724,,4.4,1741,"{""Senin"": ""09.00–18.30"", ""Selasa"": ""09.00–18.30"", ""Rabu"": ""09.00–18.30"", ""Kamis"": ""09.00–18.30"", ""Jumat"": ""09.00–18.30"", ""Sabtu"": ""09.00–18.30"", ""Minggu"": ""09.00–18.30""}",Senin: 09.00–18.30 | Selasa: 09.00–18.30 | Rabu: 09.00–18.30 | Kamis: 09.00–18.30 | Jumat: 09.00–18.30 | Sabtu: 09.00–18.30 | Minggu: 09.00–18.30,Tutup · Buka Sel pukul 09.00,,,0812-1216-2348,/url?q=http://casajardin-residence.com/&opi=79508299&sa=U&ved=0ahUKEwjxv7_c5sqWAxVSjOEIHfWPB-cQ61gIFygS&usg=AOvVaw1pfDOpmhE62pkAXWBY3Goy,,,,,2026-08-31T18:51:57.575408,66.5,false,true,2,"{""Parkir"",""AC"",""Restoran"",""Bar"",""Kolam""}","{""https://lh3.googleusercontent.com/gps-cs-s/AHRPTWlirFuFIvBv7DIZUZzklkiGaf-TozXNBnhDgpz7DOIT29Q7dEJQxaGFpDlWq8NDraFw-_25PPMZNl0CLJVwUpgWLZ9O-cWrUIRvmh7mpI5-RV05te2aCWkq6f7TWS3oTWs0BI9v=s1024"",""https://lh3.googleusercontent.com/gps-cs-s/AHRPTWkAk_ls1MG9vXT_Rg64HA2I-LwSNr7zfppCaYR3L3A_7HjnofBJRoU873EqFIcv9CPlzNKZhetoiaxI_XMdxvdnclA_iHw3XsStPF8364qDLSoNVjt1Qgy3oA0IP1mqwcKK_89i=s1024"",""https://lh3.googleusercontent.com/gps-cs-s/AHRPTWmVAh1kKl9COm0MMhBd3uHfwd6GMZ87xHSv9P75wRZuB_ynofXLM63yARMbiFCSKhem7vzRRPmti5XMpWBmDC9CHTNAc7ZVukKm9Uoi1R6muPswMV83fupXymLJ5pAgdPazItHak3uU8FPU=s1024"",""https://lh3.googleusercontent.com/gps-cs-s/AHRPTWlLXUOOSEapPC5k8nLJKze6PatlWtLFwFUxFRClJDwIkoKEsusMSvpeF3VEutb000CnXcAZJdOYJDgjKEjIShdI_cyzvXvr4nfk8EWHQq7B4K6hLMgY2PbpNtd5qub_Sxh1a_Gj=s1024"",""https://lh3.googleusercontent.com/gps-cs-s/AHRPTWk3qkxk7mz1HKW2_R1F0IT9sujDk5shMJiCGFgEcL9d7Tu4TY4r6VWo8IAKirw41vCEGoKKfAautUi9z3rLph9Wzc6WKtVBpBhjCU_C1O_Jz1znfbuO5HFH1GTDRr4aSsBHtsG_=s1024"",""https://lh3.googleusercontent.com/gps-cs-s/AHRPTWmwCnta6IrJ2wh_kP9JMvKjHnys-mfDaem2ZGjV_MGXdTAlv09mrGQpZa-YBWYNuKvHehZOvxe2GxZDtPj0T2PhRJkpIn-RH3gNM_SUWUFufbD9HeaNVsTJvvj1Q-BV8bcKHgHVuA=s1024"",""https://lh3.googleusercontent.com/gps-cs-s/AHRPTWkeEEZQ3Xz2DXKRhBbtmkziirx73i5O902FxdANrpiFMcBFrUX1A9Yt5jnujEaC8ODy0LZBmAm7Q11DUMW-1uFmqYVJB0o2W153-pnsQkM9EbSxt8lptO2l3dKasD1pG7NxdJhj=s1024"",""https://lh3.googleusercontent.com/gps-cs-s/AHRPTWk0v-zyN35HQ8dtw-s_qCMCxwtdempFK1r7VDAk9_YYfxDmCmkacPk-Xqsh6O4CFJc5QlEOEj-FpHGG5o7F--VcMx3OePkFCva5MvO2Jiy2bbepImZGK5daQNZqYiVqBLpTxy-5=s1024"",""https://lh3.googleusercontent.com/gps-cs-s/AHRPTWmBKdvbnd-5HEdEfn2qchxzabLHQZlj6BSW0yJhr-9k_nuP4qyMEyrM2GT2OrreJM4uH58qSdxpLaQ56hZ1CIFeJVga7YHuSKK5jT-XwkktB38zU97ueioeMD1Gdfsl9fhC6enc4glLmMcI=s1024"",""https://lh3.googleusercontent.com/gps-cs-s/AHRPTWkp0fMaS59H69gNvQf30dvU3wneopMdZwL45Q4Imk-tdaK5ZR6zLu-q1cNszDo97U7ogh1xrfImhN-Mr3498gY2q9vyevJadFcG3KJDfDpEu6G1iQ3b0bVh2iEMBJNL6agtguQp=s1024""}",10
517424ec-5404-5e73-bb4a-99479982a19e,1yh5tbccd,0x2e69f65f2441833b,halaman,apartement royal mediterania garden residence podomoro city,Gedung Apartemen,{},"Letjen S. Parman No.Kav.28, RT.15/RW.5, Tj. Duren Sel., Kec. Grogol petamburan, Kota Jakarta Barat, Daerah Khusus Ibukota Jakarta 11470","Letjen S. Parman No.Kav.28, RT.15/RW.5, Tj. Duren Sel., Kec. Grogol petamburan, Kota Jakarta Barat, Daerah Khusus Ibukota Jakarta 11470","RQFQ+CJ Tj. Duren Sel., Kota Jakarta Barat, Daerah Khusus Ibukota Jakarta",-6.1764391,106.7891217,,4.1,225,,,buka,,,021) 29206288,,,,,,2026-08-31T18:52:39.511943,0,false,false,2,"{""Parkir"",""Kursi roda"",""Restoran"",""Bar"",""Kolam"",""Gym"",""Memiliki pintu masuk khusus pengguna kursi roda"",""Memiliki tempat parkir khusus pengguna kursi roda""}","{""https://lh3.googleusercontent.com/gps-cs-s/AHRPTWmLhUym9ZdHvPbP2YUqql7CwSYKjNNYkWn4aexVmcTwtBcmwHF44rcGwFxjEXvG1PrP2j8wiy6PgtWnbstoz_-RKBWuJIrnE-naHm3XPsC0Yxg7onZqU4-vu8LegBPxQq6WKM46ZA=s1024"",""https://lh3.googleusercontent.com/gps-cs-s/AHRPTWn1byHk2XfYzL-lsT14d-mkOqYd5XjlHarDF5x1w3R7Vsqp6wrgOOnAvpJ-amVrMj2sagXZxUMrpLCizi7YR00dk2CYxnSkSyhBetPLWrmBZos9tE0BBsnvDQtJoKdaX5yEj41cHZqshVQ_=s1024"",""https://lh3.googleusercontent.com/gps-cs-s/AHRPTWn0qygn2bGdIjGY97NkFL9Lf5BOuU2eXadpZZZ7QIcbAiPrOb6R6DwVi_maDFNfWmzTE4fNRHhmaEx-cRQ9OdNSw6WAhpyJvb_S_axMzw0VbWrLHFCikrcnvwNxXATZaSHzrcc=s1024"",""https://lh3.googleusercontent.com/gps-cs-s/AHRPTWlv6BtqhSeKdbE4oTosJwl0M5msdplmvc4ih42utK4eLaM6kAvOAXGqZktJ0w9z-1DDPpNxpMt2S0qsWtRwR_Ym31FNN2C7-y7KK9-IAOav-mC1NYwc3yTB3ZP8udgRqVK0Tj6D=s1024"",""https://lh3.googleusercontent.com/gps-cs-s/AHRPTWnLyxcQwRVubaBG9hsdjDb9k5fIvdgEFebAZoepI3iKjdsHoMGtY0uB2LmYYRrQZTvkf9I66rp1RnIwNzjCKEYO3RsNXShgcw6kIFpahROsUQCn5FZRTXSjkWnEQB0eUltUE9-XDjRU7N81=s1024"",""https://lh3.googleusercontent.com/gps-cs-s/AHRPTWmfs9Ab6N8_3WIRy--iU3iUv9IzNHTDI6LrZj01WgZwEQUB4ZbrX0Eb7K7iqTeA6oLHNZhOrfU0v-hz3wj-lW3vMN4KyZzJi4oZmqcstT8QxVp8wpSFeWg7etICtNtNc_FkMu2C=s1024"",""https://lh3.googleusercontent.com/gps-cs-s/AHRPTWllWTsIFIkwbud1cRqAM94URkIuS3yhApGn5kY8Br3Xbn4b4iPnG28J10c5RUeA8BbYqaIsgzs3swu3qj1SVOMDgAQub2fyzGtkk9sdwxbPHrA2B75zWSwiI_4EhI7jRh2MDoNW=s1024"",""https://lh3.googleusercontent.com/gps-cs-s/AHRPTWlBJwNnUzQDOTfxb9KfngRHFn4xDtz-qIEVxvG_K8AYpcjJ_iTlEQkNej5WcPEkBqvzKrFDcDnXZYxIMGEGjcoB25iGiF68JK0wfGuQHDMiid3l_l9Rf8Xru7AcvDesZRMgdVWyf1ev_to=s1024"",""https://lh3.googleusercontent.com/gps-cs-s/AHRPTWlzhfDNa0EOUgrWhlkk1aHg1x3vu55O9N8mw2q8jnKS9fMo3uVM_fi-la7CunvWWM3rgnR7RqBeIf1ECFDWR6vamWioQUebGoidX3YeXdhukwltIAmNOCpNExJwn_E6KGUDfzIAoA=s1024"",""https://lh3.googleusercontent.com/gps-cs-s/AHRPTWnJ6VXd-72VJHSFxqaJF-gqgYp7EPLL4DTWoES3xr5L41KSAZFTPrhYWVZ6oeYR03BeKOhLn2N2LYSS07X97P706wlCOeWsMgc15Wyq9UhPz9UD4CLr6TcoMg3qXuKL01XeTsdZzs-2iMYv=s1024"",""https://lh3.googleusercontent.com/gps-cs-s/AHRPTWlBPunFp7u0wT62F0f_ieyMpidJVa-GgIa28ov2sfdfB8TMg1rJUyPcS6eiv1zouMh8C6bQGhtq5edx9QWU6ZSHWkMjU6jWUHqzB7q8caaNbX6A1hBrQg8cIzOeZ3biab1fP8Cn=s1024""}",11
4bd218f8-a8b2-572b-85c4-89c05d8bfc9c,11mtn1pm64,0x2e69f7094e9b6755,halaman,Club House Casa Jardin Residence,Tempat Fitness,{},"RQW3+86R, Unnamed Road, RT.1/RW.4, Kedaung Kali Angke, Kecamatan Cengkareng, Kota Jakarta Barat, Daerah Khusus Ibukota Jakarta 11710","RQW3+86R, Unnamed Road, RT.1/RW.4, Kedaung Kali Angke, Kecamatan Cengkareng, Kota Jakarta Barat, Daerah Khusus Ibukota Jakarta 11710","RQW3+86R, Unnamed Road, RT.1/RW.4, Kedaung Kali Angke, Kecamatan Cengkareng, Kota Jakarta Barat, Daerah Khusus Ibukota Jakarta 11710",-6.1541318,106.7530167,,4.7,47,,,buka,,,021) 54372225,/url?q=https://www.casajardin-residence.com/en/facilities&opi=79508299&sa=U&ved=0ahUKEwiu7oCE58qWAxWHm-EIHUB-ATgQ61gIFigR&usg=AOvVaw2OmnM_Cy0A6SHHcPw6xPPz,,,,,2026-08-31T18:53:21.481888,0,false,false,2,"{""Parkir"",""Toilet"",""Restoran"",""Bar"",""Kolam"",""Ada toilet""}","{""https://lh3.googleusercontent.com/gps-cs-s/AHRPTWn12VxYDlrni_eMc46fDrG3GF6L4pXSzYFQCoxHQvkfUfuYaQW1M6g4YBgPO07aDJ4wfLI7PVuWujnXZpNBpBXYVpTuvFmcrkeTXDP6ecuBtSRYhZzgQmq0mN6ogYRG1lvzGUkY=s1024"",""https://lh3.googleusercontent.com/gps-cs-s/AHRPTWneElEkPjI6KduXuvBAVOHohVGb2SSchU2pQa7w15_GwDoOcg7IlJ_lG1f9J2ldPjmgmM303w2vE6GnnZsUbTWJ4WWWYcLd00ITfAfTzCBKFOTM_ZPYT4NzBzpeswTWyGuYq_8=s1024"",""https://lh3.googleusercontent.com/gps-cs-s/AHRPTWlVyiwHYB1yeLRCSG4vM0aRZM_-YhUxVw4tL5g0npt4V5EwK9kYBk50VKQdjjQfM826W7Wt8wif-AIBfhKSZq4kXZnQj1CDqcRd8QJRRTcBCBwky9wHVHON05W2gtymrDPYxwU=s1024"",""https://lh3.googleusercontent.com/gps-cs-s/AHRPTWnauuRjTzC-Q6oXI-EoARrzK-AsExR_qPp1QWLWEgvOJ1KeKgpCVpX1VfrxaT51-YMxob-KjVSZXMkrRj7LwR7Hsi7FBoGhI-PoiyaVy-zHISP_Co2VoKvK0rZcR0-ZK6XuT7vW=s1024"",""https://lh3.googleusercontent.com/gps-cs-s/AHRPTWlirFuFIvBv7DIZUZzklkiGaf-TozXNBnhDgpz7DOIT29Q7dEJQxaGFpDlWq8NDraFw-_25PPMZNl0CLJVwUpgWLZ9O-cWrUIRvmh7mpI5-RV05te2aCWkq6f7TWS3oTWs0BI9v=s1024"",""https://lh3.googleusercontent.com/gps-cs-s/AHRPTWnfMG8cjuQ_EQbjTZv2zPpXHk7UrBLkw-YYNL66KI_FxB3dvaZZSTtvzJboSkPUmPg4w9meFkpkx-9kEqQIrpkCHwsfLn1WLjHMpE9Rz412G1DLCnhLGXDZtbZsVug9pavJh6QQnO-C2Vhv=s1024""}",6
2d67d794-a276-5038-9ba8-d51bfdbef948,1tkhffl3,0x2e69f6511172ce95,halaman,Tangkas Sports Centre,Kompleks Olahraga,{},"Komplek Greenville, Jl. Tj. Duren Barat, RT.11/RW.9, Duri Kepa, Kebonjeruk, West Jakarta City, Jakarta 11510","Komplek Greenville, Jl. Tj. Duren Barat, RT.11/RW.9, Duri Kepa, Kebonjeruk, West Jakarta City, Jakarta 11510","RQJG+JR Duri Kepa, Kota Jakarta Barat, Daerah Khusus Ibukota Jakarta",-6.1684245,106.7770855,,4.9,3624,"{""Senin"": ""06.00–00.00"", ""Selasa"": ""06.00–00.00"", ""Rabu"": ""06.00–00.00"", ""Kamis"": ""06.00–00.00"", ""Jumat"": ""06.00–00.00"", ""Sabtu"": ""06.00–00.00"", ""Minggu"": ""06.00–00.00""}",Senin: 06.00–00.00 | Selasa: 06.00–00.00 | Rabu: 06.00–00.00 | Kamis: 06.00–00.00 | Jumat: 06.00–00.00 | Sabtu: 06.00–00.00 | Minggu: 06.00–00.00,Buka · Tutup pukul 00.00,"Jam ramai | Senin | 0% ramai pada pukul 05.00. | 19% ramai pada pukul 06.00. | 29% ramai pada pukul 07.00. | 39% ramai pada pukul 08.00. | 44% ramai pada pukul 09.00. | 45% ramai pada pukul 10.00. | 41% ramai pada pukul 11.00. | 35% ramai pada pukul 12.00. | 33% ramai pada pukul 13.00. | 39% ramai pada pukul 14.00. | 52% ramai pada pukul 15.00. | 67% ramai pada pukul 16.00. | 76% ramai pada pukul 17.00. | 72% ramai pada pukul 18.00. | 60% ramai pada pukul 19.00. | 45% ramai pada pukul 20.00. | 33% ramai pada pukul 21.00. | 24% ramai pada pukul 22.00. | 18% ramai pada pukul 23.00. | populartimes.popup.show; focus:pane.focusTooltip; blur:pane.blurTooltip; keydown:pane.escapeTooltip""><span class=""google-symbols G47vBd OazX1c"" aria-hidden=""true"" style=""font-size: 18px;""></span></button><div class=""eho6bd"" role=""tooltip"" tabindex=""-1"" jsaction=""blur:pane.wfvdle10.populartimes.popup.hide; keydown:pane.wfvdle10.populartimes.popup.hide"" style=""display: none;""><div class=""G1Ydic""></div><div class=""wLiIdd fontBodySmall"" aria-label=""Berdasarkan kunjungan ke tempat ini.""><span>Berdasarkan kunjungan ke tempat ini.</span></div></div></div><div class=""epArK""></div><button class=""MYZx6c Hk4XGb"" jslog=""18021; track:click;metadata:WyIwYWhVS0V3aWRtT1NYNThxV0F4VktsZUVJSGU4YkdPSVE4QmNJQWlnQSJd"" aria-label=""Kembali ke hari sebelumnya"" jsaction=""pane.wfvdle10.populartimes.arrow.left""><span class=""Ups","Jam ramai | Senin | 0% ramai pada pukul 05.00. | 19% ramai pada pukul 06.00. | 29% ramai pada pukul 07.00. | 39% ramai pada pukul 08.00. | 44% ramai pada pukul 09.00. | 45% ramai pada pukul 10.00. | 41% ramai pada pukul 11.00. | 35% ramai pada pukul 12.00. | 33% ramai pada pukul 13.00. | 39% ramai pada pukul 14.00. | 52% ramai pada pukul 15.00. | 67% ramai pada pukul 16.00. | 76% ramai pada pukul 17.00. | 72% ramai pada pukul 18.00. | 60% ramai pada pukul 19.00. | 45% ramai pada pukul 20.00. | 33% ramai pada pukul 21.00. | 24% ramai pada pukul 22.00. | 18% ramai pada pukul 23.00. | populartimes.popup.show; focus:pane.focusTooltip; blur:pane.blurTooltip; keydown:pane.escapeTooltip""><span class=""google-symbols G47vBd OazX1c"" aria-hidden=""true"" style=""font-size: 18px;""></span></button><div class=""eho6bd"" role=""tooltip"" tabindex=""-1"" jsaction=""blur:pane.wfvdle10.populartimes.popup.hide; keydown:pane.wfvdle10.populartimes.popup.hide"" style=""display: none;""><div class=""G1Ydic""></div><div class=""wLiIdd fontBodySmall"" aria-label=""Berdasarkan kunjungan ke tempat ini.""><span>Berdasarkan kunjungan ke tempat ini.</span></div></div></div><div class=""epArK""></div><button class=""MYZx6c Hk4XGb"" jslog=""18021; track:click;metadata:WyIwYWhVS0V3aWRtT1NYNThxV0F4VktsZUVJSGU4YkdPSVE4QmNJQWlnQSJd"" aria-label=""Kembali ke hari sebelumnya"" jsaction=""pane.wfvdle10.populartimes.arrow.left""><span class=""Ups",0811-1575-587,/url?q=http://www.tangkassc.com/&opi=79508299&sa=U&ved=0ahUKEwidmOSX58qWAxVKleEIHe8bGOIQ61gIFygS&usg=AOvVaw08-fmW_fVD3dtYimlLNlXS,,,,,2026-08-31T18:54:03.381845,126.0,false,true,2,"{""Parkir"",""Kursi roda"",""Parkir gratis"",""Restoran"",""Bar"",""Memiliki pintu masuk khusus pengguna kursi roda"",""Memiliki tempat parkir khusus pengguna kursi roda"",""Parkir di jalan gratis"",""Ada tempat parkir di lokasi"",""Tempat parkir gratis""}","{""https://lh3.googleusercontent.com/gps-cs-s/AHRPTWngYnHGNQWrAQbTFmXCxdlPm0p5B0zkKg1PVo3ssOoMQkJEH4btuE6R8fZh5tx08QExXp8g_C68TFC9fYF0qCnUv4PlbwZt0uqVwzd3sBD0oJhkbni8z3cilsNXniLfoN1k2ndWRg=s1024"",""https://lh3.googleusercontent.com/gps-cs-s/AHRPTWlZyspvoMc_UQ4AO4F6yhrY9kCK9y93nWHiEU4d8D9VDAXxL8eIIqKvPBsMCfVlgbrK0qqkaJgTKvb3NCqeiHRvUe5OMsZOSO6fe9raxx7t9uuQ41PDq2EOjwL9vMvVv729YECr44bP4RFO=s1024"",""https://lh3.googleusercontent.com/gps-cs-s/AHRPTWlnhs63tYKdy0WtoSWHoExbIymXYTFvxOnmlA0Vts0hNCV3D6A3lfdKHwwA44J-ME6ecv4B-tV7wPjLVnNLdMWUP0d95zMD2v-2KA6PYtmybQjwYswdn2yXmdfMOM75pWtm2hLbNw=s1024"",""https://lh3.googleusercontent.com/gps-cs-s/AHRPTWlxRBY7cH36tHG-84lIc61fC9T8ICILJLmJIjfQ5p2aus7Pc18rgk65K5nGDTUx9jvVnORhcGIDIGl36cFm97U9zL6d19ipbylfGg7olXsX6bGgTrv9QoalNZkffeWHj-gvAIis_Q=s1024"",""https://lh3.googleusercontent.com/gps-cs-s/AHRPTWlSMuZq3qrFRy4nFOTfmVjFuG7vqaNXIUIXi1_o7WCfzJxxNQbXgzqnlSW8SxKgT8_tz9z4ozYC9dp95JdjcQkgqjc3NbNxMQHx6DpUdf4WiT46sVV0UeQYiJ5a5nJyDS98cSLCEg=s1024"",""https://lh3.googleusercontent.com/gps-cs-s/AHRPTWlHQReJu7iB8ImiWoEUqca06rRL-wda0Azrsl2g6eYuc05CTTpHtLs2gVvk59ZEXqvF3ZH7sRIx3Hhcgzbm_rHHRuOmBCY9VYWTVzPagbI-rQaqC_QNEvPsXYn5TmqO69fK2WlUFA=s1024"",""https://lh3.googleusercontent.com/gps-cs-s/AHRPTWlq6fcaOcNU-hnyfXD7fcfYkCZKu7n8r88Z1QTIpBbKPaD8EXkmmZDmxxRXQ9dyI54bShwnjCSntqMOzCqKQzXaWUyAe3PZtG8rJC2JlCJGxlFnTSJrJtEzoKd451nV-7dEGD1H=s1024"",""https://lh3.googleusercontent.com/gps-cs-s/AHRPTWn2os0NA5DDfjDxZBW2fFxnq6jwMRevsFtaPsT749HH79E03UPRzEKzlzgA3p1gEcQabr-bYbNOGycarA-j-CcUz74JlvQq7deRm1AofqWeozVR28pGM88j6Mpykk2IkC4GzNcw=s1024"",""https://lh3.googleusercontent.com/gps-cs-s/AHRPTWnnPVHPDPX7mTDKBTnPGovaY6xmPnvlLxxG1XVDRzXFUGPONzcJV0FJEesf2CEnxmlUAKQzjvd7-JPnmam-k6xaKwxO-nrYp-b2hcTBiaKqJE6RBhBsPB1GFl0Sds-41FSgCtI=s1024"",""https://lh3.googleusercontent.com/gps-cs-s/AHRPTWlVvfeC1rc_1tmVwaIDudlZd5AmzkhfpQAH75VoIEZQhks8Agx-QJBhaKDX8TeLoHbreXmEuxsSVN5Fn0f5B9K-hL9JDiLu1lBVyk6GChAr06ikzvaStdCIY7j1u03SWRVz2XI9=s1024""}",10
f04edfab-d9a8-5dca-bb81-b7bc2d5965af,1hm5d8pwc,0x2e69f70a5f6e850f,halaman,Komplek Kedoya Garden,Komplek perumahan,{},"Jl. Kedoya Garden No.11, RT.8/RW.5, Kedoya Sel., Kec. Kb. Jeruk, Kota Jakarta Barat, Daerah Khusus Ibukota Jakarta 11520","Jl. Kedoya Garden No.11, RT.8/RW.5, Kedoya Sel., Kec. Kb. Jeruk, Kota Jakarta Barat, Daerah Khusus Ibukota Jakarta 11520","RQC2+68 Kedoya Sel., Kota Jakarta Barat, Daerah Khusus Ibukota Jakarta",-6.1794086,106.7507906,,4.4,223,"{""Senin"": ""Buka 24 jam"", ""Selasa"": ""Buka 24 jam"", ""Rabu"": ""Buka 24 jam"", ""Kamis"": ""Buka 24 jam"", ""Jumat"": ""Buka 24 jam"", ""Sabtu"": ""Buka 24 jam"", ""Minggu"": ""Buka 24 jam""}",Senin: Buka 24 jam | Selasa: Buka 24 jam | Rabu: Buka 24 jam | Kamis: Buka 24 jam | Jumat: Buka 24 jam | Sabtu: Buka 24 jam | Minggu: Buka 24 jam,Buka 24 jam,,,000000014901161,,,,,,2026-08-31T18:54:43.826046,168,true,true,2,"{""Parkir"",""AC"",""Restoran"",""Bar""}","{""https://lh3.googleusercontent.com/gps-cs-s/AHRPTWmCCGrqATBEgLTyTL8bccSwLcBbX1BN4AbgtyNijCSjif1H5QaDU9vOGMJFNwoyd_FsKKt1t_-JuplibvliG6RthfxAmAq1o61Pc_QBtZpVStYYEQkcdJ5sq_k4oBPrqAucdDLP=s1024"",""https://lh3.googleusercontent.com/gps-cs-s/AHRPTWmm5SSAFq1FN0B_pzpPwzT40IjDTyv-vpFFIfFl-BtjrduZSTrgzJkks6wVDQAbVXHMYC7uLXCwJ4UXiks6_Pr0HnQuI4284A7EJbfK-nS3Et1VYF4kRrxceTqr6R1hUK1qVoHD=s1024"",""https://lh3.googleusercontent.com/gps-cs-s/AHRPTWkW6j-4qKMn6ifDh9FrlI3yAL_5GypJcCNoYZscOliT3QM16wGZZmnubyi8nMYIHVdt5st7tSSj6xfRW-AD-cH1I0HYyAhrB-JwKbMGu-uQGaUg58Mcm-O9hf5aLtvA4XRj0IQjdbsrjwwh=s1024"",""https://lh3.googleusercontent.com/gps-cs-s/AHRPTWnrmPmkHK8IADRX0OqzZGOpByYrb6pqyxtXMjEP-hNu8Rfxnvx0TSrlOIecL0RlhRAilJT0QG7NCU8lpogFQuGKai8M2Mc2N1qy2_SrbnGfPR32KDDDiaTThLllHxj4ldpZ0oqB=s1024"",""https://lh3.googleusercontent.com/gps-cs-s/AHRPTWkzr1KcM_3vv2frevCaZg9acjoPQ7yjv8U2kVBp8_4-HTK-qW5EeolAIoX3-0oe45Z2-BqpZPlTHHki2KM8ge-puuPE8PpZPZyPW2R_S8d34qbUir0GvZ-bBs-HV0oEhQP8OsQ=s1024"",""https://lh3.googleusercontent.com/gps-cs-s/AHRPTWluMJjk-mhC7W-iEiaqMBI_Gy11iclgF4IgVaokyIwZzFZ3P6CcLCay6cw10tAB9jFpLLAUIUYeNCk8M0ERLE9DCzq44MXFWm6qISSdIkNPyu3CXc2vf6RdK5cf0sRok3j9uwf7vjVV4M8=s1024"",""https://lh3.googleusercontent.com/gps-cs-s/AHRPTWm2Oy8_Bk2CkRpyFSslCqOWK60unwDxHu1o_DNtqu9t4MxkBJngGzYRCAGOG8FlRUqUYwshhJcXFwRGJku1ZDOQiSuhgRMNa3ugBNKAVvNbBV8hxGQHPe7jqiTlRDDEt7JYSXaw=s1024"",""https://lh3.googleusercontent.com/gps-cs-s/AHRPTWmvOlM5dIBf9lqHOOdWcoLrqiwIxsYlk_urcUx_jOqNuA6N-cmFzzGC9eJDalLuHjyQnT65p7SCh2Be3GXjvfF7JdGkciUKSiZIpVO2TeVxJNddyx1kx_z1FFJulbmtLr0j5ibfiQ=s1024"",""https://lh3.googleusercontent.com/gps-cs-s/AHRPTWkb1RTUreV7l-RqoRW1xnzoOICY_FdpylP5zxPLtap1F_Dh7opU-UA_BinI6R_TyUW00s-9Lla1g1U5Kv-4Eg2s6X2QGdWr9NYgjutsSeL5Z01LjqY4IcVf_2B3G-BaTUGtRSoG=s1024""}",9
e6adb728-5bd1-53c8-bd43-67b07d4a1c2b,1hm4911y8,0x2e69f715f7737787,halaman,Camden House Residence,Perumahan,{},"Jl. Siantan No.3 4, RT.4/RW.8, Srengseng, Kec. Kembangan, Kota Jakarta Barat, Daerah Khusus Ibukota Jakarta 11630","Jl. Siantan No.3 4, RT.4/RW.8, Srengseng, Kec. Kembangan, Kota Jakarta Barat, Daerah Khusus Ibukota Jakarta 11630","RQ22+FW Srengseng, Kota Jakarta Barat, Daerah Khusus Ibukota Jakarta",-6.1988179,106.7522752,,4.4,137,,,,,,021) 5865667,,,,,,2026-08-31T18:55:25.688750,0,false,false,1,"{""Parkir"",""WiFi"",""Restoran"",""Bar""}","{""https://lh3.googleusercontent.com/gps-cs-s/AHRPTWlv8IfbToBNLTlKisippvrMRx3P2nYEXOcNr4STxmXqTGXUJJFi-p7uYvVhWG7KSlXZ1c3TOq0MYqz1QbYWT9BkquWnCCZS-NrbnRv-VaOYGeGFCzPnH8P6tatY9FWQVQSMwWpk=s1024"",""https://lh3.googleusercontent.com/gps-cs-s/AHRPTWn7leSF4qT7eSwYKj5zkC2blLGjZ55L1bxvPZ-FCrWsiHTbtyXT1kqgAOdmSfPCFW7noc63PPdeH-4iSM325iRcjzbpsvqdrjNaGo_HJiWvimGkxa_BI9gEBdn5T7FgKO6K5PBbDtAO-JvX=s1024"",""https://lh3.googleusercontent.com/gps-cs-s/AHRPTWmOCtIIl0UOpwXN4SdcTIlEbAnal6aFE9NoGyCNsH5l6zbqhqehnRMbXhWMW9MsLL7lFtXOc9ufD60xkOHjBK60vn3gvFQf1bn-vY9IBSdbfSbjOQxsjNwXciAAaZds_K6DAA7s-A0uvZ87=s1024"",""https://lh3.googleusercontent.com/gps-cs-s/AHRPTWlgL2AP_Xwl6a7OVAaRks4Lo7ukaD3mO80FkMQZSltPdOgpE6QtxLvJICI1oL0igc1xV-ZBLW-4bGlkCXZhMb71_ZqN2X4AIcp4q8btCHkL4Js-mBoAuBiITyrk00A_rmjYKMoO=s1024"",""https://lh3.googleusercontent.com/gps-cs-s/AHRPTWmmZ0GKflxtwUo1MgHq8ARxiPAoS1WiKdKj5EMqZLvFhGFNupS-Zi21EeObm9gzOv08KNBFe2ghU2pHSexqgslvp441ByllKfvhz3OyVtzal3u56IvxsF_-DgWTShiJx7Jz1_Tl=s1024"",""https://lh3.googleusercontent.com/gps-cs-s/AHRPTWmo7ul6BrLGIW6y3IXBtquQt0xOQSglQR0S6-mVN23JJ2OOV7ZSOpMwpjIz34sBghmozmnYA-VWyP-M9sbIoqJrxG_MLRL_7bnLUO_aRAFlxXISS4fsbOYp6KnqGOUb3w8N_cRBGw=s1024""}",6
ba916dfd-8701-51ab-9018-18f130537be9,11nxswjnr8,0x2e69f7946a8728c3,halaman,Green Mansion,Komplek perumahan,{},"Jl. Daan Mogot No.KM 10, RT.9/RW.3, Kedaung Kali Angke, Kecamatan Cengkareng, Kota Jakarta Barat, Daerah Khusus Ibukota Jakarta 11710","Jl. Daan Mogot No.KM 10, RT.9/RW.3, Kedaung Kali Angke, Kecamatan Cengkareng, Kota Jakarta Barat, Daerah Khusus Ibukota Jakarta 11710","RQR7+PG Kedaung Kali Angke, Kota Jakarta Barat, Daerah Khusus Ibukota Jakarta",-6.1581871,106.7638632,,4.0,636,"{""Senin"": ""Buka 24 jam"", ""Selasa"": ""Buka 24 jam"", ""Rabu"": ""Buka 24 jam"", ""Kamis"": ""Buka 24 jam"", ""Jumat"": ""Buka 24 jam"", ""Sabtu"": ""Buka 24 jam"", ""Minggu"": ""Buka 24 jam""}",Senin: Buka 24 jam | Selasa: Buka 24 jam | Rabu: Buka 24 jam | Kamis: Buka 24 jam | Jumat: Buka 24 jam | Sabtu: Buka 24 jam | Minggu: Buka 24 jam,Buka 24 jam,,,021) 54381077,/url?q=http://www.greenmansion.org/&opi=79508299&sa=U&ved=0ahUKEwjxw4jT58qWAxVJlOEIHQaUJgAQ61gIFygS&usg=AOvVaw0QMCF6dMISc_L6n6Inil7M,,,,,2026-08-31T18:56:06.316421,168,true,true,2,"{""Parkir"",""AC"",""Restoran"",""Bar""}","{""https://lh3.googleusercontent.com/gps-cs-s/AHRPTWnXGOCmpExG2hwWAqZZaGfs4NK5c2mUO5g4aJWMv0xuEOLL__moVOQUtGyFj7xLob4Fqxn8vvPXrhC4b3U4CaVU-bRg8NTcgkUSlTstZ8-xhma5OIiI6XOM7_ZSQ0Ei-tQyoqE=s1024"",""https://lh3.googleusercontent.com/gps-cs-s/AHRPTWnJsmDjmJCBTOMGcHMeU8aX4OZ5ytiQulYbmjc5SYLISmjmbXIbWoxIAVJqcGRAraxB2JRqSleKRRqQERR_XhkMmyHAy4T_IQtQ3FH3mF-7H4_9ZeBRm71ZeWXdPVZkTaL5dOT_p8ZwR2LN=s1024"",""https://lh3.googleusercontent.com/gps-cs-s/AHRPTWn8xw1NfKC_j0pgCsW_hMSprc6ZSYOOdJnKKOOpMJUBmWITaCpQBCg_tnpFTAfi9tEA4EunUvP5bwlyQBsjQLTr8LJ8cNr5JWhnRpM-O-DmFtDXeU9Fqi0-L_IlOis5Z_6GAUOg=s1024"",""https://lh3.googleusercontent.com/gps-cs-s/AHRPTWn_Qn1zRicoqcS0AXISjMzfN0XrRB81d2bTDAygfkKaIWTsMuwznjvnRAH01U1Q2F8Sj02XGqSVJtXCkbd_qnExlhVglJdQYDP5HlRIAv1z3wJ7a7g0TZ00xpycwcSkUGTw0Tqt=s1024"",""https://lh3.googleusercontent.com/gps-cs-s/AHRPTWncTpULXDPVTy9DKQNGj9ai7Pqk21VYql4_1rLe2_CmcKOqjf9GMqmkZmsi8_OaxnrPmBlQZVtVs1coaIbdXUpOHgkzWpQxKzUw-G-tj4GMLixpe6LgoU122z7soO2xaSi_1v5z=s1024"",""https://lh3.googleusercontent.com/gps-cs-s/AHRPTWm4Iqc9ba2n_fb76PpuKgrX6CWSwWtWznSplOmzoNwq1dBLEUaYVYiUQVKE-WHhZQdqolXQdJkuS_CCWlXKxZis08XwESyMdyu8fLHco90gC6nQfqnk_71a6jtKPYKk7OOfWDFu=s1024"",""https://lh3.googleusercontent.com/gps-cs-s/AHRPTWlffmCdu7jwdXC6vnu3NvJ0DdzqQkwfamlMCsTxEb-f0b6rPI7TUFcaGUBU9JXxp4B2AmgNxmwbTHVPxvAKdArjtX1CEfJQyI5cUp97scOCsOwjm-uhz7T0esnEm_3RO4OREwi4=s1024"",""https://lh3.googleusercontent.com/gps-cs-s/AHRPTWmP9RSk_GZvpnwE-poUVskmcKHyAlC-X-ubGpCqm4y_2V0JnyuWQr2AmyMEy-v2qQ7q3brBhLGSjyrAsXvbAIftbZWJJKQ5h_rxD5Rnh3N5aE9Uy3QoL-p2CkkA4H616L9orUHf=s1024"",""https://lh3.googleusercontent.com/gps-cs-s/AHRPTWnGAN9Cwd2zl_N3geBrMXRkKEsXetM4EyyQyr4M5Qry1JJb1n3-C-I7r9l3k-Pa4tRfBmAhc2ZoORX0xECLxh9K1B4TA5nseDIVz--clNp1cKVGYzkRpmvCcqzLTd09RDOdDeC8=s1024""}",9
1baaafac-f894-5022-b084-4100f0ab7244,11p796_9vz,0x2e69f7247dc2f0ef,halaman,Rumah Pohon Jakarta,Kedai Kopi,{},"Jl. Wibisana 2 No.1, RT.5, Rw. Buaya, Kecamatan Cengkareng, Kota Jakarta Barat, Daerah Khusus Ibukota Jakarta 11740","Jl. Wibisana 2 No.1, RT.5, Rw. Buaya, Kecamatan Cengkareng, Kota Jakarta Barat, Daerah Khusus Ibukota Jakarta 11740","RPJP+7V Rw. Buaya, Kota Jakarta Barat, Daerah Khusus Ibukota Jakarta",-6.1693408,106.7371782,,4.6,426,"{""Senin"": ""Tutup"", ""Selasa"": ""16.00–23.00"", ""Rabu"": ""16.00–23.00"", ""Kamis"": ""16.00–23.00"", ""Jumat"": ""16.00–23.00"", ""Sabtu"": ""13.00–23.00"", ""Minggu"": ""13.00–23.00""}",Senin: Tutup | Selasa: 16.00–23.00 | Rabu: 16.00–23.00 | Kamis: 16.00–23.00 | Jumat: 16.00–23.00 | Sabtu: 13.00–23.00 | Minggu: 13.00–23.00,Tutup,"Jam ramai | Senin | 0% ramai pada pukul 06.00. | 0% ramai pada pukul 07.00. | 0% ramai pada pukul 08.00. | 0% ramai pada pukul 09.00. | 0% ramai pada pukul 10.00. | 0% ramai pada pukul 11.00. | 0% ramai pada pukul 12.00. | 10% ramai pada pukul 13.00. | 15% ramai pada pukul 14.00. | 23% ramai pada pukul 15.00. | 34% ramai pada pukul 16.00. | 46% ramai pada pukul 17.00. | 53% ramai pada pukul 18.00. | 60% ramai pada pukul 19.00. | 62% ramai pada pukul 20.00. | 59% ramai pada pukul 21.00. | 45% ramai pada pukul 22.00. | 0% ramai pada pukul 23.00. | populartimes.popup.show; focus:pane.focusTooltip; blur:pane.blurTooltip; keydown:pane.escapeTooltip""><span class=""google-symbols G47vBd OazX1c"" aria-hidden=""true"" style=""font-size: 18px;""></span></button><div class=""eho6bd"" role=""tooltip"" tabindex=""-1"" jsaction=""blur:pane.wfvdle10.populartimes.popup.hide; keydown:pane.wfvdle10.populartimes.popup.hide"" style=""display: none;""><div class=""G1Ydic""></div><div class=""wLiIdd fontBodySmall"" aria-label=""Berdasarkan kunjungan ke tempat ini.""><span>Berdasarkan kunjungan ke tempat ini.</span></div></div></div><div class=""epArK""></div><button class=""MYZx6c Hk4XGb"" jslog=""18021; track:click;metadata:WyIwYWhVS0V3ancxYXptNThxV0F4V29qT0VJSFRYQUpiWVE4QmNJQWlnQSJd"" aria-label=""Kembali ke hari sebelumnya"" jsaction=""pane.wfvdle10.populartimes.arrow.left""><span class=""Ups","Jam ramai | Senin | 0% ramai pada pukul 06.00. | 0% ramai pada pukul 07.00. | 0% ramai pada pukul 08.00. | 0% ramai pada pukul 09.00. | 0% ramai pada pukul 10.00. | 0% ramai pada pukul 11.00. | 0% ramai pada pukul 12.00. | 10% ramai pada pukul 13.00. | 15% ramai pada pukul 14.00. | 23% ramai pada pukul 15.00. | 34% ramai pada pukul 16.00. | 46% ramai pada pukul 17.00. | 53% ramai pada pukul 18.00. | 60% ramai pada pukul 19.00. | 62% ramai pada pukul 20.00. | 59% ramai pada pukul 21.00. | 45% ramai pada pukul 22.00. | 0% ramai pada pukul 23.00. | populartimes.popup.show; focus:pane.focusTooltip; blur:pane.blurTooltip; keydown:pane.escapeTooltip""><span class=""google-symbols G47vBd OazX1c"" aria-hidden=""true"" style=""font-size: 18px;""></span></button><div class=""eho6bd"" role=""tooltip"" tabindex=""-1"" jsaction=""blur:pane.wfvdle10.populartimes.popup.hide; keydown:pane.wfvdle10.populartimes.popup.hide"" style=""display: none;""><div class=""G1Ydic""></div><div class=""wLiIdd fontBodySmall"" aria-label=""Berdasarkan kunjungan ke tempat ini.""><span>Berdasarkan kunjungan ke tempat ini.</span></div></div></div><div class=""epArK""></div><button class=""MYZx6c Hk4XGb"" jslog=""18021; track:click;metadata:WyIwYWhVS0V3ancxYXptNThxV0F4V29qT0VJSFRYQUpiWVE4QmNJQWlnQSJd"" aria-label=""Kembali ke hari sebelumnya"" jsaction=""pane.wfvdle10.populartimes.arrow.left""><span class=""Ups",0852-8100-6534,,Rp 25–50,·Rp 25–50 rb,Rp 25–50,,2026-08-31T18:56:48.036258,48.0,false,true,4,"{""Parkir"",""Toilet"",""Wi-Fi"",""Kursi roda"",""Reservasi"",""Restoran"",""Bar"",""Ada toilet khusus pengguna kursi roda"",""Menyediakan layanan pesan tempat"",""Ada toilet"",""Menerima reservasi"",""Banyak tempat parkir"",""Tempat parkir berbayar""}","{""https://lh3.googleusercontent.com/gps-cs-s/AHRPTWlfCU0VnaklGIJUi1CvFQoNUwfevIsTTKGo4AZWvqii7KM5NR6XK-nbUY0A0E-xB4VL-mhUlaTVcIe_65GQW2vvb4j-ZVI9J77ssmVkWodAdMUM_sOt8r7VIrTvG1-C6hdTUGeG=s1024"",""https://lh3.googleusercontent.com/gps-cs-s/AHRPTWnyfQUZeLG-VsuR3a7zDNarKLrmMjja2Q_-ja1nE6Y2pPcNyysE6FoaP2B0gppO7OMX-aPoZOOyXQGGnZIlm_E1vwKRU74DjL5WwK-ukKqGRC4v2fs_rlpFoZEctrSj6FJZhtV5lEZR-kGR=s1024"",""https://lh3.googleusercontent.com/gps-cs-s/AHRPTWn6s9PqfpkcUAsmPgXH_xgl7f9hHSRO5LpE6qKiFZ_vHD6KE5juGJG14K5L8x3VRapaznNho206-paokeJiU37PpVDa0ij8d4eDwelWEoVpOc4DfonaX1XS0lLEig8sNCaAbzPTIw=s1024"",""https://lh3.googleusercontent.com/gps-cs-s/AHRPTWkumpxO26TkTsSFYj_33cII9emV_R1Sfr0BL6qVOBbnIo6H9NtfAi7zfQvkfyw4lxy7tZnSo6wd51Enwk2JCgpAQt72XwXr394J3q2QxZ4pvFrxw7cq8YdL8WiGcGLsILluDKVQ=s1024"",""https://lh3.googleusercontent.com/gps-cs-s/AHRPTWmkn_VQAqDgJd_92jBpO-F50LGbxmnx7erdtJkPKejBuw9lXQZH1lQW5D5ChgY3U91WsEUW1ZHFKPs5G4KovQy0oem8UgzIdXIx-SgLMFmqighTodqGPxTchQnlT4syS3r4zKDZ2JIrPm-4=s1024"",""https://lh3.googleusercontent.com/gps-cs-s/AHRPTWmmFuZBqJSxKmqEyH9Ahf56GGHnnwU9tHY4h-ro0A5yKoQ7GvPSSjEkDKdUCrGgSRJ1T84-3aq0WAE7YRym1UAyF0KUY1up_iEFERsrpPFG1bjMb3mkfxx5YbQjGPNSRa0CsvEjNHb9ZbJO=s1024"",""https://lh3.googleusercontent.com/gps-cs-s/AHRPTWnrxvUzyfvWzrQc_MBEVnNIhOIAhmeTJkZlxU9VZuuErk6dwe7fMJBbIbHmnJdrhu3qq944TS2bcpbHE_6HcvnKT7Za-1ipsrAu527O42Hmst451vH876_VHEfWCkdduZjHZMsU-w=s1024"",""https://lh3.googleusercontent.com/gps-cs-s/AHRPTWnm1aLqHlsoxYyggwo4FAO3gxmf8GYF1CPWHgH0KULTmaEbNUHpKfBM2EwYH4F4K2UmFqbXvIQMmUXa2Rs4ZBc7Loqs-3V25AmvWlZ6NsfsR1Fjx16r0Wj3Lrvrcnp5cxoH0nQJ=s1024"",""https://lh3.googleusercontent.com/gps-cs-s/AHRPTWkmxbVMaXKTwZoW1-OBTD1vEtsu3sBGOA1WLtUv8XGRVq9Zogi21S11qUy-b6IS08EaFS-XZP10fJI8H3h66YhjIPoRBEEsbH3wuyWw5HZbViF1vkUt5abKwcC1Vb1fTyklGOIbRSVzghI=s1024"",""https://lh3.googleusercontent.com/gps-cs-s/AHRPTWkBxwEYvs6PPwkkH1ln7UwKwWTZyMpnIR1YwyGanBRE12HeS1q5a5wUlBg-df2ZfPFhVoUavWqiOyZWMpEc-JVtCOh7EnRmTFHNVzrCBzL5_sggYpp0ZuPrV20Y0IyfeZ_-6I4bqBQyHQ2Y=s1024""}",10
cd79040c-b185-57a0-a201-5ee41101c098,11c0xq8nq8,0x2e69f8345d670fa9,taman,Taman Wijaya Kusuma,Taman,{},"Jl. Wijaya Kusuma No.7, RT.7/RW.12, Duri Kosambi, Kecamatan Cengkareng, Kota Jakarta Barat, Daerah Khusus Ibukota Jakarta 11750","Jl. Wijaya Kusuma No.7, RT.7/RW.12, Duri Kosambi, Kecamatan Cengkareng, Kota Jakarta Barat, Daerah Khusus Ibukota Jakarta 11750","RPC3+QQ Duri Kosambi, Kota Jakarta Barat, Daerah Khusus Ibukota Jakarta",-6.1780323,106.7044249,,4.5,1082,"{""Senin"": ""AKTIFSedikit sibuk""}",Senin: AKTIFSedikit sibuk,buka,"Jam ramai | Senin | 16% ramai pada pukul 04.00. | 24% ramai pada pukul 05.00. | 38% ramai pada pukul 06.00. | 57% ramai pada pukul 07.00. | 67% ramai pada pukul 08.00. | 71% ramai pada pukul 09.00. | 68% ramai pada pukul 10.00. | 63% ramai pada pukul 11.00. | 58% ramai pada pukul 12.00. | 56% ramai pada pukul 13.00. | 62% ramai pada pukul 14.00. | 80% ramai pada pukul 15.00. | 98% ramai pada pukul 16.00. | 100% ramai pada pukul 17.00. | 76% ramai pada pukul 18.00. | 64% ramai pada pukul 19.00. | 59% ramai pada pukul 20.00. | 62% ramai pada pukul 21.00. | 60% ramai pada pukul 22.00. | 51% ramai pada pukul 23.00. | populartimes.popup.show; focus:pane.focusTooltip; blur:pane.blurTooltip; keydown:pane.escapeTooltip""><span class=""google-symbols G47vBd OazX1c"" aria-hidden=""true"" style=""font-size: 18px;""></span></button><div class=""eho6bd"" role=""tooltip"" tabindex=""-1"" jsaction=""blur:pane.wfvdle10.populartimes.popup.hide; keydown:pane.wfvdle10.populartimes.popup.hide"" style=""display: none;""><div class=""G1Ydic""></div><div class=""wLiIdd fontBodySmall"" aria-label=""Berdasarkan kunjungan ke tempat ini.""><span>Berdasarkan kunjungan ke tempat ini.</span></div></div></div><div class=""epArK""></div><button class=""MYZx6c Hk4XGb"" jslog=""18021; track:click;metadata:WyIwYWhVS0V3akRwNkg2NThxV0F4VlRqT0VJSGZFWUxqa1E4QmNJQWlnQSJd"" aria-label=""Kembali ke hari sebelumnya"" jsaction=""pane.wfvdle10.populartimes.arrow.left""><span class=""Ups","Jam ramai | Senin | 16% ramai pada pukul 04.00. | 24% ramai pada pukul 05.00. | 38% ramai pada pukul 06.00. | 57% ramai pada pukul 07.00. | 67% ramai pada pukul 08.00. | 71% ramai pada pukul 09.00. | 68% ramai pada pukul 10.00. | 63% ramai pada pukul 11.00. | 58% ramai pada pukul 12.00. | 56% ramai pada pukul 13.00. | 62% ramai pada pukul 14.00. | 80% ramai pada pukul 15.00. | 98% ramai pada pukul 16.00. | 100% ramai pada pukul 17.00. | 76% ramai pada pukul 18.00. | 64% ramai pada pukul 19.00. | 59% ramai pada pukul 20.00. | 62% ramai pada pukul 21.00. | 60% ramai pada pukul 22.00. | 51% ramai pada pukul 23.00. | populartimes.popup.show; focus:pane.focusTooltip; blur:pane.blurTooltip; keydown:pane.escapeTooltip""><span class=""google-symbols G47vBd OazX1c"" aria-hidden=""true"" style=""font-size: 18px;""></span></button><div class=""eho6bd"" role=""tooltip"" tabindex=""-1"" jsaction=""blur:pane.wfvdle10.populartimes.popup.hide; keydown:pane.wfvdle10.populartimes.popup.hide"" style=""display: none;""><div class=""G1Ydic""></div><div class=""wLiIdd fontBodySmall"" aria-label=""Berdasarkan kunjungan ke tempat ini.""><span>Berdasarkan kunjungan ke tempat ini.</span></div></div></div><div class=""epArK""></div><button class=""MYZx6c Hk4XGb"" jslog=""18021; track:click;metadata:WyIwYWhVS0V3akRwNkg2NThxV0F4VlRqT0VJSGZFWUxqa1E4QmNJQWlnQSJd"" aria-label=""Kembali ke hari sebelumnya"" jsaction=""pane.wfvdle10.populartimes.arrow.left""><span class=""Ups",000000014901161,,,· $,,,2026-08-31T18:57:29.949708,0,false,false,2,"{""Parkir"",""Toilet"",""Restoran"",""Bar"",""Ada toilet umum""}","{""https://lh3.googleusercontent.com/gps-cs-s/AHRPTWn40FS3t5RE3czoYuiQvjUK2Y40Y1kgzyspk98HEykUFY1s3OL3eEWYZPtyEq30MKEWCI35Puwkhd-Y37NkgPvyclpeet3t7kl5uihkaq8Q3nGS66Pc1tPGqKi8ecRp1Rokx6MU=s1024"",""https://lh3.googleusercontent.com/gps-cs-s/AHRPTWkgT32FoWzzqrVauOpWgZ4y9rlokNJd05mBlMXRhdHpAiEIu46R9qjQjaiUJz-dhV9fx6_xsee5k4puVqj5k6q7-W6MXt0VoTUUbyaVIeg5cjHZKQl3kHcm6VxVu3yYG6SWrQcIaDcE8t4=s1024"",""https://lh3.googleusercontent.com/gps-cs-s/AHRPTWlhGwcj15ctqWoxxALzV6QJJ-_HwIiu_QfNawiRll66w9pM6nYjyGuCQzJfP9XN5s6RzB6lz0yRJm9Wcp_H2bFk6ExYbtrjyp1BC6TXkL5_e3KQcPrLIBEmaJp9FnWi-gvFX8Sf=s1024"",""https://lh3.googleusercontent.com/gps-cs-s/AHRPTWkSA_0ddQ5dXarLw8Om72EXOtRPx-DfaakfPp2FVAgzKWEaOIl8AuxfPI-2px2_O424xeGwtJC9UewGT_hp8iRknVu3gj7RN2yHG_AFdzCRqPtti-jWrJH9fMbL_jZQdoZkRXL3=s1024"",""https://lh3.googleusercontent.com/gps-cs-s/AHRPTWl6BM-Dj5tMpAijbIcAaI4FnjysD3khV-xZdcAcsZTmKVzy61rijtjv4ZY9F-5bpVnLF8c34M6Q3AhdUnsD6NoEc97yt0Lw1gv9MS-ArUY3NhoNz9XUmigzD1BgT3dbo7_EhGpuq9ks8y4=s1024"",""https://lh3.googleusercontent.com/gps-cs-s/AHRPTWmswKSKYiROv6GUuYCowi0yfTtK47imqC3Ig7mpD4L5-1KbTiXL1wq-QHNbG5Ff3kaxmh-KQIUKG9SvhaFFd0l_FMzoNfnCFQ0paIAGi5fSpe2wR-4B8_Fh34nzy8nzn-csvrWQUW_ajBZM=s1024"",""https://lh3.googleusercontent.com/gps-cs-s/AHRPTWljSdiegxuDZE63VUjFXj4lPmzn6o-gKttVPoKoa0DFpwJX2cxFbTp6J2bAvgvcQQQFdGqtVf9xoilwZhDWpUoHdOSi6ymrukiJtIY6GkvtA2_SCeTF8peqM11LCBw3aiZsjvv7=s1024"",""https://lh3.googleusercontent.com/gps-cs-s/AHRPTWlyiSdVdqKAplFTvWClg0HRWpThrNsAd06aGG2PCEQAd21HrE7IvrUaiwxL7NXHtCQX4ylTvn3yq4w_cSsB5MQ8alADyTSQ3rMGIakDpWQQP4Ewlk_kHjSsBjz1_JxfmBrGBZ_4=s1024"",""https://lh3.googleusercontent.com/gps-cs-s/AHRPTWncXobQraQZ7WRFMlG0pl7IAEtPLAOIZ17GiEd-MWO7Je3WZYgd4goF-bxyfK_LrsQPMureKCcy1PsRZmmeGuwdiL1c6mTdJOggr6_swd7HAX9HSnjPoKo3aXoSZmOCBL4VqAiL4CkkdXDP=s1024""}",9
347397bb-f3b4-56f6-88ce-10e294cf3183,11hzw4cvnj,0x2e69f7969099a955,taman,Taman Green Garden,Taman,{},"Jl. Perumahan Green Garden No.1 Blok m, RT.2/RW.10, Kedoya Utara, Kec. Kb. Jeruk, Kota Jakarta Barat, Daerah Khusus Ibukota Jakarta 11520","Jl. Perumahan Green Garden No.1 Blok m, RT.2/RW.10, Kedoya Utara, Kec. Kb. Jeruk, Kota Jakarta Barat, Daerah Khusus Ibukota Jakarta 11520","RQH2+PV Kedoya Utara, Kota Jakarta Barat, Daerah Khusus Ibukota Jakarta",-6.1706607,106.752129,,4.6,105,"{""Senin"": ""07.30–17.00"", ""Selasa"": ""07.30–17.00"", ""Rabu"": ""07.30–17.00"", ""Kamis"": ""07.30–17.00"", ""Jumat"": ""07.30–17.00"", ""Sabtu"": ""07.30–17.00"", ""Minggu"": ""07.30–17.00""}",Senin: 07.30–17.00 | Selasa: 07.30–17.00 | Rabu: 07.30–17.00 | Kamis: 07.30–17.00 | Jumat: 07.30–17.00 | Sabtu: 07.30–17.00 | Minggu: 07.30–17.00,Tutup · Buka Sel pukul 07.30,"Jam ramai | Senin | 0% ramai pada pukul 06.00. | 60% ramai pada pukul 07.00. | 85% ramai pada pukul 08.00. | 89% ramai pada pukul 09.00. | 81% ramai pada pukul 10.00. | 67% ramai pada pukul 11.00. | 61% ramai pada pukul 12.00. | 59% ramai pada pukul 13.00. | 66% ramai pada pukul 14.00. | 79% ramai pada pukul 15.00. | 100% ramai pada pukul 16.00. | 0% ramai pada pukul 17.00. | 0% ramai pada pukul 18.00. | 0% ramai pada pukul 19.00. | 0% ramai pada pukul 20.00. | 0% ramai pada pukul 21.00. | 0% ramai pada pukul 22.00. | 0% ramai pada pukul 23.00. | 46% ramai pada pukul 07.00. | populartimes.popup.show; focus:pane.focusTooltip; blur:pane.blurTooltip; keydown:pane.escapeTooltip""><span class=""google-symbols G47vBd OazX1c"" aria-hidden=""true"" style=""font-size: 18px;""></span></button><div class=""eho6bd"" role=""tooltip"" tabindex=""-1"" jsaction=""blur:pane.wfvdle10.populartimes.popup.hide; keydown:pane.wfvdle10.populartimes.popup.hide"" style=""display: none;""><div class=""G1Ydic""></div><div class=""wLiIdd fontBodySmall"" aria-label=""Berdasarkan kunjungan ke tempat ini.""><span>Berdasarkan kunjungan ke tempat ini.</span></div></div></div><div class=""epArK""></div><button class=""MYZx6c Hk4XGb"" jslog=""18021; track:click;metadata:WyIwYWhVS0V3anFpNkNPNk1xV0F4VlVsT0VJSGNnYkxZTVE4QmNJQWlnQSJd"" aria-label=""Kembali ke hari sebelumnya"" jsaction=""pane.wfvdle10.populartimes.arrow.left""><span class=""Ups","Jam ramai | Senin | 0% ramai pada pukul 06.00. | 60% ramai pada pukul 07.00. | 85% ramai pada pukul 08.00. | 89% ramai pada pukul 09.00. | 81% ramai pada pukul 10.00. | 67% ramai pada pukul 11.00. | 61% ramai pada pukul 12.00. | 59% ramai pada pukul 13.00. | 66% ramai pada pukul 14.00. | 79% ramai pada pukul 15.00. | 100% ramai pada pukul 16.00. | 0% ramai pada pukul 17.00. | 0% ramai pada pukul 18.00. | 0% ramai pada pukul 19.00. | 0% ramai pada pukul 20.00. | 0% ramai pada pukul 21.00. | 0% ramai pada pukul 22.00. | 0% ramai pada pukul 23.00. | 46% ramai pada pukul 07.00. | populartimes.popup.show; focus:pane.focusTooltip; blur:pane.blurTooltip; keydown:pane.escapeTooltip""><span class=""google-symbols G47vBd OazX1c"" aria-hidden=""true"" style=""font-size: 18px;""></span></button><div class=""eho6bd"" role=""tooltip"" tabindex=""-1"" jsaction=""blur:pane.wfvdle10.populartimes.popup.hide; keydown:pane.wfvdle10.populartimes.popup.hide"" style=""display: none;""><div class=""G1Ydic""></div><div class=""wLiIdd fontBodySmall"" aria-label=""Berdasarkan kunjungan ke tempat ini.""><span>Berdasarkan kunjungan ke tempat ini.</span></div></div></div><div class=""epArK""></div><button class=""MYZx6c Hk4XGb"" jslog=""18021; track:click;metadata:WyIwYWhVS0V3anFpNkNPNk1xV0F4VlVsT0VJSGNnYkxZTVE4QmNJQWlnQSJd"" aria-label=""Kembali ke hari sebelumnya"" jsaction=""pane.wfvdle10.populartimes.arrow.left""><span class=""Ups",000000014901161,/url?q=https://sibokpranoto.wordpress.com/2017/06/19/keindahan-taman-lingkar-green-garden-kedoya-cocok-buat-santai-sore-hari/&opi=79508299&sa=U&ved=0ahUKEwjqi6CO6MqWAxVUlOEIHcgbLYMQ61gIEygO&usg=AOvVaw3IHgz2yQxNUdvUbG8R1l0q,,,,,2026-08-31T18:58:11.842294,66.5,false,true,3,"{""Parkir"",""Toilet"",""AC"",""Restoran"",""Bar"",""toilet, disebutkan dalam 3 ulasan""}","{""https://lh3.googleusercontent.com/gps-cs-s/AHRPTWnNpa4gav8k-P6eKrF85drWG69jzOC3n66H2R_K6YC0Z2HhiQR17lmSIZyO5jrt5jOFNV0XTnhD60v9nu4oafuQM5kqWgzoMk876zk9RV1KMkV3TDA3pBKVC0dXLV7X8IO6oAFLyg=s1024"",""https://lh3.googleusercontent.com/gps-cs-s/AHRPTWk65CBXlmMq4MNtiDKtkbiMVxKezOUEyQSkyZkD7QZziU3HqvTj8D5BJ2GkjAH5cDRwP48fk_slzsuxdE-_rQCXngavOCvZspLOoTxWvBNb7HidG52LvHCyhD7q8-hM9ADI1XuO=s1024"",""https://lh3.googleusercontent.com/gps-cs-s/AHRPTWkdGLkQQ-KNe_fdqAF6-2fUIeqmi-F4y7Rq5VVQd7YXYjLW8s_IepDKKWOmLKQ1eLcf_qSm8gZ5TtidczQlQxktewr26eXTdU5H7fYrT5gPc2ri67ZyMlvXaMCU3-TAJ4bSJZB0=s1024"",""https://lh3.googleusercontent.com/gps-cs-s/AHRPTWlSKARNe7Rio---rgidOKoI3f7V1G58DNu4MAgYIXUh2fnrr_0N_19H8xYmwdQhl385U3K3CAT_OeJ6wqH628W6BK9Lyf7_VvczQLPc_t8PQuXU-u7rbsJiOcVT68HQIUMUj33EbA=s1024"",""https://lh3.googleusercontent.com/gps-cs-s/AHRPTWm_4pzu0aLxc0MwrsuPJCYmnylw2KOrcjXbgiFtRD7pjiK4GcQ63Ics5e-mPgoj7nuoBVcpROBOt0Y05XHhT0DibD2T1ehDZrBemGi8TlPYMORs4-xbOOCq8UW_YBQseP1LqkoI=s1024""}",5
98afbc3f-dd98-5b75-891a-8ccad4efdb2c,11fz9wxgqb,0x2e69f718acba6699,taman,Taman Sebrang Kantor Camat Kb. Jeruk,Taman Kota,{},"5, Jl. Regensi Kebon Jeruk Blok E. 5 No.18, RT.3/RW.1, Meruya Sel., Kec. Kembangan, Kota Jakarta Barat, Daerah Khusus Ibukota Jakarta 11610","5, Jl. Regensi Kebon Jeruk Blok E. 5 No.18, RT.3/RW.1, Meruya Sel., Kec. Kembangan, Kota Jakarta Barat, Daerah Khusus Ibukota Jakarta 11610","RQ27+JV Meruya Sel., Kota Jakarta Barat, Daerah Khusus Ibukota Jakarta",-6.1984132,106.764697,,4.2,24,"{""Senin"": ""06""}",Senin: 06,,"Jam ramai | Senin | 24% ramai pada pukul 04.00. | 24% ramai pada pukul 05.00. | 19% ramai pada pukul 06.00. | 17% ramai pada pukul 07.00. | 17% ramai pada pukul 08.00. | 9% ramai pada pukul 09.00. | 12% ramai pada pukul 10.00. | 4% ramai pada pukul 11.00. | 4% ramai pada pukul 12.00. | 9% ramai pada pukul 13.00. | 17% ramai pada pukul 14.00. | 29% ramai pada pukul 15.00. | 26% ramai pada pukul 16.00. | 24% ramai pada pukul 17.00. | 21% ramai pada pukul 18.00. | 24% ramai pada pukul 19.00. | 34% ramai pada pukul 20.00. | 48% ramai pada pukul 21.00. | 53% ramai pada pukul 22.00. | 46% ramai pada pukul 23.00. | populartimes.popup.show; focus:pane.focusTooltip; blur:pane.blurTooltip; keydown:pane.escapeTooltip""><span class=""google-symbols G47vBd OazX1c"" aria-hidden=""true"" style=""font-size: 18px;""></span></button><div class=""eho6bd"" role=""tooltip"" tabindex=""-1"" jsaction=""blur:pane.wfvdle10.populartimes.popup.hide; keydown:pane.wfvdle10.populartimes.popup.hide"" style=""display: none;""><div class=""G1Ydic""></div><div class=""wLiIdd fontBodySmall"" aria-label=""Berdasarkan kunjungan ke tempat ini.""><span>Berdasarkan kunjungan ke tempat ini.</span></div></div></div><div class=""epArK""></div><button class=""MYZx6c Hk4XGb"" jslog=""18021; track:click;metadata:WyIwYWhVS0V3and4WnVpNk1xV0F4V3ZqLUVJSGN2eUp6OFE4QmNJQWlnQSJd"" aria-label=""Kembali ke hari sebelumnya"" jsaction=""pane.wfvdle10.populartimes.arrow.left""><span class=""Ups","Jam ramai | Senin | 24% ramai pada pukul 04.00. | 24% ramai pada pukul 05.00. | 19% ramai pada pukul 06.00. | 17% ramai pada pukul 07.00. | 17% ramai pada pukul 08.00. | 9% ramai pada pukul 09.00. | 12% ramai pada pukul 10.00. | 4% ramai pada pukul 11.00. | 4% ramai pada pukul 12.00. | 9% ramai pada pukul 13.00. | 17% ramai pada pukul 14.00. | 29% ramai pada pukul 15.00. | 26% ramai pada pukul 16.00. | 24% ramai pada pukul 17.00. | 21% ramai pada pukul 18.00. | 24% ramai pada pukul 19.00. | 34% ramai pada pukul 20.00. | 48% ramai pada pukul 21.00. | 53% ramai pada pukul 22.00. | 46% ramai pada pukul 23.00. | populartimes.popup.show; focus:pane.focusTooltip; blur:pane.blurTooltip; keydown:pane.escapeTooltip""><span class=""google-symbols G47vBd OazX1c"" aria-hidden=""true"" style=""font-size: 18px;""></span></button><div class=""eho6bd"" role=""tooltip"" tabindex=""-1"" jsaction=""blur:pane.wfvdle10.populartimes.popup.hide; keydown:pane.wfvdle10.populartimes.popup.hide"" style=""display: none;""><div class=""G1Ydic""></div><div class=""wLiIdd fontBodySmall"" aria-label=""Berdasarkan kunjungan ke tempat ini.""><span>Berdasarkan kunjungan ke tempat ini.</span></div></div></div><div class=""epArK""></div><button class=""MYZx6c Hk4XGb"" jslog=""18021; track:click;metadata:WyIwYWhVS0V3and4WnVpNk1xV0F4V3ZqLUVJSGN2eUp6OFE4QmNJQWlnQSJd"" aria-label=""Kembali ke hari sebelumnya"" jsaction=""pane.wfvdle10.populartimes.arrow.left""><span class=""Ups",000000014901161,,,,,,2026-08-31T18:58:53.839692,0,false,false,1,"{""Parkir"",""Restoran"",""Bar""}","{""https://lh3.googleusercontent.com/gps-cs-s/AHRPTWmxodRiJ1AjfBbc-WZWM5b9kFfpZ4ptKcG4Wah5jpBhVwVjnYD3J751cWeAlUBj4h7mo2S6GYMfY0xIjjqroqRCdRFzdmnmJ8BH90Ab3MqLljgIavOVMJtsXcpWAUF68WsQxRSXyw=s1024"",""https://lh3.googleusercontent.com/gps-cs-s/AHRPTWn1dLXipTK9mHMxTeIE7febu9MP_ozG3K7uHBuzYQ4IB2EgUSdNuoYprPUEiq32RczY9vOxzqVHXd9ROphZWBTfYZjjMKRK-Z7GjEGQdUnb9Cd8ODv6v1yCyVYHqISpqxzbbaZqmBkjxeao=s1024"",""https://lh3.googleusercontent.com/gps-cs-s/AHRPTWnnrOF8d0CZs0rZ4Z9-VHN35YJCzjGlT9X0YKttyUmLPLY1c7egVSUHV8SITnSq70yjjYK0807JA5kSjxXDF3dRmud1RbSWbjKsL45bs7Pc452OSPoJu1etYvWGO3WvcSkt5_1l=s1024"",""https://lh3.googleusercontent.com/gps-cs-s/AHRPTWm9kMmwwBWtk8pKfF4AH7dYDnVSWw-WWhAYl_SrVx4ktq_ZEnEOfJuE3Sdn6N-LS5esRZRptPhMvYkQN4zsgd7zzX8Tu0pE45H8GW7rzJha_HvWyfWvuIbKnQGU_6HeY4Msxrb7Lg=s1024"",""https://lh3.googleusercontent.com/gps-cs-s/AHRPTWkLLs4bpW1ney9MaP-VWoWumGvrhjF-66fGXioxyUYxnYRsQbS7GmNuS1IEEHwsaRRRVWcvC-DQeuNUprwTY4petsJUBHQ4_PmO8_Xe1pMQ6uHwAoJE1meA4Jqj0IjRM-4aZJVnzg=s1024"",""https://lh3.googleusercontent.com/gps-cs-s/AHRPTWkHzyqi0v8XugPz1UqvY826x51UNtMT3t6cF2De7E2jApUHfTPrV2BJbtlLedriWW0wrt5sFzj5BWrYDtsvtlBFT-bEb_79m1_yGssw27yACcSqQYX6R32z5uaB96zx7Tv2Byc=s1024"",""https://lh3.googleusercontent.com/gps-cs-s/AHRPTWnmoVTYnwqqsWUl3kAZi8J78UTNDX0N0FtyAwByVdz99vjghP8PnLgsQz_AKHDnGrW5S4xLks9XWjP1uvDxVyJLExIiP67cQeXP3lDndSOkMgWM7ZePG0txOIYPgDTjF8z_GgI=s1024"",""https://lh3.googleusercontent.com/gps-cs-s/AHRPTWlh4TxAOVhWkCwR9OyD_3Mi5fB2GqrxXh2ihMmSNuceZUdu5OLTIiMz4bbuIUQijX5UjllF45LpgngOmTHrGf2R8sexvscKhq_jlNNomTRtUar6_eI5HIYlK2ALW0z9FUp0mVTK=s1024""}",8
3af72c58-8af9-5594-9b7a-1a32b7aa6b7e,11lgddykr_,0x2e69f7dba80b0e61,taman,Taman Walikota Jakarta Barat,Taman,{},"RP7Q+X94, RT.2/RW.2, Kembangan Sel., Kec. Kembangan, Kota Jakarta Barat, Daerah Khusus Ibukota Jakarta 11610","RP7Q+X94, RT.2/RW.2, Kembangan Sel., Kec. Kembangan, Kota Jakarta Barat, Daerah Khusus Ibukota Jakarta 11610","RP7Q+X94, RT.2/RW.2, Kembangan Sel., Kec. Kembangan, Kota Jakarta Barat, Daerah Khusus Ibukota Jakarta 11610",-6.1851128,106.7384451,,4.6,54,"{""Senin"": ""AKTIFLebih ramai dari biasanya"", ""Sabtu"": ""dan masih sepiii 😊 kita naik motor cuman parkiran motor jauh dibelakang hehe...g""}",Senin: AKTIFLebih ramai dari biasanya | Sabtu: dan masih sepiii 😊 kita naik motor cuman parkiran motor jauh dibelakang hehe...g,,"Jam ramai | Senin | 14% ramai pada pukul 04.00. | 20% ramai pada pukul 05.00. | 21% ramai pada pukul 06.00. | 26% ramai pada pukul 07.00. | 25% ramai pada pukul 08.00. | 26% ramai pada pukul 09.00. | 21% ramai pada pukul 10.00. | 23% ramai pada pukul 11.00. | 23% ramai pada pukul 12.00. | 28% ramai pada pukul 13.00. | 39% ramai pada pukul 14.00. | 60% ramai pada pukul 15.00. | 82% ramai pada pukul 16.00. | 87% ramai pada pukul 17.00. | 70% ramai pada pukul 18.00. | 60% ramai pada pukul 19.00. | 56% ramai pada pukul 20.00. | 67% ramai pada pukul 21.00. | 71% ramai pada pukul 22.00. | 60% ramai pada pukul 23.00. | populartimes.popup.show; focus:pane.focusTooltip; blur:pane.blurTooltip; keydown:pane.escapeTooltip""><span class=""google-symbols G47vBd OazX1c"" aria-hidden=""true"" style=""font-size: 18px;""></span></button><div class=""eho6bd"" role=""tooltip"" tabindex=""-1"" jsaction=""blur:pane.wfvdle10.populartimes.popup.hide; keydown:pane.wfvdle10.populartimes.popup.hide"" style=""display: none;""><div class=""G1Ydic""></div><div class=""wLiIdd fontBodySmall"" aria-label=""Berdasarkan kunjungan ke tempat ini.""><span>Berdasarkan kunjungan ke tempat ini.</span></div></div></div><div class=""epArK""></div><button class=""MYZx6c Hk4XGb"" jslog=""18021; track:click;metadata:WyIwYWhVS0V3aTN6cC0yNk1xV0F4VXBqZUVJSFZzbkQwUVE4QmNJQWlnQSJd"" aria-label=""Kembali ke hari sebelumnya"" jsaction=""pane.wfvdle10.populartimes.arrow.left""><span class=""Ups","Jam ramai | Senin | 14% ramai pada pukul 04.00. | 20% ramai pada pukul 05.00. | 21% ramai pada pukul 06.00. | 26% ramai pada pukul 07.00. | 25% ramai pada pukul 08.00. | 26% ramai pada pukul 09.00. | 21% ramai pada pukul 10.00. | 23% ramai pada pukul 11.00. | 23% ramai pada pukul 12.00. | 28% ramai pada pukul 13.00. | 39% ramai pada pukul 14.00. | 60% ramai pada pukul 15.00. | 82% ramai pada pukul 16.00. | 87% ramai pada pukul 17.00. | 70% ramai pada pukul 18.00. | 60% ramai pada pukul 19.00. | 56% ramai pada pukul 20.00. | 67% ramai pada pukul 21.00. | 71% ramai pada pukul 22.00. | 60% ramai pada pukul 23.00. | populartimes.popup.show; focus:pane.focusTooltip; blur:pane.blurTooltip; keydown:pane.escapeTooltip""><span class=""google-symbols G47vBd OazX1c"" aria-hidden=""true"" style=""font-size: 18px;""></span></button><div class=""eho6bd"" role=""tooltip"" tabindex=""-1"" jsaction=""blur:pane.wfvdle10.populartimes.popup.hide; keydown:pane.wfvdle10.populartimes.popup.hide"" style=""display: none;""><div class=""G1Ydic""></div><div class=""wLiIdd fontBodySmall"" aria-label=""Berdasarkan kunjungan ke tempat ini.""><span>Berdasarkan kunjungan ke tempat ini.</span></div></div></div><div class=""epArK""></div><button class=""MYZx6c Hk4XGb"" jslog=""18021; track:click;metadata:WyIwYWhVS0V3aTN6cC0yNk1xV0F4VXBqZUVJSFZzbkQwUVE4QmNJQWlnQSJd"" aria-label=""Kembali ke hari sebelumnya"" jsaction=""pane.wfvdle10.populartimes.arrow.left""><span class=""Ups",000000014901161,,,,,,2026-08-31T18:59:35.338247,0,false,false,2,"{""Parkir"",""Toilet"",""Restoran"",""Bar"",""Ada toilet umum""}","{""https://lh3.googleusercontent.com/gps-cs-s/AHRPTWmswKSKYiROv6GUuYCowi0yfTtK47imqC3Ig7mpD4L5-1KbTiXL1wq-QHNbG5Ff3kaxmh-KQIUKG9SvhaFFd0l_FMzoNfnCFQ0paIAGi5fSpe2wR-4B8_Fh34nzy8nzn-csvrWQUW_ajBZM=s1024"",""https://lh3.googleusercontent.com/gps-cs-s/AHRPTWmiFs9ZSAif4XiOilrVKgCGQvom9S_GCIVPgFFxqTNbOC7OArguQ1TAHTKzGL7JTSwaEIdqrE9Jht-EV5ljquzC1tm3JyytrT0rXlKONykTrPnbh4Y79mqp1HDFSVjWrwElMvlIgDawpGoi=s1024"",""https://lh3.googleusercontent.com/gps-cs-s/AHRPTWncXobQraQZ7WRFMlG0pl7IAEtPLAOIZ17GiEd-MWO7Je3WZYgd4goF-bxyfK_LrsQPMureKCcy1PsRZmmeGuwdiL1c6mTdJOggr6_swd7HAX9HSnjPoKo3aXoSZmOCBL4VqAiL4CkkdXDP=s1024"",""https://lh3.googleusercontent.com/gps-cs-s/AHRPTWn40FS3t5RE3czoYuiQvjUK2Y40Y1kgzyspk98HEykUFY1s3OL3eEWYZPtyEq30MKEWCI35Puwkhd-Y37NkgPvyclpeet3t7kl5uihkaq8Q3nGS66Pc1tPGqKi8ecRp1Rokx6MU=s1024"",""https://lh3.googleusercontent.com/gps-cs-s/AHRPTWnr25kFcw47h24lxhKukVUrKt5w0cz24xjtUyxL5ABO0UNZIHAMqpagohh7SqtnhNPY-bGiaH_5A-ChWAL3n_7SUMnolffi-C4suk2sZAjYl-T2rFgSAtwFg9RK-6e9zT25UtkcMA=s1024"",""https://lh3.googleusercontent.com/gps-cs-s/AHRPTWnoJxWB12CPTYrFrkbjNa3a7PqFdA1dBvEsOwwBx0nfzg2KwWGsKFjv7wzC3_hzd2JQRs2tRUweXn6egUOGAFjOKkNJxjQp3QoxaDTAwnbIwYB4n5ib4jgAw-fGDYEnh96SCjy1pg=s1024"",""https://lh3.googleusercontent.com/gps-cs-s/AHRPTWmQMiMOcA3Ft-IjZbBPBrCy6tmSSkZHMnQxgAWJcSQnCia63KXP7xoIrBcyBn8qm7uJqc3h2YMI6ediMFFZXKUL5PPZXdsLpIQlpzE_1cenAHBVLhwTnm3OseKz9sqn_o55R-yojg=s1024""}",7
24b7cac1-bb52-5fe5-82d2-5b91fc9784b4,11q4bgd1_b,0x2e69f965b1ac4505,taman,Taman Pulir,Taman,{},"1, RT.1/RW.8, Duri Kosambi, Kecamatan Cengkareng, Kota Jakarta Barat, Daerah Khusus Ibukota Jakarta 11750","1, RT.1/RW.8, Duri Kosambi, Kecamatan Cengkareng, Kota Jakarta Barat, Daerah Khusus Ibukota Jakarta 11750","RP89+P5 Duri Kosambi, Kota Jakarta Barat, Daerah Khusus Ibukota Jakarta",-6.1832039,106.717958,,4.4,192,"{""Senin"": ""08.00–18.00"", ""Selasa"": ""08.00–18.00"", ""Rabu"": ""08.00–18.00"", ""Kamis"": ""08.00–18.00"", ""Jumat"": ""08.00–18.00"", ""Sabtu"": ""08.00–18.00"", ""Minggu"": ""08.00–18.00""}",Senin: 08.00–18.00 | Selasa: 08.00–18.00 | Rabu: 08.00–18.00 | Kamis: 08.00–18.00 | Jumat: 08.00–18.00 | Sabtu: 08.00–18.00 | Minggu: 08.00–18.00,Tutup · Buka Sel pukul 08.00,,,000000014901161,,,,,,2026-08-31T19:03:10.637581,70.0,false,true,3,"{""Parkir"",""Toilet"",""AC"",""Parkir gratis"",""Restoran"",""Bar""}","{""https://lh3.googleusercontent.com/gps-cs-s/AHRPTWljSdiegxuDZE63VUjFXj4lPmzn6o-gKttVPoKoa0DFpwJX2cxFbTp6J2bAvgvcQQQFdGqtVf9xoilwZhDWpUoHdOSi6ymrukiJtIY6GkvtA2_SCeTF8peqM11LCBw3aiZsjvv7=s1024"",""https://lh3.googleusercontent.com/gps-cs-s/AHRPTWklfa7iwzXnP8alrJ4B0GAC5djVrjm4uRFU5G_BvmXWLIxwDrBWmNEIMZgLo6ibDS9XC_n8fi9g2NCWEGEb2cmRl2GyZYX5sZRMhnPHAWICaa6gqEeH1xSkiDbpPpa2q1fxDHL_=s1024""}",2
01e80a4d-3148-5fc8-891e-947b98861367,11ggvvklkp,0x2e69f82573f94b6f,taman,Taman Kosambi,Taman,{},"RPJ7+HJ9, Jl. Kemuning Hijau I, RT.1/RW.10, Duri Kosambi, Kecamatan Cengkareng, Kota Jakarta Barat, Daerah Khusus Ibukota Jakarta 11750","RPJ7+HJ9, Jl. Kemuning Hijau I, RT.1/RW.10, Duri Kosambi, Kecamatan Cengkareng, Kota Jakarta Barat, Daerah Khusus Ibukota Jakarta 11750","RPJ7+HJ9, Jl. Kemuning Hijau I, RT.1/RW.10, Duri Kosambi, Kecamatan Cengkareng, Kota Jakarta Barat, Daerah Khusus Ibukota Jakarta 11750",-6.1685932,106.7141019,,4.6,2333,"{""Senin"": ""07.00–17.00"", ""Selasa"": ""07.00–17.00"", ""Rabu"": ""07.00–17.00"", ""Kamis"": ""07.00–17.00"", ""Jumat"": ""07.00–17.00"", ""Sabtu"": ""07.00–17.00"", ""Minggu"": ""07.00–17.00""}",Senin: 07.00–17.00 | Selasa: 07.00–17.00 | Rabu: 07.00–17.00 | Kamis: 07.00–17.00 | Jumat: 07.00–17.00 | Sabtu: 07.00–17.00 | Minggu: 07.00–17.00,Tutup · Buka Sel pukul 07.00,,,000000014901161,,,,,,2026-08-31T19:03:52.777266,70.0,false,true,2,"{""Parkir"",""Toilet"",""Restoran"",""Bar"",""Ada toilet umum""}","{""https://lh3.googleusercontent.com/gps-cs-s/AHRPTWn0Y6p1_flD92kJ59GujSlDyziuMUdoXBWEjbCUQmnG0XtUe9hzCbEEkKq-fvHWKa7e_jrp2ECbUhC0cJhfvr21CM8Ayo7s3ejD4IdkhvNLLOZbyRaSFP_ooDIQSOEY8-Vuo46-lct-zVM=s1024"",""https://lh3.googleusercontent.com/gps-cs-s/AHRPTWlvaPqkTcHuHszOOyZ2N4T4Jkxq-eOj6rmdbALyYOOm_6F0a4xeUyCR1YodZO8QMaKfPmRpPicwper-hcwAjhRdqS0jHqJtWtPeU8Lo-oNHOn_iytqq8sdWg-4u6goVoTHluWEc=s1024"",""https://lh3.googleusercontent.com/gps-cs-s/AHRPTWm7081i1siO0HR4eSR5SYKplVM1PoFatP2gCP_5QUjPnmoslwUScmhO0z_DMgD5JwtC_HtSrM2ExeFv5ML6n9WUvLaqqDxfly5v8vnM5yZX2ygjQ5SshPolu84U9g8W-R33qwDun7L7FTi2=s1024"",""https://lh3.googleusercontent.com/gps-cs-s/AHRPTWnuvcndw3tyMnrds1l3jMxyKjXHEVTO7b9mgze0el3-d0cHOTxhg_g1dCAdwpM5E29omJQenPR5xQBV44Skq27rEhHwD-ZGeIWWbEfMoHNslNP4dBTZmhQPc351LjM7BG2bb-U=s1024"",""https://lh3.googleusercontent.com/gps-cs-s/AHRPTWnuRLuIKGKhKPX0g0DsBJAFWqb-k24KGLziQJRcgiJQ4LMeqsdKt_5cv8T5ORickKmFdOfhWNKjj-egfA2Lym12h_2w-tWHI_1DJFNemvGfVElXsEFNJ9LeCRnAoiXV2v-DwOu2=s1024"",""https://lh3.googleusercontent.com/gps-cs-s/AHRPTWlyiSdVdqKAplFTvWClg0HRWpThrNsAd06aGG2PCEQAd21HrE7IvrUaiwxL7NXHtCQX4ylTvn3yq4w_cSsB5MQ8alADyTSQ3rMGIakDpWQQP4Ewlk_kHjSsBjz1_JxfmBrGBZ_4=s1024"",""https://lh3.googleusercontent.com/gps-cs-s/AHRPTWn40FS3t5RE3czoYuiQvjUK2Y40Y1kgzyspk98HEykUFY1s3OL3eEWYZPtyEq30MKEWCI35Puwkhd-Y37NkgPvyclpeet3t7kl5uihkaq8Q3nGS66Pc1tPGqKi8ecRp1Rokx6MU=s1024"",""https://lh3.googleusercontent.com/gps-cs-s/AHRPTWlOmfh9FITlX1EVQnofBLvwGs-5ku1WEn6mkv-fcQRKn2YJvQTazWpkFhjWtjCgMB3t86lv3C9Kv6eNkhnff_xQuMw6eVMRVtl7tn0ZxFr4SaDMbsIohmOllsTNJOMchA4rRJ7b=s1024"",""https://lh3.googleusercontent.com/gps-cs-s/AHRPTWnQnKtNo6sF7VldwThorptMziwH4wKlw1--RiRdCjoNRNbrhdCofp3YK_RdNDk5UZEREKAD6XtXcISEXcDpbhHl6aLO8kVo64MQ_Itphd0cTWEOuoMv_iHbLlD9znAMF3XCfILw=s1024""}",9
a799dc75-2e43-543b-969f-97aa5cfe5d9e,11h9bgrcxs,0x2e69f73e30091727,taman,Taman Kebon Jeruk (Rumah Pohon),Taman,{},"11, RT.11/RW.10, Kb. Jeruk, Kec. Kb. Jeruk, Kota Jakarta Barat, Daerah Khusus Ibukota Jakarta 11530","11, RT.11/RW.10, Kb. Jeruk, Kec. Kb. Jeruk, Kota Jakarta Barat, Daerah Khusus Ibukota Jakarta 11530","RQ59+JF Kb. Jeruk, Kota Jakarta Barat, Daerah Khusus Ibukota Jakarta",-6.1909805,106.7687367,,4.5,16,"{""Senin"": ""06""}",Senin: 06,,"Jam ramai | Senin | 22% ramai pada pukul 04.00. | 33% ramai pada pukul 05.00. | 38% ramai pada pukul 06.00. | 55% ramai pada pukul 07.00. | 50% ramai pada pukul 08.00. | 50% ramai pada pukul 09.00. | 33% ramai pada pukul 10.00. | 33% ramai pada pukul 11.00. | 33% ramai pada pukul 12.00. | 44% ramai pada pukul 13.00. | 33% ramai pada pukul 14.00. | 38% ramai pada pukul 15.00. | 22% ramai pada pukul 16.00. | 38% ramai pada pukul 17.00. | 55% ramai pada pukul 18.00. | 61% ramai pada pukul 19.00. | 55% ramai pada pukul 20.00. | 33% ramai pada pukul 21.00. | 33% ramai pada pukul 22.00. | 33% ramai pada pukul 23.00. | populartimes.popup.show; focus:pane.focusTooltip; blur:pane.blurTooltip; keydown:pane.escapeTooltip""><span class=""google-symbols G47vBd OazX1c"" aria-hidden=""true"" style=""font-size: 18px;""></span></button><div class=""eho6bd"" role=""tooltip"" tabindex=""-1"" jsaction=""blur:pane.wfvdle10.populartimes.popup.hide; keydown:pane.wfvdle10.populartimes.popup.hide"" style=""display: none;""><div class=""G1Ydic""></div><div class=""wLiIdd fontBodySmall"" aria-label=""Berdasarkan kunjungan ke tempat ini.""><span>Berdasarkan kunjungan ke tempat ini.</span></div></div></div><div class=""epArK""></div><button class=""MYZx6c Hk4XGb"" jslog=""18021; track:click;metadata:WyIwYWhVS0V3aXpuZVhFNmNxV0F4WFJtLUVJSGFPalBVRVE4QmNJQWlnQSJd"" aria-label=""Kembali ke hari sebelumnya"" jsaction=""pane.wfvdle10.populartimes.arrow.left""><span class=""Ups","Jam ramai | Senin | 22% ramai pada pukul 04.00. | 33% ramai pada pukul 05.00. | 38% ramai pada pukul 06.00. | 55% ramai pada pukul 07.00. | 50% ramai pada pukul 08.00. | 50% ramai pada pukul 09.00. | 33% ramai pada pukul 10.00. | 33% ramai pada pukul 11.00. | 33% ramai pada pukul 12.00. | 44% ramai pada pukul 13.00. | 33% ramai pada pukul 14.00. | 38% ramai pada pukul 15.00. | 22% ramai pada pukul 16.00. | 38% ramai pada pukul 17.00. | 55% ramai pada pukul 18.00. | 61% ramai pada pukul 19.00. | 55% ramai pada pukul 20.00. | 33% ramai pada pukul 21.00. | 33% ramai pada pukul 22.00. | 33% ramai pada pukul 23.00. | populartimes.popup.show; focus:pane.focusTooltip; blur:pane.blurTooltip; keydown:pane.escapeTooltip""><span class=""google-symbols G47vBd OazX1c"" aria-hidden=""true"" style=""font-size: 18px;""></span></button><div class=""eho6bd"" role=""tooltip"" tabindex=""-1"" jsaction=""blur:pane.wfvdle10.populartimes.popup.hide; keydown:pane.wfvdle10.populartimes.popup.hide"" style=""display: none;""><div class=""G1Ydic""></div><div class=""wLiIdd fontBodySmall"" aria-label=""Berdasarkan kunjungan ke tempat ini.""><span>Berdasarkan kunjungan ke tempat ini.</span></div></div></div><div class=""epArK""></div><button class=""MYZx6c Hk4XGb"" jslog=""18021; track:click;metadata:WyIwYWhVS0V3aXpuZVhFNmNxV0F4WFJtLUVJSGFPalBVRVE4QmNJQWlnQSJd"" aria-label=""Kembali ke hari sebelumnya"" jsaction=""pane.wfvdle10.populartimes.arrow.left""><span class=""Ups",000000014901161,,,,,,2026-08-31T19:04:34.470329,0,false,false,1,"{""Parkir"",""Restoran"",""Bar""}","{""https://lh3.googleusercontent.com/gps-cs-s/AHRPTWlKQBTn7EkwMMZ1NDalKpFa7qyl8wbg54QByBj6NDWBkLLWHGEwVeF2r3G2Qm0CYrsQ9PLQki7rEjNinYeL7_ZXJ7ga5AOhWC6TqlHJ5o1iOgHR0bpw4AdTa-WzvEe02VwcRLEY=s1024"",""https://lh3.googleusercontent.com/gps-cs-s/AHRPTWknMN2TFkTXkdqfXj7oDv3-ptfFurA8U5r82V8a1uez0EZvj7QtJjWQOZ-RiOnWYEkCdPkmSbb0238aqm8W3i5knOib0h7BATsuAEkveIU59L-c_9UDkroFsp46uphik1K8jG13qg=s1024"",""https://lh3.googleusercontent.com/gps-cs-s/AHRPTWmYrvTw7awdG1pbR3_y9njZbd6zCPQGjLBEEQh-7yxV2B-0njgJNOtYgZFmBY4Ojc3KMgx0iwq5RL87FYWJYYMZqeYCVSn0AOQ2rwMZBPJA9yZ46Y_5vuRiAT0nal-HJssVzJvl=s1024"",""https://lh3.googleusercontent.com/gps-cs-s/AHRPTWkqqVPcA7lXw2DWKpRfx1-Crl6O1VzYVNq4lLfOyDfdSgfiQDzhfpOBWQxLYHK8y31bmqsoE4XtvuDRhPXozPiWuVbHhf07JgEL8fCpQI0_qg4ihnxWJV_s29YbeEbpByqVGVVB=s1024"",""https://lh3.googleusercontent.com/gps-cs-s/AHRPTWkLLs4bpW1ney9MaP-VWoWumGvrhjF-66fGXioxyUYxnYRsQbS7GmNuS1IEEHwsaRRRVWcvC-DQeuNUprwTY4petsJUBHQ4_PmO8_Xe1pMQ6uHwAoJE1meA4Jqj0IjRM-4aZJVnzg=s1024"",""https://lh3.googleusercontent.com/gps-cs-s/AHRPTWnmoVTYnwqqsWUl3kAZi8J78UTNDX0N0FtyAwByVdz99vjghP8PnLgsQz_AKHDnGrW5S4xLks9XWjP1uvDxVyJLExIiP67cQeXP3lDndSOkMgWM7ZePG0txOIYPgDTjF8z_GgI=s1024"",""https://lh3.googleusercontent.com/gps-cs-s/AHRPTWnPChmuFeXzFuDzvT3-dCjpIJ99g4EwGt9wktiZBgANVunGoLXbhaUd_Kq7HKq1avGei6KT1acQuWTuOjshh9cV5_umDdBTmU6gQBhxfeyNWImbGxdGTJTodErZILGFfKcwL-uYGVjqSdCe=s1024""}",7
b35883fe-7d8f-5704-877e-841fc17c65c6,11cnd4cs_c,0x2e69f6eb34f236b5,taman,Taman Komodo,Taman,{},"Jl. Anggrek Rosliana II No.2, RT.2/RW.5, Kemanggisan, Kec. Palmerah, Kota Jakarta Barat, Daerah Khusus Ibukota Jakarta 11480","Jl. Anggrek Rosliana II No.2, RT.2/RW.5, Kemanggisan, Kec. Palmerah, Kota Jakarta Barat, Daerah Khusus Ibukota Jakarta 11480","RQ4V+8J Kemanggisan, Kota Jakarta Barat, Daerah Khusus Ibukota Jakarta",-6.1942252,106.7940925,,4.5,532,"{""Senin"": ""Buka 24 jam"", ""Selasa"": ""Buka 24 jam"", ""Rabu"": ""Buka 24 jam"", ""Kamis"": ""Buka 24 jam"", ""Jumat"": ""Buka 24 jam"", ""Sabtu"": ""Buka 24 jam"", ""Minggu"": ""Buka 24 jam""}",Senin: Buka 24 jam | Selasa: Buka 24 jam | Rabu: Buka 24 jam | Kamis: Buka 24 jam | Jumat: Buka 24 jam | Sabtu: Buka 24 jam | Minggu: Buka 24 jam,Buka 24 jam,"Jam ramai | Senin | 15% ramai pada pukul 04.00. | 19% ramai pada pukul 05.00. | 30% ramai pada pukul 06.00. | 45% ramai pada pukul 07.00. | 60% ramai pada pukul 08.00. | 70% ramai pada pukul 09.00. | 83% ramai pada pukul 10.00. | 82% ramai pada pukul 11.00. | 82% ramai pada pukul 12.00. | 77% ramai pada pukul 13.00. | 84% ramai pada pukul 14.00. | 90% ramai pada pukul 15.00. | 100% ramai pada pukul 16.00. | 96% ramai pada pukul 17.00. | 86% ramai pada pukul 18.00. | 87% ramai pada pukul 19.00. | 84% ramai pada pukul 20.00. | 80% ramai pada pukul 21.00. | 68% ramai pada pukul 22.00. | 58% ramai pada pukul 23.00. | populartimes.popup.show; focus:pane.focusTooltip; blur:pane.blurTooltip; keydown:pane.escapeTooltip""><span class=""google-symbols G47vBd OazX1c"" aria-hidden=""true"" style=""font-size: 18px;""></span></button><div class=""eho6bd"" role=""tooltip"" tabindex=""-1"" jsaction=""blur:pane.wfvdle10.populartimes.popup.hide; keydown:pane.wfvdle10.populartimes.popup.hide"" style=""display: none;""><div class=""G1Ydic""></div><div class=""wLiIdd fontBodySmall"" aria-label=""Berdasarkan kunjungan ke tempat ini.""><span>Berdasarkan kunjungan ke tempat ini.</span></div></div></div><div class=""epArK""></div><button class=""MYZx6c Hk4XGb"" jslog=""18021; track:click;metadata:WyIwYWhVS0V3ajV0OW5ZNmNxV0F4VklsT0VJSFEtUEZXQVE4QmNJQWlnQSJd"" aria-label=""Kembali ke hari sebelumnya"" jsaction=""pane.wfvdle10.populartimes.arrow.left""><span class=""Ups","Jam ramai | Senin | 15% ramai pada pukul 04.00. | 19% ramai pada pukul 05.00. | 30% ramai pada pukul 06.00. | 45% ramai pada pukul 07.00. | 60% ramai pada pukul 08.00. | 70% ramai pada pukul 09.00. | 83% ramai pada pukul 10.00. | 82% ramai pada pukul 11.00. | 82% ramai pada pukul 12.00. | 77% ramai pada pukul 13.00. | 84% ramai pada pukul 14.00. | 90% ramai pada pukul 15.00. | 100% ramai pada pukul 16.00. | 96% ramai pada pukul 17.00. | 86% ramai pada pukul 18.00. | 87% ramai pada pukul 19.00. | 84% ramai pada pukul 20.00. | 80% ramai pada pukul 21.00. | 68% ramai pada pukul 22.00. | 58% ramai pada pukul 23.00. | populartimes.popup.show; focus:pane.focusTooltip; blur:pane.blurTooltip; keydown:pane.escapeTooltip""><span class=""google-symbols G47vBd OazX1c"" aria-hidden=""true"" style=""font-size: 18px;""></span></button><div class=""eho6bd"" role=""tooltip"" tabindex=""-1"" jsaction=""blur:pane.wfvdle10.populartimes.popup.hide; keydown:pane.wfvdle10.populartimes.popup.hide"" style=""display: none;""><div class=""G1Ydic""></div><div class=""wLiIdd fontBodySmall"" aria-label=""Berdasarkan kunjungan ke tempat ini.""><span>Berdasarkan kunjungan ke tempat ini.</span></div></div></div><div class=""epArK""></div><button class=""MYZx6c Hk4XGb"" jslog=""18021; track:click;metadata:WyIwYWhVS0V3ajV0OW5ZNmNxV0F4VklsT0VJSFEtUEZXQVE4QmNJQWlnQSJd"" aria-label=""Kembali ke hari sebelumnya"" jsaction=""pane.wfvdle10.populartimes.arrow.left""><span class=""Ups",000000014901161,,,,,,2026-08-31T19:05:16.838898,168,true,true,3,"{""Parkir"",""Toilet"",""Kursi roda"",""Restoran"",""Bar"",""Tidak memiliki tempat parkir khusus pengguna kursi roda"",""Ada toilet umum""}","{""https://lh3.googleusercontent.com/gps-cs-s/AHRPTWniTWK90wpMyx8l2ftNw--AqM5DlgAUyFh0MBbe-doDcDrLXw-a24syee6GANFfV6n3M1rwWPIVXeAiO5ELqvScfyhQUkwY1NlFxHcO0C6XSXqKq422ob4XYud7kc4OgCnJl-3g=s1024"",""https://lh3.googleusercontent.com/gps-cs-s/AHRPTWmLJ73vIs0VWVM1rJj8SK_XSmqPoi3rTGIrqhqTQ7d4RSvm-gkrlwy0zBTwk2TNKmq_X-Yz56JLKEi4w2m6Q5brigGABgRLqWaP9eqmyLm8-g5LHY4cQ_ZRnALV5aXpklJiTbf6oaAVgUuE=s1024"",""https://lh3.googleusercontent.com/gps-cs-s/AHRPTWn86fY77iGS4o8viPQsai8_jR4WaLm8dvcce8UUKygnbbvQifaRqr0n3GebCGSbrqvrtqXkLHaV7_DH7kZWt9OkzIehQ1VKaIS-lWj2I8QowGKZZqVcwxrRtvT-povTZ-AQRhrk=s1024"",""https://lh3.googleusercontent.com/gps-cs-s/AHRPTWncXobQraQZ7WRFMlG0pl7IAEtPLAOIZ17GiEd-MWO7Je3WZYgd4goF-bxyfK_LrsQPMureKCcy1PsRZmmeGuwdiL1c6mTdJOggr6_swd7HAX9HSnjPoKo3aXoSZmOCBL4VqAiL4CkkdXDP=s1024"",""https://lh3.googleusercontent.com/gps-cs-s/AHRPTWnmoVTYnwqqsWUl3kAZi8J78UTNDX0N0FtyAwByVdz99vjghP8PnLgsQz_AKHDnGrW5S4xLks9XWjP1uvDxVyJLExIiP67cQeXP3lDndSOkMgWM7ZePG0txOIYPgDTjF8z_GgI=s1024"",""https://lh3.googleusercontent.com/gps-cs-s/AHRPTWmswKSKYiROv6GUuYCowi0yfTtK47imqC3Ig7mpD4L5-1KbTiXL1wq-QHNbG5Ff3kaxmh-KQIUKG9SvhaFFd0l_FMzoNfnCFQ0paIAGi5fSpe2wR-4B8_Fh34nzy8nzn-csvrWQUW_ajBZM=s1024"",""https://lh3.googleusercontent.com/gps-cs-s/AHRPTWntTQKK8jsbwxhJJK4X0Ie79rW4hZhICgDAtuNjwcbRUBKzbwFWTjSsR-61G6tpsXuDTGWzCf3P-MRE4-m6nxXfxq0crM-Me7-sqd30nmyykIQ_QKCI1YMFIzat4Ds_qiUMr6bW=s1024""}",7
883d2ce2-2569-5c3d-b781-c5d14c386085,11p14xcms6,0x2e69f792184df6b5,lapangan,Lapangan PB Purri Metro,Klub Olahraga,{},"Jl. Duri Mas 1 Ujung, RT.9/RW.10, Duri Kepa, Kec. Kb. Jeruk, Kota Jakarta Barat, Daerah Khusus Ibukota Jakarta 11510","Jl. Duri Mas 1 Ujung, RT.9/RW.10, Duri Kepa, Kec. Kb. Jeruk, Kota Jakarta Barat, Daerah Khusus Ibukota Jakarta 11510","RQC9+CJ Duri Kepa, Kota Jakarta Barat, Daerah Khusus Ibukota Jakarta",-6.1789739,106.7690306,,5.0,1,"{""Senin"": ""Buka 24 jam"", ""Selasa"": ""Buka 24 jam"", ""Rabu"": ""Buka 24 jam"", ""Kamis"": ""Buka 24 jam"", ""Jumat"": ""Buka 24 jam"", ""Sabtu"": ""Buka 24 jam"", ""Minggu"": ""Buka 24 jam""}",Senin: Buka 24 jam | Selasa: Buka 24 jam | Rabu: Buka 24 jam | Kamis: Buka 24 jam | Jumat: Buka 24 jam | Sabtu: Buka 24 jam | Minggu: Buka 24 jam,Buka 24 jam,"Jam ramai | Senin | 29% ramai pada pukul 04.00. | 11% ramai pada pukul 05.00. | 11% ramai pada pukul 06.00. | 23% ramai pada pukul 07.00. | 41% ramai pada pukul 08.00. | 47% ramai pada pukul 09.00. | 41% ramai pada pukul 10.00. | 58% ramai pada pukul 11.00. | 70% ramai pada pukul 12.00. | 76% ramai pada pukul 13.00. | 82% ramai pada pukul 14.00. | 70% ramai pada pukul 15.00. | 47% ramai pada pukul 16.00. | 29% ramai pada pukul 17.00. | 35% ramai pada pukul 18.00. | 47% ramai pada pukul 19.00. | 64% ramai pada pukul 20.00. | 52% ramai pada pukul 21.00. | 58% ramai pada pukul 22.00. | 41% ramai pada pukul 23.00. | populartimes.popup.show; focus:pane.focusTooltip; blur:pane.blurTooltip; keydown:pane.escapeTooltip""><span class=""google-symbols G47vBd OazX1c"" aria-hidden=""true"" style=""font-size: 18px;""></span></button><div class=""eho6bd"" role=""tooltip"" tabindex=""-1"" jsaction=""blur:pane.wfvdle10.populartimes.popup.hide; keydown:pane.wfvdle10.populartimes.popup.hide"" style=""display: none;""><div class=""G1Ydic""></div><div class=""wLiIdd fontBodySmall"" aria-label=""Berdasarkan kunjungan ke tempat ini.""><span>Berdasarkan kunjungan ke tempat ini.</span></div></div></div><div class=""epArK""></div><button class=""MYZx6c Hk4XGb"" jslog=""18021; track:click;metadata:WyIwYWhVS0V3aURydkhzNmNxV0F4VUltZUVJSFoxSVBOd1E4QmNJQWlnQSJd"" aria-label=""Kembali ke hari sebelumnya"" jsaction=""pane.wfvdle10.populartimes.arrow.left""><span class=""Ups","Jam ramai | Senin | 29% ramai pada pukul 04.00. | 11% ramai pada pukul 05.00. | 11% ramai pada pukul 06.00. | 23% ramai pada pukul 07.00. | 41% ramai pada pukul 08.00. | 47% ramai pada pukul 09.00. | 41% ramai pada pukul 10.00. | 58% ramai pada pukul 11.00. | 70% ramai pada pukul 12.00. | 76% ramai pada pukul 13.00. | 82% ramai pada pukul 14.00. | 70% ramai pada pukul 15.00. | 47% ramai pada pukul 16.00. | 29% ramai pada pukul 17.00. | 35% ramai pada pukul 18.00. | 47% ramai pada pukul 19.00. | 64% ramai pada pukul 20.00. | 52% ramai pada pukul 21.00. | 58% ramai pada pukul 22.00. | 41% ramai pada pukul 23.00. | populartimes.popup.show; focus:pane.focusTooltip; blur:pane.blurTooltip; keydown:pane.escapeTooltip""><span class=""google-symbols G47vBd OazX1c"" aria-hidden=""true"" style=""font-size: 18px;""></span></button><div class=""eho6bd"" role=""tooltip"" tabindex=""-1"" jsaction=""blur:pane.wfvdle10.populartimes.popup.hide; keydown:pane.wfvdle10.populartimes.popup.hide"" style=""display: none;""><div class=""G1Ydic""></div><div class=""wLiIdd fontBodySmall"" aria-label=""Berdasarkan kunjungan ke tempat ini.""><span>Berdasarkan kunjungan ke tempat ini.</span></div></div></div><div class=""epArK""></div><button class=""MYZx6c Hk4XGb"" jslog=""18021; track:click;metadata:WyIwYWhVS0V3aURydkhzNmNxV0F4VUltZUVJSFoxSVBOd1E4QmNJQWlnQSJd"" aria-label=""Kembali ke hari sebelumnya"" jsaction=""pane.wfvdle10.populartimes.arrow.left""><span class=""Ups",0812-8921-9208,,,,,,2026-08-31T19:05:58.508362,168,true,true,1,"{""Parkir"",""Restoran"",""Bar""}","{""https://lh3.googleusercontent.com/gps-cs-s/AHRPTWkNatmH5VTcn1H06yL11zlhU-nhnp2P1gbMk1715Wqr3IW2ZdNN8baa3zgyt-8XkuqGEBC9clgsSHBWbz_z5CGQisFFp7kGc4AKZzDybY1dh9wuYTsJAfj6cnO4nY02v6NGQftWcg=s1024"",""https://lh3.googleusercontent.com/gps-cs-s/AHRPTWkAJoAI2EjZU6RClj5ReAJMVt8axb8UuhQMKHrZ6BSUjiro2uf1E_oRWWgfOOeL33sMk7Qeb02YIYqAcLTOXWGILn5I4_rN4g5WSHhkAZakitLHl2en2yfrEt8YtUMogq_Woj8=s1024"",""https://lh3.googleusercontent.com/gps-cs-s/AHRPTWkixyGX3uIi4bGbHr2GdQfE7QRzVa97vx-FVlNJdKT2BRJHUDou-VITeFrBlZqKwTqtdYbtx_IXNMZx4t5TfX56Ch-SU7D0MC9yMk9bAZ-ZpsolYmcjVt8hOm-axRFYL9jNCZ8Z=s1024"",""https://lh3.googleusercontent.com/gps-cs-s/AHRPTWkFi0yrhQQlCZfR_Ii8LAEykg1WF-SzShBvd0jRa9JYUjKO8QNRK6Q1CfsCMA6Gq26s5hGUj9tlzJrzR1awKGqq2XVWjeqguXCBveBoJ-N9mTpRdWjnpwgZv9iQQGKlem3WKRhgmQ=s1024"",""https://lh3.googleusercontent.com/gps-cs-s/AHRPTWl3PiVoeu4nt56NSFOKgso-rDmkEHMepozEZ3K5rUgBQErUcsc30buZWeuLbPfRRaHTtuIgJNVQN6cLiTncSGLANJK3j006OhKFvRPNbmPKjxKT0ah4xOdYGku0oDd8vjQd-KpV=s1024"",""https://lh3.googleusercontent.com/gps-cs-s/AHRPTWm9Id1c1UsDxO2m6KRU6bH4WbXA2S4_CMoXk4ELGwjsuDUfoZSenjJIuHSp_76wVJNvtd0m6d_oX055kJFoHnDUt0a4dTJ3WEmOhwgodOpqIydKsM74_UKfwvw6BkvaRSQxIBEKuQ=s1024"",""https://lh3.googleusercontent.com/gps-cs-s/AHRPTWnf8DhVZVcAwmRrcn2t7jCVprfUY-jobFOaEQ5vimda9PciFSudLaFY8AFicci-24MAg5obrvq7_qlXZbQSUeKEjxAEIYHhA-gDLJDq8Ah6xcPPD8-JRRYxBMhjNutQlDHxnBrP=s1024"",""https://lh3.googleusercontent.com/gps-cs-s/AHRPTWnPiYp_eJGHiREAD8cEjH7wm33HCcyzUtlCgjw72jvLfMpCFT86HR2aNVJTkiVDsWWocpehEXpOpKfI9M5p_7P3yNUkTaJIYt3C9mUgrN6cSKd6Ib3lcfjW6YY_Z3fQ_DnxbBRHhg=s1024""}",8
ef4cea0a-e34e-5d3f-bc7f-7b752183576a,11kqrj171p,0x2e69f7d2534edd87,lapangan,Asuka Badminton Hall,Lapangan Bulutangkis,{},"Jl. Kedoya Pesing No.30, RT.14/RW.8, Kedoya Utara, Kec. Kb. Jeruk, Kota Jakarta Barat, Daerah Khusus Ibukota Jakarta 11520","Jl. Kedoya Pesing No.30, RT.14/RW.8, Kedoya Utara, Kec. Kb. Jeruk, Kota Jakarta Barat, Daerah Khusus Ibukota Jakarta 11520","RQP8+J6 Kedoya Utara, Kota Jakarta Barat, Daerah Khusus Ibukota Jakarta",-6.1634977,106.7655976,,4.8,259,"{""Senin"": ""08.00–23.00"", ""Selasa"": ""08.00–23.00"", ""Rabu"": ""08.00–23.00"", ""Kamis"": ""08.00–23.00"", ""Jumat"": ""08.00–23.00"", ""Sabtu"": ""08.00–23.00"", ""Minggu"": ""08.00–23.00""}",Senin: 08.00–23.00 | Selasa: 08.00–23.00 | Rabu: 08.00–23.00 | Kamis: 08.00–23.00 | Jumat: 08.00–23.00 | Sabtu: 08.00–23.00 | Minggu: 08.00–23.00,Buka · Tutup pukul 23.00,"Jam ramai | Senin | 0% ramai pada pukul 06.00. | 0% ramai pada pukul 07.00. | 19% ramai pada pukul 08.00. | 25% ramai pada pukul 09.00. | 29% ramai pada pukul 10.00. | 33% ramai pada pukul 11.00. | 33% ramai pada pukul 12.00. | 31% ramai pada pukul 13.00. | 30% ramai pada pukul 14.00. | 33% ramai pada pukul 15.00. | 40% ramai pada pukul 16.00. | 49% ramai pada pukul 17.00. | 56% ramai pada pukul 18.00. | 62% ramai pada pukul 19.00. | 62% ramai pada pukul 20.00. | 57% ramai pada pukul 21.00. | 47% ramai pada pukul 22.00. | 0% ramai pada pukul 23.00. | populartimes.popup.show; focus:pane.focusTooltip; blur:pane.blurTooltip; keydown:pane.escapeTooltip""><span class=""google-symbols G47vBd OazX1c"" aria-hidden=""true"" style=""font-size: 18px;""></span></button><div class=""eho6bd"" role=""tooltip"" tabindex=""-1"" jsaction=""blur:pane.wfvdle10.populartimes.popup.hide; keydown:pane.wfvdle10.populartimes.popup.hide"" style=""display: none;""><div class=""G1Ydic""></div><div class=""wLiIdd fontBodySmall"" aria-label=""Berdasarkan kunjungan ke tempat ini.""><span>Berdasarkan kunjungan ke tempat ini.</span></div></div></div><div class=""epArK""></div><button class=""MYZx6c Hk4XGb"" jslog=""18021; track:click;metadata:WyIwYWhVS0V3aVV1ZDZBNnNxV0F4WDhrT0VJSGQxVkdYWVE4QmNJQWlnQSJd"" aria-label=""Kembali ke hari sebelumnya"" jsaction=""pane.wfvdle10.populartimes.arrow.left""><span class=""Ups","Jam ramai | Senin | 0% ramai pada pukul 06.00. | 0% ramai pada pukul 07.00. | 19% ramai pada pukul 08.00. | 25% ramai pada pukul 09.00. | 29% ramai pada pukul 10.00. | 33% ramai pada pukul 11.00. | 33% ramai pada pukul 12.00. | 31% ramai pada pukul 13.00. | 30% ramai pada pukul 14.00. | 33% ramai pada pukul 15.00. | 40% ramai pada pukul 16.00. | 49% ramai pada pukul 17.00. | 56% ramai pada pukul 18.00. | 62% ramai pada pukul 19.00. | 62% ramai pada pukul 20.00. | 57% ramai pada pukul 21.00. | 47% ramai pada pukul 22.00. | 0% ramai pada pukul 23.00. | populartimes.popup.show; focus:pane.focusTooltip; blur:pane.blurTooltip; keydown:pane.escapeTooltip""><span class=""google-symbols G47vBd OazX1c"" aria-hidden=""true"" style=""font-size: 18px;""></span></button><div class=""eho6bd"" role=""tooltip"" tabindex=""-1"" jsaction=""blur:pane.wfvdle10.populartimes.popup.hide; keydown:pane.wfvdle10.populartimes.popup.hide"" style=""display: none;""><div class=""G1Ydic""></div><div class=""wLiIdd fontBodySmall"" aria-label=""Berdasarkan kunjungan ke tempat ini.""><span>Berdasarkan kunjungan ke tempat ini.</span></div></div></div><div class=""epArK""></div><button class=""MYZx6c Hk4XGb"" jslog=""18021; track:click;metadata:WyIwYWhVS0V3aVV1ZDZBNnNxV0F4WDhrT0VJSGQxVkdYWVE4QmNJQWlnQSJd"" aria-label=""Kembali ke hari sebelumnya"" jsaction=""pane.wfvdle10.populartimes.arrow.left""><span class=""Ups",0821-2322-2154,,,,,,2026-08-31T19:06:40.564028,105.0,false,true,2,"{""Parkir"",""Kursi roda"",""Restoran"",""Bar"",""Tidak memiliki pintu masuk khusus pengguna kursi roda"",""Tidak memiliki tempat parkir khusus pengguna kursi roda""}","{""https://lh3.googleusercontent.com/gps-cs-s/AHRPTWnp7DimD7NYqkVXT782K5NNd9ilxOD_BXHhuwVOpmSCvbAYDA5blbLmxdyTZINXICcnCmEUdzqnNz76TX7mpgKBDzBTvQori2JYRMEK6oFzv6-q5EidRTO4sohXOmYUiY5n6MHBcA=s1024"",""https://lh3.googleusercontent.com/gps-cs-s/AHRPTWmZy3IU9dytvxO5uOwySz8HwAXQqFodQQRiY9t-MsIDMuz0FVH34wb4dIeygwAeTF3O_t_szmnAGiKa5Unu39HpPluVSPg0ptHjWWWnuOoEW3zbIqT_4m_C5GsKrMhKb02YbEi8PsnNZ-0=s1024"",""https://lh3.googleusercontent.com/gps-cs-s/AHRPTWnH5yo85PvqIKA7jCUmRG7DAsnrXTHJ_fgYEH-2840Fu6ORiHDuS6x3BHo_dj0J_eG3faffGT0P6sS7OKq_e8oY6BUXYMYbNJBw2eCJDJ5Huk-k8KbPZaQrVkauaNCk27zhs98zSZMP3I2h=s1024"",""https://lh3.googleusercontent.com/gps-cs-s/AHRPTWkbRtGoTOetw7J9I_MgjyDNUTwdcWXE1K9RRqKBdPo_KDw07AoH3oRTSuaWX5yINg4HMsm9vQa7pJzOZp7jEHiGKs8bBWt6Qpn2ye1I312YFjecnTdXGjO4lHRjQE-3raR68rRZ=s1024"",""https://lh3.googleusercontent.com/gps-cs-s/AHRPTWmjKFxDscamg02j1L0_DJtvT7z3zh1ZmhLD_pwTY2hc74vtDRj9VY7-XA9l1EZslRBS321Kr6e078CVsG2oWOx18hnU1zM81b8dilATZ-Q2YzblRWhv8YQbyN5nj5tf-mWrfjN3Yw=s1024"",""https://lh3.googleusercontent.com/gps-cs-s/AHRPTWlvgJ-7_YqozcO-MZxYgXJIDaHDcJL5rgnUgMV_Q2DrQZQPlDX7aM8VXSRQ4HZxPz656Y8OBhCGn66XDblbV7UPmT_SEg0rlDX-DTqzBiG-vEgq_kmayVMPxjA9lh4zLy972dmOPw=s1024"",""https://lh3.googleusercontent.com/gps-cs-s/AHRPTWkG7KQwq5vEaJa1aTAckKOZOAuv48ucChu6ZwYJk_bARH9YbInKlxehdE79fd1kSafUe0L6Cwg7wOert-AY4UKxLbYDPGA4iDDBKZlqGOvxfMcusbAnQBPfgAmkHLWrAAnMEcxlhg=s1024"",""https://lh3.googleusercontent.com/gps-cs-s/AHRPTWl1mGMPssnCMoot5TQqwbbPJVbJW4AslHrXMW14yec9eY9EK2Dz_iXN0j2rJzzVRKtpjb9mIIdai-2z_1s5Imc171okbEAEwEuKH6P0JwgDghE0JfesU2KkrvaihSz-S_4qUUQ=s1024"",""https://lh3.googleusercontent.com/gps-cs-s/AHRPTWktTg8svn5hqgxFAmgUfkPp8mwwsyStpW0I_WWrKJ6DoYKiyuS0vnMEIbejsBF-ULm8LEt2WNmgHFVmbK8zzhQVtROWN2CylHt_AD_sWMTgPoomfRYjXTThrTOePlZtgw4xFfsaKyOdfc0=s1024"",""https://lh3.googleusercontent.com/gps-cs-s/AHRPTWkCJamcqbHSilGHwWZ0FvXXXk1jclU_tazJYY9XxNiNteuK78lxgZhRMOUbGPyMbn4l0Tpqo8y5ppbMkjOh1DLwTigRSyLT88JykZBj021NIgUEKW0VVYEpVbfl9TDRlC7JYe4-=s1024""}",10
b094579c-ecb4-5923-bac5-c4b1bcdeb033,11k0yzg6bx,0x2e69f7edfab89ce5,lapangan,PBSI Garuda Badminton,Lapangan Bulutangkis,{},"Jl. Perdana Kusuma Blok Qq No.248AB, RT.1/RW.4, Wijaya Kusuma, Kec. Grogol petamburan, Kota Jakarta Barat, Daerah Khusus Ibukota Jakarta 11460","Jl. Perdana Kusuma Blok Qq No.248AB, RT.1/RW.4, Wijaya Kusuma, Kec. Grogol petamburan, Kota Jakarta Barat, Daerah Khusus Ibukota Jakarta 11460","RQVF+RR Wijaya Kusuma, Kota Jakarta Barat, Daerah Khusus Ibukota Jakarta",-6.155484,106.7745602,,4.6,703,"{""Senin"": ""07.00–23.00"", ""Selasa"": ""07.00–23.00"", ""Rabu"": ""07.00–23.00"", ""Kamis"": ""07.00–23.00"", ""Jumat"": ""07.00–23.00"", ""Sabtu"": ""07.00–21.00"", ""Minggu"": ""07.00–18.00""}",Senin: 07.00–23.00 | Selasa: 07.00–23.00 | Rabu: 07.00–23.00 | Kamis: 07.00–23.00 | Jumat: 07.00–23.00 | Sabtu: 07.00–21.00 | Minggu: 07.00–18.00,Buka · Tutup pukul 23.00,"Jam ramai | Senin | 0% ramai pada pukul 06.00. | 22% ramai pada pukul 07.00. | 30% ramai pada pukul 08.00. | 38% ramai pada pukul 09.00. | 42% ramai pada pukul 10.00. | 43% ramai pada pukul 11.00. | 43% ramai pada pukul 12.00. | 44% ramai pada pukul 13.00. | 46% ramai pada pukul 14.00. | 50% ramai pada pukul 15.00. | 50% ramai pada pukul 16.00. | 48% ramai pada pukul 17.00. | 0% ramai pada pukul 18.00. | 0% ramai pada pukul 19.00. | 0% ramai pada pukul 20.00. | 0% ramai pada pukul 21.00. | 0% ramai pada pukul 22.00. | 0% ramai pada pukul 23.00. | populartimes.popup.show; focus:pane.focusTooltip; blur:pane.blurTooltip; keydown:pane.escapeTooltip""><span class=""google-symbols G47vBd OazX1c"" aria-hidden=""true"" style=""font-size: 18px;""></span></button><div class=""eho6bd"" role=""tooltip"" tabindex=""-1"" jsaction=""blur:pane.wfvdle10.populartimes.popup.hide; keydown:pane.wfvdle10.populartimes.popup.hide"" style=""display: none;""><div class=""G1Ydic""></div><div class=""wLiIdd fontBodySmall"" aria-label=""Berdasarkan kunjungan ke tempat ini.""><span>Berdasarkan kunjungan ke tempat ini.</span></div></div></div><div class=""epArK""></div><button class=""MYZx6c Hk4XGb"" jslog=""18021; track:click;metadata:WyIwYWhVS0V3ajk1LWFVNnNxV0F4WFlsZUVJSFFHakRLY1E4QmNJQWlnQSJd"" aria-label=""Kembali ke hari sebelumnya"" jsaction=""pane.wfvdle10.populartimes.arrow.left""><span class=""Ups","Jam ramai | Senin | 0% ramai pada pukul 06.00. | 22% ramai pada pukul 07.00. | 30% ramai pada pukul 08.00. | 38% ramai pada pukul 09.00. | 42% ramai pada pukul 10.00. | 43% ramai pada pukul 11.00. | 43% ramai pada pukul 12.00. | 44% ramai pada pukul 13.00. | 46% ramai pada pukul 14.00. | 50% ramai pada pukul 15.00. | 50% ramai pada pukul 16.00. | 48% ramai pada pukul 17.00. | 0% ramai pada pukul 18.00. | 0% ramai pada pukul 19.00. | 0% ramai pada pukul 20.00. | 0% ramai pada pukul 21.00. | 0% ramai pada pukul 22.00. | 0% ramai pada pukul 23.00. | populartimes.popup.show; focus:pane.focusTooltip; blur:pane.blurTooltip; keydown:pane.escapeTooltip""><span class=""google-symbols G47vBd OazX1c"" aria-hidden=""true"" style=""font-size: 18px;""></span></button><div class=""eho6bd"" role=""tooltip"" tabindex=""-1"" jsaction=""blur:pane.wfvdle10.populartimes.popup.hide; keydown:pane.wfvdle10.populartimes.popup.hide"" style=""display: none;""><div class=""G1Ydic""></div><div class=""wLiIdd fontBodySmall"" aria-label=""Berdasarkan kunjungan ke tempat ini.""><span>Berdasarkan kunjungan ke tempat ini.</span></div></div></div><div class=""epArK""></div><button class=""MYZx6c Hk4XGb"" jslog=""18021; track:click;metadata:WyIwYWhVS0V3ajk1LWFVNnNxV0F4WFlsZUVJSFFHakRLY1E4QmNJQWlnQSJd"" aria-label=""Kembali ke hari sebelumnya"" jsaction=""pane.wfvdle10.populartimes.arrow.left""><span class=""Ups",0859-5924-7676,,,,,,2026-08-31T19:07:22.131061,105.0,false,true,2,"{""Parkir"",""Kursi roda"",""Restoran"",""Bar"",""Tidak memiliki pintu masuk khusus pengguna kursi roda"",""Tidak memiliki tempat parkir khusus pengguna kursi roda""}","{""https://lh3.googleusercontent.com/gps-cs-s/AHRPTWl1mGMPssnCMoot5TQqwbbPJVbJW4AslHrXMW14yec9eY9EK2Dz_iXN0j2rJzzVRKtpjb9mIIdai-2z_1s5Imc171okbEAEwEuKH6P0JwgDghE0JfesU2KkrvaihSz-S_4qUUQ=s1024"",""https://lh3.googleusercontent.com/gps-cs-s/AHRPTWkY8rEcooAQMaycv6JuVf8Rgn6RU7wD8dh9PybvHn_QZ2kV_zt5Kl6SusCC4EA7CZUBByvQ0XlRtnlUFf773YaCvBWMg2EkIV0wBf8t_qEZ_8ftSbegoUPNKRB3QonmKk6WAMrg=s1024"",""https://lh3.googleusercontent.com/gps-cs-s/AHRPTWkBWmyydr3l6rRngsMbFxxAWQxcXUpSC8Epj8OJ1gF3gnXzIJk2J-LiiyelpJVxk2YYhe36PJX4QZwBMGkkFn8r5PEgiK6gMhwfiF7xOboktwOcSYLCpKZevJK0tA2ydSJlFJ1Gqw=s1024"",""https://lh3.googleusercontent.com/gps-cs-s/AHRPTWmNkLnxex3BJbYwDGSTcUgbtDGRjTmzCkXUnJECchba8EeY9esSBQN9yKhbKiDWf8CJ9DG31ICgjgL6TEJF4LxQf4FzfQzzOdaLqz9BCQhxgTtSVdZbfuZdw5N6blKc7YzmQL2CVw=s1024"",""https://lh3.googleusercontent.com/gps-cs-s/AHRPTWnvVm0p4jAy9A_OlcR8digASUt75lQ7bYCb2CVLlyiZBoFsb59nyi1xFQQkV-3f4z6L3J2UHUZ1KBV-8FXK69FgfQye7U7GRdYZ6dLBJj9WIxZqPQZORg9H0ZUFGpXquUHAIjk=s1024"",""https://lh3.googleusercontent.com/gps-cs-s/AHRPTWnp7DimD7NYqkVXT782K5NNd9ilxOD_BXHhuwVOpmSCvbAYDA5blbLmxdyTZINXICcnCmEUdzqnNz76TX7mpgKBDzBTvQori2JYRMEK6oFzv6-q5EidRTO4sohXOmYUiY5n6MHBcA=s1024"",""https://lh3.googleusercontent.com/gps-cs-s/AHRPTWlvgJ-7_YqozcO-MZxYgXJIDaHDcJL5rgnUgMV_Q2DrQZQPlDX7aM8VXSRQ4HZxPz656Y8OBhCGn66XDblbV7UPmT_SEg0rlDX-DTqzBiG-vEgq_kmayVMPxjA9lh4zLy972dmOPw=s1024""}",7
53add3ec-6af7-517e-9d6b-36707127352d,11c2jl_k63,0x2e69f6fd7016cde7,lapangan,Lapangan Bulutangkis Talenta,Lapangan Bulutangkis,{},"4, Jl. Sahabat Baru No.92, RT.4/RW.1, Duri Kepa, Kec. Kb. Jeruk, Kota Jakarta Barat, Daerah Khusus Ibukota Jakarta 11510","4, Jl. Sahabat Baru No.92, RT.4/RW.1, Duri Kepa, Kec. Kb. Jeruk, Kota Jakarta Barat, Daerah Khusus Ibukota Jakarta 11510","RQ7C+GG Duri Kepa, Kota Jakarta Barat, Daerah Khusus Ibukota Jakarta",-6.18624,106.77132,,4.5,309,"{""Senin"": ""08.00–23.00"", ""Selasa"": ""08.00–23.00"", ""Rabu"": ""08.00–23.00"", ""Kamis"": ""08.00–23.00"", ""Jumat"": ""08.00–23.00"", ""Sabtu"": ""08.00–23.00"", ""Minggu"": ""08.00–23.00""}",Senin: 08.00–23.00 | Selasa: 08.00–23.00 | Rabu: 08.00–23.00 | Kamis: 08.00–23.00 | Jumat: 08.00–23.00 | Sabtu: 08.00–23.00 | Minggu: 08.00–23.00,Buka · Tutup pukul 23.00,"Jam ramai | Senin | 0% ramai pada pukul 06.00. | 0% ramai pada pukul 07.00. | 32% ramai pada pukul 08.00. | 39% ramai pada pukul 09.00. | 43% ramai pada pukul 10.00. | 42% ramai pada pukul 11.00. | 41% ramai pada pukul 12.00. | 39% ramai pada pukul 13.00. | 39% ramai pada pukul 14.00. | 48% ramai pada pukul 15.00. | 55% ramai pada pukul 16.00. | 66% ramai pada pukul 17.00. | 71% ramai pada pukul 18.00. | 74% ramai pada pukul 19.00. | 74% ramai pada pukul 20.00. | 74% ramai pada pukul 21.00. | 65% ramai pada pukul 22.00. | 0% ramai pada pukul 23.00. | populartimes.popup.show; focus:pane.focusTooltip; blur:pane.blurTooltip; keydown:pane.escapeTooltip""><span class=""google-symbols G47vBd OazX1c"" aria-hidden=""true"" style=""font-size: 18px;""></span></button><div class=""eho6bd"" role=""tooltip"" tabindex=""-1"" jsaction=""blur:pane.wfvdle10.populartimes.popup.hide; keydown:pane.wfvdle10.populartimes.popup.hide"" style=""display: none;""><div class=""G1Ydic""></div><div class=""wLiIdd fontBodySmall"" aria-label=""Berdasarkan kunjungan ke tempat ini.""><span>Berdasarkan kunjungan ke tempat ini.</span></div></div></div><div class=""epArK""></div><button class=""MYZx6c Hk4XGb"" jslog=""18021; track:click;metadata:WyIwYWhVS0V3akR2TS1vNnNxV0F4V2RqLUVJSFoya0t4SVE4QmNJQWlnQSJd"" aria-label=""Kembali ke hari sebelumnya"" jsaction=""pane.wfvdle10.populartimes.arrow.left""><span class=""Ups","Jam ramai | Senin | 0% ramai pada pukul 06.00. | 0% ramai pada pukul 07.00. | 32% ramai pada pukul 08.00. | 39% ramai pada pukul 09.00. | 43% ramai pada pukul 10.00. | 42% ramai pada pukul 11.00. | 41% ramai pada pukul 12.00. | 39% ramai pada pukul 13.00. | 39% ramai pada pukul 14.00. | 48% ramai pada pukul 15.00. | 55% ramai pada pukul 16.00. | 66% ramai pada pukul 17.00. | 71% ramai pada pukul 18.00. | 74% ramai pada pukul 19.00. | 74% ramai pada pukul 20.00. | 74% ramai pada pukul 21.00. | 65% ramai pada pukul 22.00. | 0% ramai pada pukul 23.00. | populartimes.popup.show; focus:pane.focusTooltip; blur:pane.blurTooltip; keydown:pane.escapeTooltip""><span class=""google-symbols G47vBd OazX1c"" aria-hidden=""true"" style=""font-size: 18px;""></span></button><div class=""eho6bd"" role=""tooltip"" tabindex=""-1"" jsaction=""blur:pane.wfvdle10.populartimes.popup.hide; keydown:pane.wfvdle10.populartimes.popup.hide"" style=""display: none;""><div class=""G1Ydic""></div><div class=""wLiIdd fontBodySmall"" aria-label=""Berdasarkan kunjungan ke tempat ini.""><span>Berdasarkan kunjungan ke tempat ini.</span></div></div></div><div class=""epArK""></div><button class=""MYZx6c Hk4XGb"" jslog=""18021; track:click;metadata:WyIwYWhVS0V3akR2TS1vNnNxV0F4V2RqLUVJSFoya0t4SVE4QmNJQWlnQSJd"" aria-label=""Kembali ke hari sebelumnya"" jsaction=""pane.wfvdle10.populartimes.arrow.left""><span class=""Ups",0816-1974-011,,,,,,2026-08-31T19:08:04.592676,105.0,false,true,1,"{""Parkir"",""Parkir gratis"",""Restoran"",""Bar"",""Tempat parkir berbayar"",""Tempat parkir gratis""}","{""https://lh3.googleusercontent.com/gps-cs-s/AHRPTWkEd_uO20KQEDKzV8amgS0WnG6Gkf6WcgHsU5weSHUb97diyAr0pzYgXZEOfA7LAC_L9OMn1aH-Eluigc_hTb0OO1vaPU554uKKFtvi3hCk9j-sMtQi1XZIs-OZVpMim0rNT3Ho=s1024"",""https://lh3.googleusercontent.com/gps-cs-s/AHRPTWnhzrGuop7ZP-AfmdqlOGkugbByJbNDSW_2wCpb7lKSZrHlD-23L3HAsKMN6sKqLXXN7quZLF8bek9twNXrJj4YfwWY9zI0mV9FxokRZWLWhvvT7IfSxT83oOv5_LxCWLh8WS2eUbi3Ki1y=s1024"",""https://lh3.googleusercontent.com/gps-cs-s/AHRPTWleCuyBmk7dNYENHKyyTlXPHbi4tt-G11kWKG0dYjBm3qBU9pAQn8TaLVTGyP_GJSuNM-gWfH2iCVywkOIm-FCUYM6mey8bN5uUIzKLY-gWB_F8YBLdqUNSrkEp31LqM9wr1h2PbA=s1024"",""https://lh3.googleusercontent.com/gps-cs-s/AHRPTWkBvDbinArsk7a9dpUuT011sSQ6EDitvrXgEE0Jsw--4ExRIlic-MuJvC_1qBJdGtUNpxYgO4YFzOSsP18djedb_j4mob52pMe0LXdkRU22JAfpI2hwXqeUjzgWQJ2jaFe1E4Ej=s1024"",""https://lh3.googleusercontent.com/gps-cs-s/AHRPTWky5YjDFgFsi1ZEDqDuef_w98XkzeUJygCC8WYOPP8k8WTCazTmBwiST0_yVhVTxkv6BDwJnmlLyGGWwOFleTRIMKP680fDj4ShSlcxqV1HUuozotcTiqQFxiz8z8XIglfwMl-pNQ=s1024"",""https://lh3.googleusercontent.com/gps-cs-s/AHRPTWnMq04A9-bd6-bcmOon4gHj2fSps3DfeZOhRX1ZPWphdMpO0dszbpFMOw4dHhnot19Z3e_K19nXT2y10d_QX9aik3bYTYn4l8oJV1AWEAIVE9YtEO1rZ2oOfTAPIXC4NhtEMkJTlA=s1024"",""https://lh3.googleusercontent.com/gps-cs-s/AHRPTWlDB9Z3h4tR3zA_yU2cOHRVX_S7ItqnqPK5UQ24UzwP6vCDuEAc5MHNrRcuBNxdu9GD7TI6duMziXhSzMIQhcPLyqQKNnkwQCis-fJbIzzcphI7yLbAJ8NDxLWKkzDwINddILw=s1024"",""https://lh3.googleusercontent.com/gps-cs-s/AHRPTWkG7KQwq5vEaJa1aTAckKOZOAuv48ucChu6ZwYJk_bARH9YbInKlxehdE79fd1kSafUe0L6Cwg7wOert-AY4UKxLbYDPGA4iDDBKZlqGOvxfMcusbAnQBPfgAmkHLWrAAnMEcxlhg=s1024"",""https://lh3.googleusercontent.com/gps-cs-s/AHRPTWmQzEIGB0Un1R4Xapzxrg9C_LBfzG294LIMY6swinLhWJyqDfu2LXc73WXJIkrM9zq7aWThSqV0yLJx0xYgSP0g5hOlABB9Or__WObHzjeuhiIYYytPhh8vsBnT8y8h40SLoUE9=s1024""}",9
0e562db3-23df-5a4a-a15e-ceb1b38e748f,11bw4p50s6,0x2e69f655d74627d9,lapangan,Royal Futsal / Sportpackers Legacy,Lapangan Futsal,{},"Jl. Mangga XVII utama No.354 blok P1, RT.4/RW.8, Duri Kepa, Jakarta, West Jakarta City, Jakarta 11510","Jl. Mangga XVII utama No.354 blok P1, RT.4/RW.8, Duri Kepa, Jakarta, West Jakarta City, Jakarta 11510","RQFG+MH Duri Kepa, Kota Jakarta Barat, Daerah Khusus Ibukota Jakarta",-6.1758744,106.7764919,,4.3,286,"{""Senin"": ""09.00–23.00"", ""Selasa"": ""09.00–23.00"", ""Rabu"": ""09.00–23.00"", ""Kamis"": ""09.00–23.00"", ""Jumat"": ""09.00–23.00"", ""Sabtu"": ""09.00–23.00"", ""Minggu"": ""09.00–23.00""}",Senin: 09.00–23.00 | Selasa: 09.00–23.00 | Rabu: 09.00–23.00 | Kamis: 09.00–23.00 | Jumat: 09.00–23.00 | Sabtu: 09.00–23.00 | Minggu: 09.00–23.00,Buka · Tutup pukul 23.00,"Jam ramai | Senin | 0% ramai pada pukul 06.00. | 0% ramai pada pukul 07.00. | 0% ramai pada pukul 08.00. | 39% ramai pada pukul 09.00. | 41% ramai pada pukul 10.00. | 40% ramai pada pukul 11.00. | 38% ramai pada pukul 12.00. | 39% ramai pada pukul 13.00. | 44% ramai pada pukul 14.00. | 49% ramai pada pukul 15.00. | 51% ramai pada pukul 16.00. | 50% ramai pada pukul 17.00. | 50% ramai pada pukul 18.00. | 58% ramai pada pukul 19.00. | 72% ramai pada pukul 20.00. | 88% ramai pada pukul 21.00. | 88% ramai pada pukul 22.00. | 0% ramai pada pukul 23.00. | populartimes.popup.show; focus:pane.focusTooltip; blur:pane.blurTooltip; keydown:pane.escapeTooltip""><span class=""google-symbols G47vBd OazX1c"" aria-hidden=""true"" style=""font-size: 18px;""></span></button><div class=""eho6bd"" role=""tooltip"" tabindex=""-1"" jsaction=""blur:pane.wfvdle10.populartimes.popup.hide; keydown:pane.wfvdle10.populartimes.popup.hide"" style=""display: none;""><div class=""G1Ydic""></div><div class=""wLiIdd fontBodySmall"" aria-label=""Berdasarkan kunjungan ke tempat ini.""><span>Berdasarkan kunjungan ke tempat ini.</span></div></div></div><div class=""epArK""></div><button class=""MYZx6c Hk4XGb"" jslog=""18021; track:click;metadata:WyIwYWhVS0V3aThnZkM4NnNxV0F4V3lsT0VJSGRKdExlMFE4QmNJQWlnQSJd"" aria-label=""Kembali ke hari sebelumnya"" jsaction=""pane.wfvdle10.populartimes.arrow.left""><span class=""Ups","Jam ramai | Senin | 0% ramai pada pukul 06.00. | 0% ramai pada pukul 07.00. | 0% ramai pada pukul 08.00. | 39% ramai pada pukul 09.00. | 41% ramai pada pukul 10.00. | 40% ramai pada pukul 11.00. | 38% ramai pada pukul 12.00. | 39% ramai pada pukul 13.00. | 44% ramai pada pukul 14.00. | 49% ramai pada pukul 15.00. | 51% ramai pada pukul 16.00. | 50% ramai pada pukul 17.00. | 50% ramai pada pukul 18.00. | 58% ramai pada pukul 19.00. | 72% ramai pada pukul 20.00. | 88% ramai pada pukul 21.00. | 88% ramai pada pukul 22.00. | 0% ramai pada pukul 23.00. | populartimes.popup.show; focus:pane.focusTooltip; blur:pane.blurTooltip; keydown:pane.escapeTooltip""><span class=""google-symbols G47vBd OazX1c"" aria-hidden=""true"" style=""font-size: 18px;""></span></button><div class=""eho6bd"" role=""tooltip"" tabindex=""-1"" jsaction=""blur:pane.wfvdle10.populartimes.popup.hide; keydown:pane.wfvdle10.populartimes.popup.hide"" style=""display: none;""><div class=""G1Ydic""></div><div class=""wLiIdd fontBodySmall"" aria-label=""Berdasarkan kunjungan ke tempat ini.""><span>Berdasarkan kunjungan ke tempat ini.</span></div></div></div><div class=""epArK""></div><button class=""MYZx6c Hk4XGb"" jslog=""18021; track:click;metadata:WyIwYWhVS0V3aThnZkM4NnNxV0F4V3lsT0VJSGRKdExlMFE4QmNJQWlnQSJd"" aria-label=""Kembali ke hari sebelumnya"" jsaction=""pane.wfvdle10.populartimes.arrow.left""><span class=""Ups",0877-7739-3738,/url?q=https://instagram.com/sportpackers.legacy%3Figshid%3DYmMyMTA2M2Y%3D&opi=79508299&sa=U&ved=0ahUKEwi8gfC86sqWAxWylOEIHdJtLe0Q61gIFygS&usg=AOvVaw319Bl5TKfYxKBVgcp5_Fpo,,,,,2026-08-31T19:08:45.924748,98.0,false,true,3,"{""Parkir"",""Toilet"",""AC"",""Restoran"",""Bar"",""parkir, disebutkan dalam 3 ulasan""}","{""https://lh3.googleusercontent.com/gps-cs-s/AHRPTWnAYDaXCBhxQ8MVI6bfNZ2VGoeAere-VUftaz1CtO2K1xWa8R0_IIYWB8_hAWZFc-18-acx4xWqIBmMlWUv2X4JQ2b43YFQSF-feAUU3eKXWKDzXXM6M6IT-_tBhdFOes93ybc=s1024"",""https://lh3.googleusercontent.com/gps-cs-s/AHRPTWmnzjWqrlOVLZQXWgKS8iVasiVhziTyqTmhykkcBFqyHasLNiWol09H4a7MHkkbeSuNrB3ZGoSIKVphZI5O3yS3d1XJlmpc8LWVHmZT37qizIImyyJDmBJq05IyGb7UAqfyv7xyLg=s1024"",""https://lh3.googleusercontent.com/gps-cs-s/AHRPTWnIEdeemVAEAlG63ndQvDIL0t5fPkESfHoAVAAkB28nXyO8pc8Qss77NT6GPc0F-ftxtl-Olc3h6s2q9JJLzfC6qCp17ZR6fmP60KZ1hBtZT22Hha6B9IzR4jj5LIJwgawfkuID=s1024"",""https://lh3.googleusercontent.com/gps-cs-s/AHRPTWkm5J8MCqijGf8myFlCbfc3FmAvUoRuQI0FiuDxDzN7mbeXqhB9-jHJbn5gnTDRxCQGBJi8bCBji_aHOvET4I8KQXex9NMKnroJbdNejB8DKIviKhhn1VpdqyX7sAhVMc73vpZz2w=s1024"",""https://lh3.googleusercontent.com/gps-cs-s/AHRPTWl3MGyJfym-gRKBNONLah6toiUo2TaLCR5dGElHZs8xqJLYVBaaM_XK75NROv7aZH99nLIEFlWBYCNWuJkKrZv8MRdjVO1YBjxkJudOqorD-Q3xbZ9HrzfDliy5UyQdxqYFrwVbPJRlmeU=s1024"",""https://lh3.googleusercontent.com/gps-cs-s/AHRPTWlpFmxq6ItzwyVTI4HlVRAmswdTx_9UHgH5Kcgl8V6S5SRn7-xBMoqomTe_8l2K8Z194NGKwh-5YBqar9yUn_w2oQm_T9a1GdQQEz6ny5XRpaXtIIhff-Mw6nhMpR0vB2pV0XU7=s1024"",""https://lh3.googleusercontent.com/gps-cs-s/AHRPTWlJDS7tRKg6vQZO_F76q9XajVMDvGYy1UfAJ2e_9PVTd8-hb2c2F7F87ITQlwRGNQr_HMQlh7n4mFnCcw_vXxBWpyIcTdW3a_ZbbD7caxBJi4EhnT_XD8px8ZP4id9VWiwMmypK=s1024"",""https://lh3.googleusercontent.com/gps-cs-s/AHRPTWmY8DTOYBtLhCGP-gCTUXU8ajotPhLgZi3qOqXaNhVmQxyzR6qWttwewrPhyUtohQSXi55LtsUk6hccV5MXxks9a4bdpZm02sOF75miXrqxsuubDO3COjZMsupnAE2xNvuIs6oK=s1024"",""https://lh3.googleusercontent.com/gps-cs-s/AHRPTWmQIA_cWa9-4L0sRz2K3jujhea24J-xfsWoxfztl-kOGllqV3_5Iqp9XvZR1K9n4oJb1BZvp03qmyi6Smv7vLR-ITmsD3evmKtxfaqLKJPz8x5IDD7njwljy-FiRkTTrXs8q2-S-Q=s1024""}",9
78915963-aff6-5ec6-8f9a-17ecffd352b7,1v3hxd59,0x2e69f70899045ef5,lapangan,Pola Bugar Sport Center,Kompleks Olahraga,{},"Jl. Kedoya Pesing No.35, RT.11/RW.3, Kedoya Sel., Kec. Kb. Jeruk, Kota Jakarta Barat, Daerah Khusus Ibukota Jakarta 11520","Jl. Kedoya Pesing No.35, RT.11/RW.3, Kedoya Sel., Kec. Kb. Jeruk, Kota Jakarta Barat, Daerah Khusus Ibukota Jakarta 11520","RQ95+84 Kedoya Sel., Kota Jakarta Barat, Daerah Khusus Ibukota Jakarta",-6.1817179,106.7577928,,4.3,2179,"{""Senin"": ""08.00–23.00"", ""Selasa"": ""08.00–23.00"", ""Rabu"": ""08.00–23.00"", ""Kamis"": ""08.00–23.00"", ""Jumat"": ""08.00–23.00"", ""Sabtu"": ""07.00–22.00"", ""Minggu"": ""07.00–20.00""}",Senin: 08.00–23.00 | Selasa: 08.00–23.00 | Rabu: 08.00–23.00 | Kamis: 08.00–23.00 | Jumat: 08.00–23.00 | Sabtu: 07.00–22.00 | Minggu: 07.00–20.00,Buka · Tutup pukul 23.00,"Jam ramai | Senin | 0% ramai pada pukul 06.00. | 18% ramai pada pukul 07.00. | 23% ramai pada pukul 08.00. | 29% ramai pada pukul 09.00. | 36% ramai pada pukul 10.00. | 39% ramai pada pukul 11.00. | 39% ramai pada pukul 12.00. | 40% ramai pada pukul 13.00. | 44% ramai pada pukul 14.00. | 51% ramai pada pukul 15.00. | 60% ramai pada pukul 16.00. | 67% ramai pada pukul 17.00. | 68% ramai pada pukul 18.00. | 66% ramai pada pukul 19.00. | 0% ramai pada pukul 20.00. | 0% ramai pada pukul 21.00. | 0% ramai pada pukul 22.00. | 0% ramai pada pukul 23.00. | 0% ramai pada pukul 07.00. | populartimes.popup.show; focus:pane.focusTooltip; blur:pane.blurTooltip; keydown:pane.escapeTooltip""><span class=""google-symbols G47vBd OazX1c"" aria-hidden=""true"" style=""font-size: 18px;""></span></button><div class=""eho6bd"" role=""tooltip"" tabindex=""-1"" jsaction=""blur:pane.wfvdle10.populartimes.popup.hide; keydown:pane.wfvdle10.populartimes.popup.hide"" style=""display: none;""><div class=""G1Ydic""></div><div class=""wLiIdd fontBodySmall"" aria-label=""Berdasarkan kunjungan ke tempat ini.""><span>Berdasarkan kunjungan ke tempat ini.</span></div></div></div><div class=""epArK""></div><button class=""MYZx6c Hk4XGb"" jslog=""18021; track:click;metadata:WyIwYWhVS0V3al93OHJRNnNxV0F4VTdqdUVJSFF2QUZXY1E4QmNJQWlnQSJd"" aria-label=""Kembali ke hari sebelumnya"" jsaction=""pane.wfvdle10.populartimes.arrow.left""><span class=""Ups","Jam ramai | Senin | 0% ramai pada pukul 06.00. | 18% ramai pada pukul 07.00. | 23% ramai pada pukul 08.00. | 29% ramai pada pukul 09.00. | 36% ramai pada pukul 10.00. | 39% ramai pada pukul 11.00. | 39% ramai pada pukul 12.00. | 40% ramai pada pukul 13.00. | 44% ramai pada pukul 14.00. | 51% ramai pada pukul 15.00. | 60% ramai pada pukul 16.00. | 67% ramai pada pukul 17.00. | 68% ramai pada pukul 18.00. | 66% ramai pada pukul 19.00. | 0% ramai pada pukul 20.00. | 0% ramai pada pukul 21.00. | 0% ramai pada pukul 22.00. | 0% ramai pada pukul 23.00. | 0% ramai pada pukul 07.00. | populartimes.popup.show; focus:pane.focusTooltip; blur:pane.blurTooltip; keydown:pane.escapeTooltip""><span class=""google-symbols G47vBd OazX1c"" aria-hidden=""true"" style=""font-size: 18px;""></span></button><div class=""eho6bd"" role=""tooltip"" tabindex=""-1"" jsaction=""blur:pane.wfvdle10.populartimes.popup.hide; keydown:pane.wfvdle10.populartimes.popup.hide"" style=""display: none;""><div class=""G1Ydic""></div><div class=""wLiIdd fontBodySmall"" aria-label=""Berdasarkan kunjungan ke tempat ini.""><span>Berdasarkan kunjungan ke tempat ini.</span></div></div></div><div class=""epArK""></div><button class=""MYZx6c Hk4XGb"" jslog=""18021; track:click;metadata:WyIwYWhVS0V3al93OHJRNnNxV0F4VTdqdUVJSFF2QUZXY1E4QmNJQWlnQSJd"" aria-label=""Kembali ke hari sebelumnya"" jsaction=""pane.wfvdle10.populartimes.arrow.left""><span class=""Ups",021) 5807086,/url?q=https://free.facebook.com/polabugar/about%3Frefid%3D17&opi=79508299&sa=U&ved=0ahUKEwj_w8rQ6sqWAxU7juEIHQvAFWcQ61gIFygS&usg=AOvVaw3EPu5eItGe0-gmpsIF7R0c,,,,,2026-08-31T19:09:27.971662,103.0,false,true,1,"{""Parkir"",""Parkir gratis"",""Restoran"",""Bar"",""Tersedia layanan di tempat"",""Tempat parkir berbayar"",""Tempat parkir gratis""}","{""https://lh3.googleusercontent.com/gps-cs-s/AHRPTWkJIx7AYoz8MWdlFY1miZ_INjWtulsEFufIWhk6GWNC0_n0Jt7lM2PKnUf3vvP3eJwi4xjt-69AsytPCF2DMQLX8OPY87W5nm6yGqTTzTP9-MjrW46DDlU1cjC44WhoIpH5wQ1J=s1024"",""https://lh3.googleusercontent.com/gps-cs-s/AHRPTWk1BJjrik5EGjkewl1hvLXooW0sgDIeNo7GrWLrxaXOlI4-i8ABp7oXzgJb65dB61fbE4eYI2-eL472UCkY117Dys1dQv4I51ncTnpPxokURb62zGSPlgxA1zENZwqFUDG8bThNQPhUk6LY=s1024"",""https://lh3.googleusercontent.com/gps-cs-s/AHRPTWkd8MzNhcnkvjnv4Sj3O-_8RocDX4XeLUECbLAPXIkFjTl0W9BG0auBdNOGTf-4klabQP4oBdiCcKn_0c6Ns2mega-H_4tQ84TqFiK9vVei3P9bHP0Q4t3H6q1OeT1MPKrzQwQ1=s1024"",""https://lh3.googleusercontent.com/gps-cs-s/AHRPTWmnF_BMY3-rc1LkQbihPGspSTiAxp-LN0f56xD089DKs0eF5SGbmililEtqFWnWjs9DVhi3mcjF38tOdUQr3ciJluwGH2SNfl5NHnYYzq6m9uWXxVJAYF_WK9IYmXA7MNb-xWrnuXsX26dR=s1024"",""https://lh3.googleusercontent.com/gps-cs-s/AHRPTWmjXV6wN6fRbW0x8n6lqJZz5W0CKh8FJWV1IBkLrVlt0vfvdIG0K_-IKUTV2tVX63IH9cW2OnRaGQdG6Zt5KxyTH97tjvFia5E79LKOHZe5qkFRXfWi_g_YJYVFM3A_DOW7pGP5=s1024"",""https://lh3.googleusercontent.com/gps-cs-s/AHRPTWkCzpZFfxMILjIVTwPwd29yLlEFK5NbKBol-s-n4ZPzokM5Nx2SDMS9XPmYypwn3c_Xjkwj8N_4BplBEC2d9Aw-94HSWdRscY6x5WY8Z_Bg4NEljjREzqvM9_Obk9DA2aylwWPqDlq9wSHQ=s1024"",""https://lh3.googleusercontent.com/gps-cs-s/AHRPTWmb99lKKyNzFuNJzUysTTfEm5x-CutTZbY-WCErqobWD50yrguhhBZ5VTeaBBo2U88PFjEpcsIxdoY2bRX5MvAl2Bq1IKcnGJ0ytet2IH7NlAntX41NQ9FBiesz3rExS30J0sgmJg=s1024"",""https://lh3.googleusercontent.com/gps-cs-s/AHRPTWkHthsOHx6PGC4M3-IiD4CU5UvqqAJScCnu2lvEtj52CVMCdmrfFGyFGDHBlyOGGfqw7EP07wkj2YZmwvwwDmRf2f0vJG8Wnu5zMILWr9tQ3z5GNpHCBrbnIjLAF71ltAO9gb6lCg=s1024"",""https://lh3.googleusercontent.com/gps-cs-s/AHRPTWkG7KQwq5vEaJa1aTAckKOZOAuv48ucChu6ZwYJk_bARH9YbInKlxehdE79fd1kSafUe0L6Cwg7wOert-AY4UKxLbYDPGA4iDDBKZlqGOvxfMcusbAnQBPfgAmkHLWrAAnMEcxlhg=s1024""}",9
45ff1778-4a4e-5fdf-bc59-8849c128d18a,1pzx97h0s,0x2e69f7079d5484bf,lapangan,PADELIN Padel Court,Kompleks Olahraga,{},"Jl. Musirin 1 No.23a, RT.10/RW.2, Kedoya Sel., Kec. Kb. Jeruk, Kota Jakarta Barat, Daerah Khusus Ibukota Jakarta 11520","Jl. Musirin 1 No.23a, RT.10/RW.2, Kedoya Sel., Kec. Kb. Jeruk, Kota Jakarta Barat, Daerah Khusus Ibukota Jakarta 11520","RQ96+VR Kedoya Sel., Kota Jakarta Barat, Daerah Khusus Ibukota Jakarta",-6.180366,106.7620666,,4.4,821,"{""Senin"": ""AKTIFSedikit sibuk""}",Senin: AKTIFSedikit sibuk,Buka · Tutup pukul 00.00,"Jam ramai | Senin | 0% ramai pada pukul 05.00. | 22% ramai pada pukul 06.00. | 25% ramai pada pukul 07.00. | 31% ramai pada pukul 08.00. | 36% ramai pada pukul 09.00. | 37% ramai pada pukul 10.00. | 37% ramai pada pukul 11.00. | 36% ramai pada pukul 12.00. | 37% ramai pada pukul 13.00. | 40% ramai pada pukul 14.00. | 48% ramai pada pukul 15.00. | 57% ramai pada pukul 16.00. | 69% ramai pada pukul 17.00. | 72% ramai pada pukul 18.00. | 79% ramai pada pukul 19.00. | 82% ramai pada pukul 20.00. | 88% ramai pada pukul 21.00. | 83% ramai pada pukul 22.00. | 73% ramai pada pukul 23.00. | populartimes.popup.show; focus:pane.focusTooltip; blur:pane.blurTooltip; keydown:pane.escapeTooltip""><span class=""google-symbols G47vBd OazX1c"" aria-hidden=""true"" style=""font-size: 18px;""></span></button><div class=""eho6bd"" role=""tooltip"" tabindex=""-1"" jsaction=""blur:pane.wfvdle10.populartimes.popup.hide; keydown:pane.wfvdle10.populartimes.popup.hide"" style=""display: none;""><div class=""G1Ydic""></div><div class=""wLiIdd fontBodySmall"" aria-label=""Berdasarkan kunjungan ke tempat ini.""><span>Berdasarkan kunjungan ke tempat ini.</span></div></div></div><div class=""epArK""></div><button class=""MYZx6c Hk4XGb"" jslog=""18021; track:click;metadata:WyIwYWhVS0V3akduOTdsNnNxV0F4VjlqdUVJSGVUQkZwc1E4QmNJQWlnQSJd"" aria-label=""Kembali ke hari sebelumnya"" jsaction=""pane.wfvdle10.populartimes.arrow.left""><span class=""Ups","Jam ramai | Senin | 0% ramai pada pukul 05.00. | 22% ramai pada pukul 06.00. | 25% ramai pada pukul 07.00. | 31% ramai pada pukul 08.00. | 36% ramai pada pukul 09.00. | 37% ramai pada pukul 10.00. | 37% ramai pada pukul 11.00. | 36% ramai pada pukul 12.00. | 37% ramai pada pukul 13.00. | 40% ramai pada pukul 14.00. | 48% ramai pada pukul 15.00. | 57% ramai pada pukul 16.00. | 69% ramai pada pukul 17.00. | 72% ramai pada pukul 18.00. | 79% ramai pada pukul 19.00. | 82% ramai pada pukul 20.00. | 88% ramai pada pukul 21.00. | 83% ramai pada pukul 22.00. | 73% ramai pada pukul 23.00. | populartimes.popup.show; focus:pane.focusTooltip; blur:pane.blurTooltip; keydown:pane.escapeTooltip""><span class=""google-symbols G47vBd OazX1c"" aria-hidden=""true"" style=""font-size: 18px;""></span></button><div class=""eho6bd"" role=""tooltip"" tabindex=""-1"" jsaction=""blur:pane.wfvdle10.populartimes.popup.hide; keydown:pane.wfvdle10.populartimes.popup.hide"" style=""display: none;""><div class=""G1Ydic""></div><div class=""wLiIdd fontBodySmall"" aria-label=""Berdasarkan kunjungan ke tempat ini.""><span>Berdasarkan kunjungan ke tempat ini.</span></div></div></div><div class=""epArK""></div><button class=""MYZx6c Hk4XGb"" jslog=""18021; track:click;metadata:WyIwYWhVS0V3akduOTdsNnNxV0F4VjlqdUVJSGVUQkZwc1E4QmNJQWlnQSJd"" aria-label=""Kembali ke hari sebelumnya"" jsaction=""pane.wfvdle10.populartimes.arrow.left""><span class=""Ups",0821-1826-8526,,,,,,2026-08-31T19:10:11.436728,0,false,false,3,"{""Parkir"",""Toilet"",""Kursi roda"",""Restoran"",""Bar"",""Memiliki kursi khusus pengguna kursi roda"",""Tidak memiliki tempat parkir khusus pengguna kursi roda"",""Tidak ada toilet khusus pengguna kursi roda"",""Tersedia layanan di tempat"",""Ada toilet netral gender"",""Gedung parkir berbayar"",""Parkir di jalan berbayar"",""Tempat parkir berbayar"",""Ada tempat parkir di lokasi""}","{""https://lh3.googleusercontent.com/gps-cs-s/AHRPTWkCJamcqbHSilGHwWZ0FvXXXk1jclU_tazJYY9XxNiNteuK78lxgZhRMOUbGPyMbn4l0Tpqo8y5ppbMkjOh1DLwTigRSyLT88JykZBj021NIgUEKW0VVYEpVbfl9TDRlC7JYe4-=s1024"",""https://lh3.googleusercontent.com/gps-cs-s/AHRPTWkMnBybOX3lwDsK-ZvPqrSoiTe5pCKuoT60nL30_Z5bt8d68TGgqqxUntwmjdd-2alHepF3-4IGzBF50hfl1gTHPR-mVKesSmjEjKwEZ1hA2BvWyhxeFOHDM42JfkEfc-tJgNqWqfXyCY5h=s1024"",""https://lh3.googleusercontent.com/gps-cs-s/AHRPTWl-VIz_J8Dst79SgoN-OCe6sCP9t8gaKOn3DQjiFRwA1u5tDTum5-yVRYKo0j0kGQAN1K1fK7p0I6ZxdXij_qZm0jax2IYTNwSW94kyVvW-KA0WlqSG2X4f4jq_FsPFNvSHDWnn_Q=s1024"",""https://lh3.googleusercontent.com/gps-cs-s/AHRPTWn25X1NcjfLVV9JjcOxNOFl-ZfUwwSXTZO9Yus7XjZ2HPf74PU-FwJrg3amKnQLu39JvScuVU2ECZhN4qUHGAadnjEyNai4EFA517Rr0TD4KG9fmTkohg3-Dp91PfB0Mm6jQZVXxw=s1024"",""https://lh3.googleusercontent.com/gps-cs-s/AHRPTWkG7KQwq5vEaJa1aTAckKOZOAuv48ucChu6ZwYJk_bARH9YbInKlxehdE79fd1kSafUe0L6Cwg7wOert-AY4UKxLbYDPGA4iDDBKZlqGOvxfMcusbAnQBPfgAmkHLWrAAnMEcxlhg=s1024"",""https://lh3.googleusercontent.com/gps-cs-s/AHRPTWmy_fSfGJuL60SkQBO2gVa_UlI8vbA_4btDFME3U6g2cTmS6x4_pUIzMyFV4k-LZ6oCXOpZHNoq9SbnfIEdq_ZHhJyHA-46uRbmNON6QEvpTZv3BXJ9cKeJjuO6TpKg_9vHcG-n=s1024"",""https://lh3.googleusercontent.com/gps-cs-s/AHRPTWnp7DimD7NYqkVXT782K5NNd9ilxOD_BXHhuwVOpmSCvbAYDA5blbLmxdyTZINXICcnCmEUdzqnNz76TX7mpgKBDzBTvQori2JYRMEK6oFzv6-q5EidRTO4sohXOmYUiY5n6MHBcA=s1024"",""https://lh3.googleusercontent.com/gps-cs-s/AHRPTWkEd_uO20KQEDKzV8amgS0WnG6Gkf6WcgHsU5weSHUb97diyAr0pzYgXZEOfA7LAC_L9OMn1aH-Eluigc_hTb0OO1vaPU554uKKFtvi3hCk9j-sMtQi1XZIs-OZVpMim0rNT3Ho=s1024"",""https://lh3.googleusercontent.com/gps-cs-s/AHRPTWnMq04A9-bd6-bcmOon4gHj2fSps3DfeZOhRX1ZPWphdMpO0dszbpFMOw4dHhnot19Z3e_K19nXT2y10d_QX9aik3bYTYn4l8oJV1AWEAIVE9YtEO1rZ2oOfTAPIXC4NhtEMkJTlA=s1024""}",9
46873744-d498-5028-8fcc-9d27a881cc83,1hm5wpw35,0x2e69f601a4d80baf,lapangan,Gelanggang Jakarta Pusat,Kompleks Olahraga,{},"Jl. Pasar Senen No.1, RW.3, Senen, Kec. Senen, Kota Jakarta Pusat, Daerah Khusus Ibukota Jakarta 10410","Jl. Pasar Senen No.1, RW.3, Senen, Kec. Senen, Kota Jakarta Pusat, Daerah Khusus Ibukota Jakarta 10410","RRFV+QF Senen, Kota Jakarta Pusat, Daerah Khusus Ibukota Jakarta",-6.1755053,106.8436795,,4.4,129,"{""Senin"": ""AKTIFSedikit sibuk""}",Senin: AKTIFSedikit sibuk,Buka · Tutup pukul 22.00,"Jam ramai | Senin | 0% ramai pada pukul 05.00. | 41% ramai pada pukul 06.00. | 44% ramai pada pukul 07.00. | 49% ramai pada pukul 08.00. | 52% ramai pada pukul 09.00. | 60% ramai pada pukul 10.00. | 65% ramai pada pukul 11.00. | 64% ramai pada pukul 12.00. | 55% ramai pada pukul 13.00. | 52% ramai pada pukul 14.00. | 67% ramai pada pukul 15.00. | 76% ramai pada pukul 16.00. | 83% ramai pada pukul 17.00. | 89% ramai pada pukul 18.00. | 93% ramai pada pukul 19.00. | 100% ramai pada pukul 20.00. | 95% ramai pada pukul 21.00. | 0% ramai pada pukul 22.00. | 33% ramai pada pukul 06.00. | populartimes.popup.show; focus:pane.focusTooltip; blur:pane.blurTooltip; keydown:pane.escapeTooltip""><span class=""google-symbols G47vBd OazX1c"" aria-hidden=""true"" style=""font-size: 18px;""></span></button><div class=""eho6bd"" role=""tooltip"" tabindex=""-1"" jsaction=""blur:pane.wfvdle10.populartimes.popup.hide; keydown:pane.wfvdle10.populartimes.popup.hide"" style=""display: none;""><div class=""G1Ydic""></div><div class=""wLiIdd fontBodySmall"" aria-label=""Berdasarkan kunjungan ke tempat ini.""><span>Berdasarkan kunjungan ke tempat ini.</span></div></div></div><div class=""epArK""></div><button class=""MYZx6c Hk4XGb"" jslog=""18021; track:click;metadata:WyIwYWhVS0V3aVA2cXo1NnNxV0F4VVZrLUVJSGJteU1TUVE4QmNJQWlnQSJd"" aria-label=""Kembali ke hari sebelumnya"" jsaction=""pane.wfvdle10.populartimes.arrow.left""><span class=""Ups","Jam ramai | Senin | 0% ramai pada pukul 05.00. | 41% ramai pada pukul 06.00. | 44% ramai pada pukul 07.00. | 49% ramai pada pukul 08.00. | 52% ramai pada pukul 09.00. | 60% ramai pada pukul 10.00. | 65% ramai pada pukul 11.00. | 64% ramai pada pukul 12.00. | 55% ramai pada pukul 13.00. | 52% ramai pada pukul 14.00. | 67% ramai pada pukul 15.00. | 76% ramai pada pukul 16.00. | 83% ramai pada pukul 17.00. | 89% ramai pada pukul 18.00. | 93% ramai pada pukul 19.00. | 100% ramai pada pukul 20.00. | 95% ramai pada pukul 21.00. | 0% ramai pada pukul 22.00. | 33% ramai pada pukul 06.00. | populartimes.popup.show; focus:pane.focusTooltip; blur:pane.blurTooltip; keydown:pane.escapeTooltip""><span class=""google-symbols G47vBd OazX1c"" aria-hidden=""true"" style=""font-size: 18px;""></span></button><div class=""eho6bd"" role=""tooltip"" tabindex=""-1"" jsaction=""blur:pane.wfvdle10.populartimes.popup.hide; keydown:pane.wfvdle10.populartimes.popup.hide"" style=""display: none;""><div class=""G1Ydic""></div><div class=""wLiIdd fontBodySmall"" aria-label=""Berdasarkan kunjungan ke tempat ini.""><span>Berdasarkan kunjungan ke tempat ini.</span></div></div></div><div class=""epArK""></div><button class=""MYZx6c Hk4XGb"" jslog=""18021; track:click;metadata:WyIwYWhVS0V3aVA2cXo1NnNxV0F4VVZrLUVJSGJteU1TUVE4QmNJQWlnQSJd"" aria-label=""Kembali ke hari sebelumnya"" jsaction=""pane.wfvdle10.populartimes.arrow.left""><span class=""Ups",000000014901161,/url?q=http://dispora.jakarta.go.id/&opi=79508299&sa=U&ved=0ahUKEwiP6qz56sqWAxUVk-EIHbmyMSQQ61gIEygO&usg=AOvVaw05B2u4qWEex7iabuQ7jFF8,,,,,2026-08-31T19:10:53.406669,0,false,false,2,"{""Parkir"",""Toilet"",""Restoran"",""Bar"",""Ada toilet netral gender""}","{""https://lh3.googleusercontent.com/gps-cs-s/AHRPTWkLXu_C91ud1dRERqPal8Omfdxseglf92EkAZTutiIaNsu9AxC-54GaLePn1ZNBf_WlTiKOAkJmJsAXylmMUoDJKixxgaFBB3zg5hQpmVoedGZQk-GQfHKRCZhi_wLEsGPm--o2=s1024"",""https://lh3.googleusercontent.com/gps-cs-s/AHRPTWlS_ba_EJ_Y2JncMXfh3419TPCSHXlB_A28vR6Ib3kdIepqi-x6RtrChb2NNJPj__j2SFYX22s6c-ASbhYwnWoY4UrDYtYNx6xGz4b5zutMLSV-VoOvOk4u5LKfcIeusQw8p7459g=s1024"",""https://lh3.googleusercontent.com/gps-cs-s/AHRPTWl8sZWdqM9_0cbuTRvfhVEZxO3gZj71spePJNyzvyuErZLLmZDkjSxffk4s1zXYyW3ktRiJKTeTv3dpNpgN_QfEiyw5r6xnsgcw2-FXXBd96wxkWb4-Z-8NVJKQNM1PocyvfHbKgg=s1024"",""https://lh3.googleusercontent.com/gps-cs-s/AHRPTWlnW_Xq-JxfG7HKnMKK9beIsLcZ4x0rseSUezufTF-ozqhjwtBkwSYgQ1ZQsrePAXW5-LY3cgiu_NwE8HYZuJZvw_e0EEGDcvKLx7__DNOH8dbG6rBkVaYICAk8cEivm2KesqDH=s1024"",""https://lh3.googleusercontent.com/gps-cs-s/AHRPTWn8pe2KY65bkpQk8crHYrX7_x0YNnrfjbCakFXiuoXwEZm8vPtBKW7H1SgHuf9e7yudNnj4EA3eJ9BFgJC8UWxs6GNKZMhbJfaPcdVp7K0ZFOMangmQDSjL4ahYOG82AHs-EvC-Mg=s1024"",""https://lh3.googleusercontent.com/gps-cs-s/AHRPTWlTWF5dwqHIxBSBuzsn4AfGkIG-aFe6O-9RzFEfhGpiBfDh6CEmjLdYzusm1nH4lbFxA9Ee-eHr_TeLyMIqYJpkdHJcyZz1JeGtAw64bBWRQjcGwuHXoEEfVcIZzi0lsiU3crg=s1024"",""https://lh3.googleusercontent.com/gps-cs-s/AHRPTWl-HHjV92khWpAj7cxLefS6g1OqvN08ogJ6_en0RBEiTSMgdbCmnD-o869BVxY1jPeJmuCju5NMtSrL8k9rabr-gFOaMpZgdcl52PYrMesLIZxh9hyX4-jc78LkvTd2IfnbDCo_=s1024"",""https://lh3.googleusercontent.com/gps-cs-s/AHRPTWkJRYW-ubUca-is8ouqIPv6R4iQbzmFpjGxtlPXvDm2f_aP-a8T4VMPcQg2s9j9s-1WhXRRDPHmFo1QnL0XRYVc-Wf-V3G_-VM1myHWDSx0ZC6g__S8IsDPiyHpOhXdZ01v6z0=s1024"",""https://lh3.googleusercontent.com/gps-cs-s/AHRPTWl7iUnQJhFWiPy4idXk9RQvW8Ydt4FQaBTD_gssp_TNZGqCNO6vAkzaMWpXwfIJS6yG9LsZ2u54WVlCTTDyHjbpp9K6dh8EsVNmVqYvakFpLtZY0WYZgxzuzwJU-sK4vPIVZKgH=s1024""}",9
01b94e2a-d5b7-59cf-9062-bd417fac4a76,11h60p02lc,0x2e69f76577c2e07f,ruang komunitas,BC KGK (Komunitas Garuda Kapuk),Kafe,{},"RT.9/RW.7, Kapuk, Kecamatan Cengkareng, Kota Jakarta Barat, Daerah Khusus Ibukota Jakarta 11720","RT.9/RW.7, Kapuk, Kecamatan Cengkareng, Kota Jakarta Barat, Daerah Khusus Ibukota Jakarta 11720","VQ52+3J Kapuk, Kota Jakarta Barat, Daerah Khusus Ibukota Jakarta",-6.1423178,106.7515507,,5.0,23,"{""Senin"": ""Buka 24 jam"", ""Selasa"": ""Buka 24 jam"", ""Rabu"": ""Buka 24 jam"", ""Kamis"": ""Buka 24 jam"", ""Jumat"": ""Buka 24 jam"", ""Sabtu"": ""Buka 24 jam"", ""Minggu"": ""Buka 24 jam""}",Senin: Buka 24 jam | Selasa: Buka 24 jam | Rabu: Buka 24 jam | Kamis: Buka 24 jam | Jumat: Buka 24 jam | Sabtu: Buka 24 jam | Minggu: Buka 24 jam,Buka 24 jam,"Jam ramai | Senin | 36% ramai pada pukul 04.00. | 36% ramai pada pukul 05.00. | 55% ramai pada pukul 06.00. | 46% ramai pada pukul 07.00. | 34% ramai pada pukul 08.00. | 19% ramai pada pukul 09.00. | 17% ramai pada pukul 10.00. | 21% ramai pada pukul 11.00. | 27% ramai pada pukul 12.00. | 27% ramai pada pukul 13.00. | 23% ramai pada pukul 14.00. | 23% ramai pada pukul 15.00. | 23% ramai pada pukul 16.00. | 36% ramai pada pukul 17.00. | 44% ramai pada pukul 18.00. | 53% ramai pada pukul 19.00. | 53% ramai pada pukul 20.00. | 59% ramai pada pukul 21.00. | 70% ramai pada pukul 22.00. | 68% ramai pada pukul 23.00. | populartimes.popup.show; focus:pane.focusTooltip; blur:pane.blurTooltip; keydown:pane.escapeTooltip""><span class=""google-symbols G47vBd OazX1c"" aria-hidden=""true"" style=""font-size: 18px;""></span></button><div class=""eho6bd"" role=""tooltip"" tabindex=""-1"" jsaction=""blur:pane.wfvdle10.populartimes.popup.hide; keydown:pane.wfvdle10.populartimes.popup.hide"" style=""display: none;""><div class=""G1Ydic""></div><div class=""wLiIdd fontBodySmall"" aria-label=""Berdasarkan kunjungan ke tempat ini.""><span>Berdasarkan kunjungan ke tempat ini.</span></div></div></div><div class=""epArK""></div><button class=""MYZx6c Hk4XGb"" jslog=""18021; track:click;metadata:WyIwYWhVS0V3aVE4SzZONjhxV0F4WHptLUVJSFVVVUdzNFE4QmNJQWlnQSJd"" aria-label=""Kembali ke hari sebelumnya"" jsaction=""pane.wfvdle10.populartimes.arrow.left""><span class=""Ups","Jam ramai | Senin | 36% ramai pada pukul 04.00. | 36% ramai pada pukul 05.00. | 55% ramai pada pukul 06.00. | 46% ramai pada pukul 07.00. | 34% ramai pada pukul 08.00. | 19% ramai pada pukul 09.00. | 17% ramai pada pukul 10.00. | 21% ramai pada pukul 11.00. | 27% ramai pada pukul 12.00. | 27% ramai pada pukul 13.00. | 23% ramai pada pukul 14.00. | 23% ramai pada pukul 15.00. | 23% ramai pada pukul 16.00. | 36% ramai pada pukul 17.00. | 44% ramai pada pukul 18.00. | 53% ramai pada pukul 19.00. | 53% ramai pada pukul 20.00. | 59% ramai pada pukul 21.00. | 70% ramai pada pukul 22.00. | 68% ramai pada pukul 23.00. | populartimes.popup.show; focus:pane.focusTooltip; blur:pane.blurTooltip; keydown:pane.escapeTooltip""><span class=""google-symbols G47vBd OazX1c"" aria-hidden=""true"" style=""font-size: 18px;""></span></button><div class=""eho6bd"" role=""tooltip"" tabindex=""-1"" jsaction=""blur:pane.wfvdle10.populartimes.popup.hide; keydown:pane.wfvdle10.populartimes.popup.hide"" style=""display: none;""><div class=""G1Ydic""></div><div class=""wLiIdd fontBodySmall"" aria-label=""Berdasarkan kunjungan ke tempat ini.""><span>Berdasarkan kunjungan ke tempat ini.</span></div></div></div><div class=""epArK""></div><button class=""MYZx6c Hk4XGb"" jslog=""18021; track:click;metadata:WyIwYWhVS0V3aVE4SzZONjhxV0F4WHptLUVJSFVVVUdzNFE4QmNJQWlnQSJd"" aria-label=""Kembali ke hari sebelumnya"" jsaction=""pane.wfvdle10.populartimes.arrow.left""><span class=""Ups",0812-9332-2493,,,,,,2026-08-31T19:11:35.380616,168,true,true,3,"{""Parkir"",""Toilet"",""Kursi roda"",""Restoran"",""Bar"",""Ada toilet khusus pengguna kursi roda"",""Menyediakan layanan pesan tempat"",""Ada toilet"",""Parkir di jalan gratis""}","{""https://lh3.googleusercontent.com/gps-cs-s/AHRPTWmFbbylK5Ok_3_TTp2I3aa6CvHEcvVbfzqjAfOgO8sTE2K6qnn7b_CxdFdUi09rgqDczth0dGs0BTKtkHI8KVuDJIAPdrim_Ldpl0naI_BmvawRaQa_Bjxu3HNyvph7LzgRr2xJ_Q=s1024"",""https://lh3.googleusercontent.com/gps-cs-s/AHRPTWm-DBJWD9pZZJGQIQBxTqymqx95Rcyfbygve6rTSvA9KjylJUBfDkiB2pjlOgA0CH63Yxic988PAky1J7TN-lyyAPBXa3YBiRgF1IKotiy5ZQ8q1AwwA8C0549HDbMpH41c34iy=s1024"",""https://lh3.googleusercontent.com/gps-cs-s/AHRPTWlsnprbeAfxMgIiKXX4i-LvuejzFRTnLCdJ6w5iPpjReW4K6jFXhGty_eEchuW8QTOrPyayoDZU1OzCWdFSgqtSkMh5P7jdG-6BOQbuyP78fCFDhJqUKNVFBdcfJKSJbbTWH7Z_zd3m-4Cc=s1024"",""https://lh3.googleusercontent.com/gps-cs-s/AHRPTWnyCiLEoyMFuzWTJSjZ2lbA1_5g8atp-C-gLgM3MV5R7aoRcC7AngFGR6560gLFugHNMxOBKxXnF31LeHtppwQdBHxBRKSKph6RWb4yb655IkvRIRNeDILZqA8fU7LBq8T1p8FKqg=s1024"",""https://lh3.googleusercontent.com/gps-cs-s/AHRPTWnRPXvAhWkJSaDiv121RQgDpMoPfeDFmCn3KaOi0ChKxt09fL2RZYhbBho0bYnKyge43wmrlTWyTmM7UHLPNiAKo6Dv-i2HqJRT4iKbpynVuaE3S1nLcdA-Ylj1wsWFio1--m_S=s1024"",""https://lh3.googleusercontent.com/gps-cs-s/AHRPTWlYcAF9_zkVgb-h73ybmd-KVuqkdQlP6ON2jxH9Aph0wgjDXouK03qgmP5l_0IGrwS5Zk7dav-JEjTEv1eT3SJyEBjGldRrI-KX47PitJgJSi079Asvg_nqNhWlRjUnkgCLTywRtw=s1024"",""https://lh3.googleusercontent.com/gps-cs-s/AHRPTWlJqhyze5VoF7rAn1RZEfBDYvVdLQnlw0byhsRF2mHDgsFJfuacz1X5EQb8Ht-e6hyILFtJqt6U3_lpkzhQy_ekQve1G7seawtLejrWDPyTUaKTEANOBWL3y8SEibKDRlTN-oSI=s1024"",""https://lh3.googleusercontent.com/gps-cs-s/AHRPTWkiCX6yNmMP7LlWUYd6NVcNjmdyuOJX9roOsLAyjffYDUCjaeRZtkhq0eGOOooTuwzlfZErHhrNpy3aqB1o_IUz3MIW_jlzyK7RVEGjMV514iiDwETq8EWyagFD0yxmwgsv2CI_=s1024""}",8
09fdfd83-1f25-5f26-ade9-4c96d4ff0242,11f_b_dvl0,0x2e69f637d66e127b,ruang komunitas,Komunitas Pelajar Indonesia (KOPI),Serikat Mahasiswa,{},"Jl. Jelambar Madya Utara No.1, RT.8/RW.10, Wijaya Kusuma, Kec. Grogol petamburan, Kota Jakarta Barat, Daerah Khusus Ibukota Jakarta 11460","Jl. Jelambar Madya Utara No.1, RT.8/RW.10, Wijaya Kusuma, Kec. Grogol petamburan, Kota Jakarta Barat, Daerah Khusus Ibukota Jakarta 11460","RQVH+7P Wijaya Kusuma, Kota Jakarta Barat, Daerah Khusus Ibukota Jakarta",-6.1567802,106.77934,,4.5,4,"{""Senin"": ""08.00–16.00"", ""Selasa"": ""08.00–16.00"", ""Rabu"": ""08.00–16.00"", ""Kamis"": ""08.00–16.00"", ""Jumat"": ""08.00–16.00"", ""Sabtu"": ""08.00–20.00"", ""Minggu"": ""Tutup""}",Senin: 08.00–16.00 | Selasa: 08.00–16.00 | Rabu: 08.00–16.00 | Kamis: 08.00–16.00 | Jumat: 08.00–16.00 | Sabtu: 08.00–20.00 | Minggu: Tutup,Tutup,,,0815-3987-5545,,,,,,2026-08-31T19:12:17.476268,52.0,false,true,2,"{""Parkir"",""Toilet"",""Restoran"",""Bar"",""Ada toilet netral gender""}","{""https://lh3.googleusercontent.com/gps-cs-s/AHRPTWmTbHYSOEDc96Nbu4xbf8wiJ9xAq-M6y1YAN3pdMK4302eUv0ymL6qGAlfyoJb6tnJ6NaeIdoyGskRNjmvTt3O1f-PTkd49sMi_ShHRvSwtM75r_uA548WnOQZoVg3RZQjVXAO2g1dGxpx3=s1024"",""https://lh3.googleusercontent.com/gps-cs-s/AHRPTWloLkheQeo08uMmyiME381XMjVKucY24Hqki4c7R1RxRkeGiuGANe4HN_p7PrFSJl_wP_mmTM_lbU4_ccRzURwHIxKe-RgXXZ6NQmhQ1zxuYpVpSoAFRFTj9nccDVXEaMabGDh1qcJtVVkP=s1024"",""https://lh3.googleusercontent.com/gps-cs-s/AHRPTWkKCAeha4cFCDonAA5em7mth987bq-m6kKDY32qJaSAVSzkr2nbI2R2OpMzxIpjCe0UF4wEtbTUbC6p7rs1n0PO7Sc5nt_arYb7onrwyz14-D3wpxAfQJ8huh_XA8wP2rkC3ioHqA=s1024"",""https://lh3.googleusercontent.com/gps-cs-s/AHRPTWlkyDy0nYCUtOQsjDU_Q7_bLIxwgVcWo1-2fS5ZgSZw3JxwqvPRqHt_wgvuCYVV3GA5AS0-OeQfgN0IM5RuQUzGr8RB4nRZhGUEIF3EySSsYhSTf-O79Icwn2X_2X1jlrXgphfNpQ=s1024""}",4
4bdb30b5-2f83-50b3-a44e-6f2517969ed2,11c6rh28fm,0x2e69f7e94a604b11,ruang komunitas,Bascamp GGS SAHABAT UTAMA CENGKARENG TIMUR,Taman Komunitas,{},"Sahabat, Jl. Daan Mogot No.109 9, RT.9/RW.13, Cengkareng Tim., Kecamatan Cengkareng, Kota Jakarta Barat, Daerah Khusus Ibukota Jakarta 11730","Sahabat, Jl. Daan Mogot No.109 9, RT.9/RW.13, Cengkareng Tim., Kecamatan Cengkareng, Kota Jakarta Barat, Daerah Khusus Ibukota Jakarta 11730","RPXR+3G Cengkareng Tim., Kota Jakarta Barat, Daerah Khusus Ibukota Jakarta",-6.152369,106.7413469,,4.2,54,"{""Senin"": ""Buka 24 jam"", ""Selasa"": ""Buka 24 jam"", ""Rabu"": ""Buka 24 jam"", ""Kamis"": ""Buka 24 jam"", ""Jumat"": ""Buka 24 jam"", ""Sabtu"": ""Buka 24 jam"", ""Minggu"": ""Buka 24 jam""}",Senin: Buka 24 jam | Selasa: Buka 24 jam | Rabu: Buka 24 jam | Kamis: Buka 24 jam | Jumat: Buka 24 jam | Sabtu: Buka 24 jam | Minggu: Buka 24 jam,Buka 24 jam,"Jam ramai | Senin | 31% ramai pada pukul 04.00. | 30% ramai pada pukul 05.00. | 29% ramai pada pukul 06.00. | 29% ramai pada pukul 07.00. | 30% ramai pada pukul 08.00. | 27% ramai pada pukul 09.00. | 28% ramai pada pukul 10.00. | 29% ramai pada pukul 11.00. | 30% ramai pada pukul 12.00. | 34% ramai pada pukul 13.00. | 30% ramai pada pukul 14.00. | 34% ramai pada pukul 15.00. | 33% ramai pada pukul 16.00. | 36% ramai pada pukul 17.00. | 43% ramai pada pukul 18.00. | 54% ramai pada pukul 19.00. | 69% ramai pada pukul 20.00. | 81% ramai pada pukul 21.00. | 86% ramai pada pukul 22.00. | 76% ramai pada pukul 23.00. | populartimes.popup.show; focus:pane.focusTooltip; blur:pane.blurTooltip; keydown:pane.escapeTooltip""><span class=""google-symbols G47vBd OazX1c"" aria-hidden=""true"" style=""font-size: 18px;""></span></button><div class=""eho6bd"" role=""tooltip"" tabindex=""-1"" jsaction=""blur:pane.wfvdle10.populartimes.popup.hide; keydown:pane.wfvdle10.populartimes.popup.hide"" style=""display: none;""><div class=""G1Ydic""></div><div class=""wLiIdd fontBodySmall"" aria-label=""Berdasarkan kunjungan ke tempat ini.""><span>Berdasarkan kunjungan ke tempat ini.</span></div></div></div><div class=""epArK""></div><button class=""MYZx6c Hk4XGb"" jslog=""18021; track:click;metadata:WyIwYWhVS0V3amZ1N2kxNjhxV0F4VlBpLUVJSGFxY0lyb1E4QmNJQWlnQSJd"" aria-label=""Kembali ke hari sebelumnya"" jsaction=""pane.wfvdle10.populartimes.arrow.left""><span class=""Ups","Jam ramai | Senin | 31% ramai pada pukul 04.00. | 30% ramai pada pukul 05.00. | 29% ramai pada pukul 06.00. | 29% ramai pada pukul 07.00. | 30% ramai pada pukul 08.00. | 27% ramai pada pukul 09.00. | 28% ramai pada pukul 10.00. | 29% ramai pada pukul 11.00. | 30% ramai pada pukul 12.00. | 34% ramai pada pukul 13.00. | 30% ramai pada pukul 14.00. | 34% ramai pada pukul 15.00. | 33% ramai pada pukul 16.00. | 36% ramai pada pukul 17.00. | 43% ramai pada pukul 18.00. | 54% ramai pada pukul 19.00. | 69% ramai pada pukul 20.00. | 81% ramai pada pukul 21.00. | 86% ramai pada pukul 22.00. | 76% ramai pada pukul 23.00. | populartimes.popup.show; focus:pane.focusTooltip; blur:pane.blurTooltip; keydown:pane.escapeTooltip""><span class=""google-symbols G47vBd OazX1c"" aria-hidden=""true"" style=""font-size: 18px;""></span></button><div class=""eho6bd"" role=""tooltip"" tabindex=""-1"" jsaction=""blur:pane.wfvdle10.populartimes.popup.hide; keydown:pane.wfvdle10.populartimes.popup.hide"" style=""display: none;""><div class=""G1Ydic""></div><div class=""wLiIdd fontBodySmall"" aria-label=""Berdasarkan kunjungan ke tempat ini.""><span>Berdasarkan kunjungan ke tempat ini.</span></div></div></div><div class=""epArK""></div><button class=""MYZx6c Hk4XGb"" jslog=""18021; track:click;metadata:WyIwYWhVS0V3amZ1N2kxNjhxV0F4VlBpLUVJSGFxY0lyb1E4QmNJQWlnQSJd"" aria-label=""Kembali ke hari sebelumnya"" jsaction=""pane.wfvdle10.populartimes.arrow.left""><span class=""Ups",0857-9312-8372,,,,,,2026-08-31T19:12:59.475021,168,true,true,2,"{""Parkir"",""Kursi roda"",""Restoran"",""Bar"",""Tidak memiliki pintu masuk khusus pengguna kursi roda"",""Tidak memiliki tempat parkir khusus pengguna kursi roda""}","{""https://lh3.googleusercontent.com/gps-cs-s/AHRPTWnrUWfBGa0wLatMRgLza58E5iSNgHkbn8SSTPNHaI1u-ppDxWPqWS3El2KxwGHMgsv9fpYW1hYUsuAtlUpN0B4mmdFkm1X0wDWrQ59IFDgu78QFmZCXoInD-EOBX4AntHaVsE3n=s1024"",""https://lh3.googleusercontent.com/gps-cs-s/AHRPTWlrZtZbv6iRRzNk7wINrabKsxGyw-LhTqVxU2qr_pY6WNR9Ml-pRJRgCV45gzgO25PPk2uNGGYOPStoLmzZsnFKM_6fWRizPA51KrJKwSMxeFwxmOL1rY2vOQQrv-xBBtGP4WlUOw=s1024"",""https://lh3.googleusercontent.com/gps-cs-s/AHRPTWnNdLJvecqOQ7Op0pdpARJlVBtisRjw82pU01Aap-hT5ddVawnYDOcfNIH3Sy6tIn_QXG-2PnUa05QxzMjNFwYKL0AY42firuIzID-7r85L1YU1ntTs7q_qBCJv9aO_IMsW8qz4=s1024"",""https://lh3.googleusercontent.com/gps-cs-s/AHRPTWlDIakKBg1Sya_6HB8M2uyA90zblIymmQYaYzWz7ra5cqCL-cOVBUD2yUBYb6_QaCGsFSuqv8AX2Og6pUU1OnT8vTATxZOPsr3G5rluMYNwGQDYXSBP6yvaSLE8PZP7-1mUI2aJToDuKedP=s1024"",""https://lh3.googleusercontent.com/gps-cs-s/AHRPTWkzS74-Y7Hh3CVoOIsWE1yInlHpTRgMit_M5tFUXgvmnaqMSi5iR8cPRMA8lFglLlVkwzT_PyBZvFJ0LHda7PyPxTAzSwJ1ejkJygtJrL213kw08AuLvlbm7420xcK5q4sXo-SZTQ=s1024""}",5
673280a2-c7fd-5cfc-a2de-f6d5e936f11e,11z6qlblv9,0x2e69f7ab7910eabf,ruang komunitas,KOPDARAN R15CI @JAKARTA BARAT,Asosiasi/organisasi,{},"Jl.Panjang Sebrang RS EMC Graha Keodoya, Jl. Panjang, RT.2/RW.5, Kedoya Utara, Kec. Kb. Jeruk, Kota Jakarta Barat, Daerah Khusus Ibukota Jakarta 11520","Jl.Panjang Sebrang RS EMC Graha Keodoya, Jl. Panjang, RT.2/RW.5, Kedoya Utara, Kec. Kb. Jeruk, Kota Jakarta Barat, Daerah Khusus Ibukota Jakarta 11520","RQJ7+MH Kedoya Utara, Kota Jakarta Barat, Daerah Khusus Ibukota Jakarta",-6.168329,106.7639102,,5.0,4,"{""Senin"": ""Tutup"", ""Selasa"": ""Tutup"", ""Rabu"": ""Tutup"", ""Kamis"": ""Tutup"", ""Jumat"": ""20.00–00.00"", ""Sabtu"": ""Tutup"", ""Minggu"": ""Tutup""}",Senin: Tutup | Selasa: Tutup | Rabu: Tutup | Kamis: Tutup | Jumat: 20.00–00.00 | Sabtu: Tutup | Minggu: Tutup,Tutup,,,0822-8259-0331,/url?q=https://wa.me/qr/NQWYF7EKLE5SG1&opi=79508299&sa=U&ved=0ahUKEwimvbzJ68qWAxVhkuEIHbroCrAQ61gIFygS&usg=AOvVaw2DOrl-aE9760-Olh8RzW3d,,,,,2026-08-31T19:13:39.931492,4.0,false,true,1,"{""Parkir"",""Restoran"",""Bar""}","{""https://lh3.googleusercontent.com/gps-cs-s/AHRPTWlvoV71B_jpIuNmr7JSAKKvd7BjHHof0XFwP7kqHXG5yKE_hDqtD_tw0vqODYtYWz7alZX1KcEnKaxBOnnb-AvCqpwKPSoux-m_-2RUvj6bcy3nH_eAgZzG08yMyhI4Ma1rbNROoqdsk_8v=s1024"",""https://lh3.googleusercontent.com/gps-cs-s/AHRPTWlsHopOSb8D2Oa_wbHelqGLDQhqmg2akItZX_R-SUsW9FpuhtN2IZUxHMan965DNxXmwBEJ61AG_9OE9uzaS5UGZ9tuBN8Zg_p_o_Pcm__ex9prkgt7Rdgbu6Z__stB-c2ItkE5hgPS-_Y=s1024"",""https://lh3.googleusercontent.com/gps-cs-s/AHRPTWkLJEUyyvF4E2U8ZbqUbEt6MmXgGbKvSkbMHU-K7S9pr_Oo4ybNqtEA__RtReC1HL92vmBkX2IktioONje-deqS4dqI8wqTmlU9uo4kGP2s3vtCfog1dyKVvuAFFHZ0udlea9uMKlM6HIm0=s1024""}",3
f4d81c03-3387-54ac-a5fe-ae0be0d2c347,11yr4gxzff,0x2e69f70049c404f9,ruang komunitas,Ruang Cerita Jakarta,Kafe,{},"Blok AV, Jl. Green Ville No.12, RT.7/RW.14, Duri Kepa, Kec. Kb. Jeruk, Kota Jakarta Barat, Daerah Khusus Ibukota Jakarta 11510","Blok AV, Jl. Green Ville No.12, RT.7/RW.14, Duri Kepa, Kec. Kb. Jeruk, Kota Jakarta Barat, Daerah Khusus Ibukota Jakarta 11510","RQJF+9H Duri Kepa, Kota Jakarta Barat, Daerah Khusus Ibukota Jakarta",-6.1690946,106.7739458,,4.6,13,"{""Senin"": ""09.00–22.00"", ""Selasa"": ""09.00–22.00"", ""Rabu"": ""09.00–22.00"", ""Kamis"": ""09.00–22.00"", ""Jumat"": ""09.00–22.00"", ""Sabtu"": ""09.00–23.00"", ""Minggu"": ""09.00–23.00""}",Senin: 09.00–22.00 | Selasa: 09.00–22.00 | Rabu: 09.00–22.00 | Kamis: 09.00–22.00 | Jumat: 09.00–22.00 | Sabtu: 09.00–23.00 | Minggu: 09.00–23.00,Buka · Tutup pukul 22.00,"Jam ramai | Senin | 0% ramai pada pukul 06.00. | 0% ramai pada pukul 07.00. | 0% ramai pada pukul 08.00. | 23% ramai pada pukul 09.00. | 19% ramai pada pukul 10.00. | 17% ramai pada pukul 11.00. | 25% ramai pada pukul 12.00. | 36% ramai pada pukul 13.00. | 40% ramai pada pukul 14.00. | 44% ramai pada pukul 15.00. | 42% ramai pada pukul 16.00. | 42% ramai pada pukul 17.00. | 38% ramai pada pukul 18.00. | 40% ramai pada pukul 19.00. | 38% ramai pada pukul 20.00. | 46% ramai pada pukul 21.00. | 40% ramai pada pukul 22.00. | 0% ramai pada pukul 23.00. | populartimes.popup.show; focus:pane.focusTooltip; blur:pane.blurTooltip; keydown:pane.escapeTooltip""><span class=""google-symbols G47vBd OazX1c"" aria-hidden=""true"" style=""font-size: 18px;""></span></button><div class=""eho6bd"" role=""tooltip"" tabindex=""-1"" jsaction=""blur:pane.wfvdle10.populartimes.popup.hide; keydown:pane.wfvdle10.populartimes.popup.hide"" style=""display: none;""><div class=""G1Ydic""></div><div class=""wLiIdd fontBodySmall"" aria-label=""Berdasarkan kunjungan ke tempat ini.""><span>Berdasarkan kunjungan ke tempat ini.</span></div></div></div><div class=""epArK""></div><button class=""MYZx6c Hk4XGb"" jslog=""18021; track:click;metadata:WyIwYWhVS0V3aTBoLUxjNjhxV0F4VUtpLUVJSGVJU0pkQVE4QmNJQWlnQSJd"" aria-label=""Kembali ke hari sebelumnya"" jsaction=""pane.wfvdle10.populartimes.arrow.left""><span class=""Ups","Jam ramai | Senin | 0% ramai pada pukul 06.00. | 0% ramai pada pukul 07.00. | 0% ramai pada pukul 08.00. | 23% ramai pada pukul 09.00. | 19% ramai pada pukul 10.00. | 17% ramai pada pukul 11.00. | 25% ramai pada pukul 12.00. | 36% ramai pada pukul 13.00. | 40% ramai pada pukul 14.00. | 44% ramai pada pukul 15.00. | 42% ramai pada pukul 16.00. | 42% ramai pada pukul 17.00. | 38% ramai pada pukul 18.00. | 40% ramai pada pukul 19.00. | 38% ramai pada pukul 20.00. | 46% ramai pada pukul 21.00. | 40% ramai pada pukul 22.00. | 0% ramai pada pukul 23.00. | populartimes.popup.show; focus:pane.focusTooltip; blur:pane.blurTooltip; keydown:pane.escapeTooltip""><span class=""google-symbols G47vBd OazX1c"" aria-hidden=""true"" style=""font-size: 18px;""></span></button><div class=""eho6bd"" role=""tooltip"" tabindex=""-1"" jsaction=""blur:pane.wfvdle10.populartimes.popup.hide; keydown:pane.wfvdle10.populartimes.popup.hide"" style=""display: none;""><div class=""G1Ydic""></div><div class=""wLiIdd fontBodySmall"" aria-label=""Berdasarkan kunjungan ke tempat ini.""><span>Berdasarkan kunjungan ke tempat ini.</span></div></div></div><div class=""epArK""></div><button class=""MYZx6c Hk4XGb"" jslog=""18021; track:click;metadata:WyIwYWhVS0V3aTBoLUxjNjhxV0F4VUtpLUVJSGVJU0pkQVE4QmNJQWlnQSJd"" aria-label=""Kembali ke hari sebelumnya"" jsaction=""pane.wfvdle10.populartimes.arrow.left""><span class=""Ups",0819-0608-1668,/url?q=https://www.instagram.com/ceritaruangg%3Figsh%3DMXhreHh4cWxocmFwZw%3D%3D&opi=79508299&sa=U&ved=0ahUKEwi0h-Lc68qWAxUKi-EIHeISJdAQ61gIGygS&usg=AOvVaw3j5lwyim7xtARB0MUMeP8T,Rp 25–50,·Rp 25–50 rb,Rp 25–50,,2026-08-31T19:14:21.876904,93.0,false,true,1,"{""Toilet"",""Restoran"",""Bar"",""Ada toilet""}","{""https://lh3.googleusercontent.com/gps-cs-s/AHRPTWkhT8JQ9OZOjv0ZmfUImcKjwwulHFOa9JlaLCWFJJUDL1iJocpC9_hVowROMZ2lmp55k5jWW6TMCQ5AJCImvNSO0YZm7mEQGxuqMvLE3ILKJCa9QNw-h_JhNMeMhxU1KfqO-O3s7eS2fCNm=s1024"",""https://lh3.googleusercontent.com/gps-cs-s/AHRPTWmRpbim6ikRIo9O-Sk762XxcqIH1Jk9bD8uMrtRTymGt4nC8MZrNjUyMgj17dtqXf__MGq7bYprjvoPyVq3auIRkFURbbINp5TVDpuKHzeG7oVPQkaYCOYs5B1wLJx4pusjq97WiZ5rC44c=s1024"",""https://lh3.googleusercontent.com/gps-cs-s/AHRPTWmGAF0TebsfQEgb4oHuEI_I2XqqPiLFAaIdG345NtvWN1P5gJKtTh2pqmEpx1i70bA21HgMcbSAIMUGo20tUkYrn8XsW9PwAb2iceSeEUzcbwSinbiOcn-9DRpFfqZqnByqjGzQMmA-c5Q=s1024"",""https://lh3.googleusercontent.com/gps-cs-s/AHRPTWlGmw_85xHSOYN8G1gxV0G5Nln4I4u0BXI3s1n96xd8p5L8a5anfdjPzgeZcwPmVSlNCizMBsAM9ZsqJtePCVsP9bjfP_BZhhJ4jaFSYrdvaZCB3hF6aFEfvDAtjkdOFVQl7Hx4tvGNc4Oc=s1024"",""https://lh3.googleusercontent.com/gps-cs-s/AHRPTWmAFUdQzz7gdrXQ0czFOPsm0cKbC2bKuA2phlHk7W9sJi4Voy31ys0Ex8uGZ3uWj1VX3KiMmc-KBtbtwRCgMhbbti3eD_7kW9TIZJrBbTM9mecbA8KSkrSU5huSstRlO9wZygvcB1jrPqE_=s1024""}",5
b98779d4-d175-5f6b-8703-c6f1dd7cd5ae,11vdjl_bgx,0x2e69f730b795d621,ruang komunitas,Ruang Bicara,Asosiasi/organisasi,{},"Grha Mp, Jl. Kemanggisan Ilir Raya No.23, RT.3/RW.8, Slipi, Kec. Palmerah, Kota Jakarta Barat, Daerah Khusus Ibukota Jakarta 11480","Grha Mp, Jl. Kemanggisan Ilir Raya No.23, RT.3/RW.8, Slipi, Kec. Palmerah, Kota Jakarta Barat, Daerah Khusus Ibukota Jakarta 11480","RQ7Q+9R Slipi, Kota Jakarta Barat, Daerah Khusus Ibukota Jakarta",-6.1866229,106.789501,,5.0,2,,,,,,0811-2222-5256,/url?q=http://ruangbicara.co.id/&opi=79508299&sa=U&ved=0ahUKEwi2keLw68qWAxWAkOEIHaEQFnYQ61gIFygS&usg=AOvVaw0tIai-j4JjBgJ5RvnfupMH,,,,,2026-08-31T19:15:02.525223,0,false,false,1,"{""Parkir"",""Restoran"",""Bar""}","{""https://lh3.googleusercontent.com/gps-cs-s/AHRPTWmNee2XA53V7ADC-C9sVmZnOGtInjdcda0nPxpreod3Btk6N15qOUBDGXLQpSTqjcJit8DKqslmFk4g5yovkIVGDlkmskmJkj4ZVw1LOS9DSuPK2vJqX_kg8S7J-3aXPdXyaok=s1024"",""https://lh3.googleusercontent.com/gps-cs-s/AHRPTWkmLNS2idqP95waxDFtTHtMDc12oG088o6j-JR8gWyxw3XkI6ht50iVsyg1MM1wCfQfLg4N4jZDBeHPVXVqKvGEnCQg2m8Zgy2O7F7344iNgyuXeo2Yg-pb13cA46xyQUdx06GLww=s1024"",""https://lh3.googleusercontent.com/gps-cs-s/AHRPTWkcj2VgYJ5_ikV8TVrVQYVlFzD0ZKZt_EiOsTq6RQmcwPTcvIR45s1bY9A4u4uZvdpfQd72sS00pW1SxNs6C6R6rPsJuWP3A0TavOtKfVSpD9lYr7j0hsxEk6YtJ8c2ppZRjI5ohQ=s1024""}",3
20fe543b-70bd-5409-ac6a-64248d623756,11vx23x6rs,0x2e69f70028f25cf3,ruang komunitas,Kijang happy,Asosiasi/organisasi,{},"RQ7H+583, Jl. Arjuna Sel., RT.1/RW.12, Kb. Jeruk, Kec. Kb. Jeruk, Kota Jakarta Barat, Daerah Khusus Ibukota Jakarta 11530","RQ7H+583, Jl. Arjuna Sel., RT.1/RW.12, Kb. Jeruk, Kec. Kb. Jeruk, Kota Jakarta Barat, Daerah Khusus Ibukota Jakarta 11530","RQ7H+583, Jl. Arjuna Sel., RT.1/RW.12, Kb. Jeruk, Kec. Kb. Jeruk, Kota Jakarta Barat, Daerah Khusus Ibukota Jakarta 11530",-6.1871087,106.7783064,,4.2,6,,,,,,000000014901161,,,,,,2026-08-31T19:15:43.368129,0,false,false,1,"{""Parkir"",""Restoran"",""Bar""}","{""https://lh3.googleusercontent.com/gps-cs-s/AHRPTWmt0XoY38-vKpsBBgJx9_iZ455B7bI9sXr9bjVoE1jsVCxDEMCSYIbLoYutIf5s0BlmmQygvqV0lw752mX27I0xm97aSMSHwQbRrfXVpBxhlXF0WFlaC9cUvGI5Pye0pULbcKWcU6UO28Pe=s1024"",""https://lh3.googleusercontent.com/gps-cs-s/AHRPTWnMGTHDsZIjJbtlmX0pqsA7yTU6wJm-bt2FA33c2S9JCBB-Oe_oDbmuscAwvKT9JAdmH80hH1pR5Pv02WMigXI_bF3DiIr4Ch608Knj4KGsm9H5B1KtIHxsGbGN5UYhpF2APLsX_A1ZdpW0=s1024"",""https://lh3.googleusercontent.com/gps-cs-s/AHRPTWlrWvfy2PwavRurG_vhRDrYCmWUostLpjTolUEsUoN2td5tuaAvZ8JqVOwD_D9ypbW4bYKPTTWdsxc-FeHy0IdBin12ZoBDCAnjUaNUke0y2uE0A14g089AQ3ykEfx4yiucCkc=s1024"",""https://lh3.googleusercontent.com/gps-cs-s/AHRPTWnVekdnkGl-ipy4xMkmhnqiuP47nDUg0qYIU-48JXn0fLHp2IqwQIw1zNyOVvn8zftugiZD0Lh-L_fVddLTvUBEpt4UNz77Liavg8ABDGYnOzn16-8I1fRlZzNqf9-g8BscUhMR=s1024"",""https://lh3.googleusercontent.com/gps-cs-s/AHRPTWmEZgjqxsJ_mGzJypkmDV-jCxdvrYTDuCBsciIGXD52wtpMZJB07arQjQ944LtdO-ZoGt9K-KJ7XgKDh8HZ6dy3g6ZgcWpwo4HIVwgign3JnTtUmV1iA6NTA0X0KhaAcFk399t0Cw=s1024""}",5
44f863ac-40c9-511e-a787-b66637df8dee,11fhwtx_wf,0x2e69f7e62f046ea9,ruang komunitas,Komunitas Sahabat UMKM,Asosiasi/organisasi,{},"Jl. Cideng Timur No.76, RT.4/RW.4, Petojo Sel., Kecamatan Gambir, Kota Jakarta Pusat, Daerah Khusus Ibukota Jakarta 10160","Jl. Cideng Timur No.76, RT.4/RW.4, Petojo Sel., Kecamatan Gambir, Kota Jakarta Pusat, Daerah Khusus Ibukota Jakarta 10160","RRF7+43 Petojo Sel., Kota Jakarta Pusat, Daerah Khusus Ibukota Jakarta",-6.1772344,106.8126777,,4.7,40,"{""Senin"": ""09.00–16.00"", ""Selasa"": ""09.00–16.00"", ""Rabu"": ""09.00–16.00"", ""Kamis"": ""09.00–16.00"", ""Jumat"": ""09.00–16.00"", ""Sabtu"": ""Tutup"", ""Minggu"": ""Tutup""}",Senin: 09.00–16.00 | Selasa: 09.00–16.00 | Rabu: 09.00–16.00 | Kamis: 09.00–16.00 | Jumat: 09.00–16.00 | Sabtu: Tutup | Minggu: Tutup,Tutup,,,0858-4642-8346,/url?q=http://www.sahabatumkm.id/&opi=79508299&sa=U&ved=0ahUKEwjy8s6X7MqWAxVqiuEIHb7OBZwQ61gIFygS&usg=AOvVaw05_d2AEE1Nw7Pa2WWgicqs,,,,,2026-08-31T19:16:23.975691,35.0,false,true,2,"{""Parkir"",""AC"",""Restoran"",""Bar""}","{""https://lh3.googleusercontent.com/gps-cs-s/AHRPTWmSzkaqj_jwJsDk4Uo5sV4xC3Jeb8LbHFSgc5EpP_xI9nNEec5SDOi1PeVoirkJqWblw4mCSU5f9I0M4oPGdS-VymHpWKiipZJxlGJuE5qWdFBQngITAFVP6adX2StIRq_dTP2c=s1024"",""https://lh3.googleusercontent.com/gps-cs-s/AHRPTWnRu9ynXp1tlhK5TQ77jA6r1Kdk9v1Tk_8Uue0Hqo3YC9h4YAvcUOkheBY30vxE2pyRkqE72i0pCHig4P30j33xrZ-JnOpW3Y_mI3t1gJtfmkd5KysYPJ4Pl1RVUxGhfInz_pMt=s1024"",""https://lh3.googleusercontent.com/gps-cs-s/AHRPTWnawZJyxmZ-CRl9b1dHW-bx2AmRmuLzpHn3ER0Rmy68gxHRUsNb94c0EIJ7Im0CHtifdRL9_c1P7r6eXUhQGG0wjpAcn6gZ5F63iEBML1rBROjEDM3OnYVrwJNo2rC2xo2D5D6uiQ=s1024"",""https://lh3.googleusercontent.com/gps-cs-s/AHRPTWmoYyE7NnNHlBY7-FG8YX-NP2ffZHQB1LxJEvBrjva_KFTL06Vjz34707YUSY4IovIex5A4lu-zH4cVUo1pbs_QFdaIggvVEfgbSdh7Dz3AmkQauZva4vVndCHqQTaQT2XOewxV=s1024"",""https://lh3.googleusercontent.com/gps-cs-s/AHRPTWl-ledUfNeB7Qc_NPYLGEPeB7oYp9ktBshOe1nfiqjvsHvSq9_rb1rh_dDKsSFtC81b3bUDUmk8cS-U84XMvvLeEvVtRn-0pKai1ILW9vZ9nuFcBKZSzFPlPmNnQTA3C3UbRcxl=s1024"",""https://lh3.googleusercontent.com/gps-cs-s/AHRPTWl7sJw7xGQSjwgpUs0gVkyGH53LontTrSbPUwWD8QInMsGWaNmkufy-FEI-a814gqXGDD_O2mk4A9emA80lt3DwS4lqHyOv_vY8FOL4mImq7Bzq-IlhtYdLI3QzCA9LLEp6eObOLg=s1024""}",6
c9c7177a-94b4-5de6-9a8c-5110a6ae62d1,1223q9v6,0x2e69f6fa7ad2e539,ruang kampus,Universitas Esa Unggul Kampus Jakarta,Universitas Swasta,{},"Jl. Arjuna Utara No.9, RT.1/RW.2, Duri Kepa, Kec. Kb. Jeruk, Kota Jakarta Barat, Daerah Khusus Ibukota Jakarta 11510","Jl. Arjuna Utara No.9, RT.1/RW.2, Duri Kepa, Kec. Kb. Jeruk, Kota Jakarta Barat, Daerah Khusus Ibukota Jakarta 11510","RQ7H+MJ Duri Kepa, Kota Jakarta Barat, Daerah Khusus Ibukota Jakarta",-6.1858371,106.7790429,,4.6,1868,"{""Senin"": ""09.00–17.00"", ""Selasa"": ""09.00–17.00"", ""Rabu"": ""09.00–17.00"", ""Kamis"": ""09.00–17.00"", ""Jumat"": ""09.00–17.00"", ""Sabtu"": ""09.00–17.00"", ""Minggu"": ""Tutup""}",Senin: 09.00–17.00 | Selasa: 09.00–17.00 | Rabu: 09.00–17.00 | Kamis: 09.00–17.00 | Jumat: 09.00–17.00 | Sabtu: 09.00–17.00 | Minggu: Tutup,Tutup,,,021) 39529950,/url?q=https://pendaftaran.esaunggul.ac.id/&opi=79508299&sa=U&ved=0ahUKEwjly67V7MqWAxXB4zgGHcHFCZoQ61gIFygS&usg=AOvVaw1m3_AwWhGbjeWQmW1-MOeW,,· $,,,2026-08-31T19:18:35.638238,48.0,false,true,3,"{""Parkir"",""Toilet"",""Kursi roda"",""Restoran"",""Bar"",""Memiliki kursi khusus pengguna kursi roda"",""Memiliki pintu masuk khusus pengguna kursi roda"",""Memiliki tempat parkir khusus pengguna kursi roda"",""Ada toilet khusus pengguna kursi roda""}","{""https://lh3.googleusercontent.com/gps-cs-s/AHRPTWmSCHy0q1eyn4_g9IHdyIovTbqYIWkJY4lvdKoueUSiWvSffdAzX8XTK6tM47LXKdI_3SjSsq9d9kWlNCdG3agEnWWM6wYqWnhT6l5snjMS_34LU-0Tf_ms12LU4Jd7FAqwFKt5qA=s1024"",""https://lh3.googleusercontent.com/gps-cs-s/AHRPTWk7XCVeDKMzUbdv389xpmumbsJO5gb8zPtOVqxiDy0U3zAQj2J9th38DxxJBijBNqm5Fkb9xmyakSRYdn1JnYzPfyiFB1b3MmMqSOTKgEp5kjtK6AMSM2cMNd4e3-cjEfhecuSJ=s1024"",""https://lh3.googleusercontent.com/gps-cs-s/AHRPTWk664db6JSGHIDjH4rdt1Zr3ux3srJUCeC9FQekW-bXWlnxFAsrVKD9xfIrSEtT1PY-Sgu6j8tjvCRfvwLRv7hIOYl7--8Glhq0i5uyeuaQT_aeTc0a7sVeCPtxbOfNNQVn5jce=s1024"",""https://lh3.googleusercontent.com/gps-cs-s/AHRPTWnG7RsTfDPX1l9Vo0QSUmNkB2K4HxTs_hSqZJGbcqS71D7df6mBPMYeHlqXdQSYmPGsAQRNfPiB_BcPIJW2je04QMeZAFo0zXI8DRcyL2ff66ApL3NKYoQZCKsZQb9jB0vjzYuR=s1024"",""https://lh3.googleusercontent.com/gps-cs-s/AHRPTWl1_pIbMai0eo8RhVNjvhG9jBf9ixSyJtbGPxar5dOlPHMgeix6_eT3zCd6eRU1IUw0ouBHLSzKynuomYJGnAe-3hDQocemxPvKi4flg08nsvW4HwZ373SZPR3BjNQUUytNfRI=s1024"",""https://lh3.googleusercontent.com/gps-cs-s/AHRPTWmf7cLQom_sNiFjd71mEYvE359fBiF6uXq8G2lfxHeeSEMo4JerPFgl9TC0pnzIkcGOq4kMoPU2GaSDA445nBNlHpcr8xp1EV4d1ayXO4LLl1RrHKv-KGxXcjxHNi9pZF49XeHf=s1024"",""https://lh3.googleusercontent.com/gps-cs-s/AHRPTWl5y_gUJxkZOMcV_to2JdbEgYuBQYeEQAR0Q1V_SQ1B0y8bn3UdRsYJLERz9FJJyyIWcSrz9FrT1YJ4ou61NpMhv9EuPW5qXim3lF6rrIE51uEH8jLYb18rE8sbBKwu3vRPqigZzliFHWk=s1024"",""https://lh3.googleusercontent.com/gps-cs-s/AHRPTWm6jKeRDNp6ZlDlvXoI2YQGwJE-OrxIgjZkGMXp9NyUXdSuaMvN7vQrQTraiQpxADN6AId7Iaaf4f_OUqi946YPNtVs2hlWXdyVjSmvIqemGLOSJ-Z3M48b-xHWuW_E9KBW33QM=s1024""}",8
04e27eee-e836-5106-b429-0219aa8e5a5b,11trf9m_cc,0x2e69f7c264998871,ruang kampus,Universitas Dian Nusantara Kampus Tanjung Duren,Universitas,{},"Jl. Tj. Duren Bar. 2 No.1, RT.1/RW.5, Tj. Duren Utara, Kec. Grogol petamburan, Kota Jakarta Barat, Daerah Khusus Ibukota Jakarta 11470","Jl. Tj. Duren Bar. 2 No.1, RT.1/RW.5, Tj. Duren Utara, Kec. Grogol petamburan, Kota Jakarta Barat, Daerah Khusus Ibukota Jakarta 11470","RQFM+P7 Tj. Duren Utara, Kota Jakarta Barat, Daerah Khusus Ibukota Jakarta",-6.1757355,106.7832264,,4.8,1035,"{""Senin"": ""08.00–16.00"", ""Selasa"": ""08.00–16.00"", ""Rabu"": ""08.00–16.00"", ""Kamis"": ""08.00–16.00"", ""Jumat"": ""08.00–16.00"", ""Sabtu"": ""08.00–14.00"", ""Minggu"": ""Tutup""}",Senin: 08.00–16.00 | Selasa: 08.00–16.00 | Rabu: 08.00–16.00 | Kamis: 08.00–16.00 | Jumat: 08.00–16.00 | Sabtu: 08.00–14.00 | Minggu: Tutup,Tutup,,,021) 21194454,/url?q=https://undira.ac.id/&opi=79508299&sa=U&ved=0ahUKEwj94eHp7MqWAxWBwjgGHfXFELcQ61gIFygS&usg=AOvVaw3UYnMuJT_ikMdGz_B-gyNO,,,,,2026-08-31T19:19:17.959076,46.0,false,true,2,"{""Parkir"",""Kursi roda"",""Restoran"",""Bar"",""Memiliki pintu masuk khusus pengguna kursi roda"",""Memiliki tempat parkir khusus pengguna kursi roda""}","{""https://lh3.googleusercontent.com/gps-cs-s/AHRPTWmoqtO643BivztmRrQy54n_RtKebJoDqqnthp-0LdKAQwjyBNROODNZPzFmBhC0H2E1nDFDTpiAyDyb8BR2NLLU5deATn1pP998ZejOaomR1cWLP51f9tj9FZWbIWDWITOxgXyc=s1024"",""https://lh3.googleusercontent.com/gps-cs-s/AHRPTWkjlIqbpKopWibDVd-46xNlRtbY0_vq7alLTP14EwdHddtVPibNrPyXu0tRfwCJxM5uqLklvZbiqZPoi5Ak_oQuffr2VQX0qap3nFdfGJy1pxN2BlATC6zT352vkLjEy7HLP_UxjygykJVn=s1024"",""https://lh3.googleusercontent.com/gps-cs-s/AHRPTWmG2vFp5ZVUl39uhmEUsRYjlqC5Qu-tEeUIBo8O-pqR64hDwcc-CcuiuN-kgGioIgZ4nWmtNyy9PUfyWXN8Qo5qA0URco-tVg2cE7xqa2AsC_kW_vP8gZE-iA0z7W1xjak_ozzC=s1024"",""https://lh3.googleusercontent.com/gps-cs-s/AHRPTWly5EuhbjJ6-XxrxCSxo01bjytbHxccmK5GDn8PuyQVSFV1HrwCoEkocDke8-b-3b3OSnz601fOhS1K6x_MeoRNu06SbUs3FfEh5ec0KXrc6MX7LhUX_hs4uA06MmoGFL_CZbFP9Q=s1024"",""https://lh3.googleusercontent.com/gps-cs-s/AHRPTWlr6AUbtyTSOZmvYza20XDWzRFciPgpgN3eKg4L2iZL7hE210An7dZOGfMXzKjpIvgRo5PLgTG5h9HnpOMc2uo2O1kAxQMRW2NHQSsUNW0iTABQw1I03HDxmJAHqHsr3bAVXnSDEA=s1024"",""https://lh3.googleusercontent.com/gps-cs-s/AHRPTWn_3MWJZfspa8GJ0_oyDPbfG8tlYpfh-1dW5hsFgfvxw566YFD5P5iz2kqEZlEDjhPc9eKzpXvLxLXIp-fih8KaXU2a1JO7ys7bTRKmZkjDjGf910w5d9ZCbMpnEVnhvnWEZon9VdZDN638=s1024"",""https://lh3.googleusercontent.com/gps-cs-s/AHRPTWlQ-Hn6i5ZIwMblEVwsYa5_qVwT720gGTNSar2M_LrCMb8ANVkIJ2P7K4MoLYCCELJ0RN4PHWXXT9u6dn4F6NYsnOcTHytrfIFiZ4mBs_io32g_RFQSDqezKVN_luRpfw5Pfqzm=s1024"",""https://lh3.googleusercontent.com/gps-cs-s/AHRPTWl2RMPmu0H5afGZpDiLhRxmueaz8wnvhpvAvlWD_dVSX32z92WsmwiNR9fO32xSS211mCBQfWOoMsdDY9-fkUatGZrHKxkVyh6sqyPFWuB9I9GcHK3Xh-dS1g7bxSNhquUFOQugSInPkEv4=s1024"",""https://lh3.googleusercontent.com/gps-cs-s/AHRPTWnbH9i45s-bR-PBaNQIk-S9g8x-k14RQZ1kOCXtGh5z6bsdsHCqlH-JgcirQ0drJPSupdvl6jJIeon4fNqK6ZfT-cI5NEiBel1iil3ptqFcnUl5u6LFHuC5SzM8t3OT7uMHOs6zIg=s1024""}",9
db756115-588e-55da-868e-6b6e4f8e6ab0,11rj4hgs5h,0x2e69f772e0df8317,ruang kampus,Universitas Dian Nusantara Kampus Greenville,Institusi Pendidikan,{},"Jl. Mangga 14 No.6, RT.6/RW.3, Duri Kepa, Kec. Kb. Jeruk, Kota Jakarta Barat, Daerah Khusus Ibukota Jakarta 11510","Jl. Mangga 14 No.6, RT.6/RW.3, Duri Kepa, Kec. Kb. Jeruk, Kota Jakarta Barat, Daerah Khusus Ibukota Jakarta 11510","RQHF+28 Duri Kepa, Kota Jakarta Barat, Daerah Khusus Ibukota Jakarta",-6.17241,106.773286,,4.9,167,"{""Senin"": ""08.00–16.00"", ""Selasa"": ""08.00–16.00"", ""Rabu"": ""08.00–16.00"", ""Kamis"": ""08.00–16.00"", ""Jumat"": ""08.00–16.00"", ""Sabtu"": ""08.00–14.00"", ""Minggu"": ""Tutup""}",Senin: 08.00–16.00 | Selasa: 08.00–16.00 | Rabu: 08.00–16.00 | Kamis: 08.00–16.00 | Jumat: 08.00–16.00 | Sabtu: 08.00–14.00 | Minggu: Tutup,Tutup,,,0812-8770-2769,/url?q=https://undira.ac.id/&opi=79508299&sa=U&ved=0ahUKEwjfifr97MqWAxXQ3jgGHTsiM7AQ61gIFygS&usg=AOvVaw0qMoXhC8tucR9nm9Zg0KRr,,,,,2026-08-31T19:19:59.672302,46.0,false,true,2,"{""Parkir"",""Kursi roda"",""Restoran"",""Bar"",""Memiliki pintu masuk khusus pengguna kursi roda""}","{""https://lh3.googleusercontent.com/gps-cs-s/AHRPTWkyrFmLyPW2VKTGP4dowDIXA2buUVE1pna42-X9hpzTiTkGyPKHZr49Xbc25ulVHgt1Xfb8MkSd_n5YXfVO_Bob4ISYlYzoCmEciYUXX2SkeP-itOzpRvLBURnnKMacHhXIYWCALA=s1024"",""https://lh3.googleusercontent.com/gps-cs-s/AHRPTWmhhZARo9jMCobEL763LuarNMtdAZVNBUZuxlrz2vscJtJDbVtXtU8HrR5edorO-B1oDJyNQkiL0c8MS5ldiBoRZLUwb7AC3hyvWtYnnAX6qZD2p4PjIToaDdSi108rp6YlPbud=s1024"",""https://lh3.googleusercontent.com/gps-cs-s/AHRPTWkZZFPzxcbHb84iyKD1XZU5VKk0yakQohNmQ0ek2aZm0Dg42O67eCkaz4tQdLfSmHL05Yb4mmGw7GHEhdq1us-733OYF8cLxLj_Xj_9qXWC90u7VnvCEfaguSFtwAf3kwoW3Y0L5w=s1024"",""https://lh3.googleusercontent.com/gps-cs-s/AHRPTWlzl00tL8QlbDKSYleRWXLrpDGTuH63SQSXr1WYPx7J3Lo9PkzsGk0IvZCg55aIWyvrPt1sXoNuRYXNSlsS0SaKP0s6Hkinv5O1SFnF7HUliOhT1bJ4liJq1m1ngYqjtjFaf_OC0A=s1024"",""https://lh3.googleusercontent.com/gps-cs-s/AHRPTWl8DoWRWjhHqCgp9jAylBawrplDJu7EewFmljzMJQaxqENB1h2_m2Z19YZrUHI8c_TI14WObwc8CiTyBweCDnMepSyXyAEtmJ0rAMY_fwKI4INu-ShCZgtkvTBVanjcJMvejk7G=s1024"",""https://lh3.googleusercontent.com/gps-cs-s/AHRPTWn_3MWJZfspa8GJ0_oyDPbfG8tlYpfh-1dW5hsFgfvxw566YFD5P5iz2kqEZlEDjhPc9eKzpXvLxLXIp-fih8KaXU2a1JO7ys7bTRKmZkjDjGf910w5d9ZCbMpnEVnhvnWEZon9VdZDN638=s1024"",""https://lh3.googleusercontent.com/gps-cs-s/AHRPTWl2RMPmu0H5afGZpDiLhRxmueaz8wnvhpvAvlWD_dVSX32z92WsmwiNR9fO32xSS211mCBQfWOoMsdDY9-fkUatGZrHKxkVyh6sqyPFWuB9I9GcHK3Xh-dS1g7bxSNhquUFOQugSInPkEv4=s1024"",""https://lh3.googleusercontent.com/gps-cs-s/AHRPTWlPS76JJoOKSBb3yoSgnL0kXHX0MdSzjpQbLK4IafM9-D5sjK2XwjZ4JaPBllt8Zmv6bC9iV9TwE70q6cO53vlWy16LaNDJM9SALdcqNRWKH7UfhNmTCEBOAoHQRTuq2e7AapJar_hALQQN=s1024"",""https://lh3.googleusercontent.com/gps-cs-s/AHRPTWlQixU1II17O08xLZtsLjK9LNUdOHppHR74hHsONLV16AmLBd5ULriDxNO4Zy_QnOLRlnYd-y4VblEjWNzrP00J43dNcZRbduexGhCJKg7BjH5-0aSJbLAysdHsYo46-RAxKNQ=s1024""}",9
83f506d1-e76d-58d3-b6ef-72284f298ae2,1hc0hlyqq,0x2e69f3bf625fce9f,ruang kampus,Universitas Satyagama Jakarta Barat,Universitas,{},"Jl. Kamal Raya No.2A, RT.6/RW.8, Cengkareng Tim., Kecamatan Cengkareng, Kota Jakarta Barat, Daerah Khusus Ibukota Jakarta 11730","Jl. Kamal Raya No.2A, RT.6/RW.8, Cengkareng Tim., Kecamatan Cengkareng, Kota Jakarta Barat, Daerah Khusus Ibukota Jakarta 11730","VP4J+J8 Cengkareng Tim., Kota Jakarta Barat, Daerah Khusus Ibukota Jakarta",-6.1434886,106.7308199,,4.1,124,"{""Senin"": ""07.00–19.00"", ""Selasa"": ""07.00–19.30"", ""Rabu"": ""07.00–19.00"", ""Kamis"": ""07.00–19.00"", ""Jumat"": ""07.00–19.00"", ""Sabtu"": ""07.00–19.00"", ""Minggu"": ""Tutup""}",Senin: 07.00–19.00 | Selasa: 07.00–19.30 | Rabu: 07.00–19.00 | Kamis: 07.00–19.00 | Jumat: 07.00–19.00 | Sabtu: 07.00–19.00 | Minggu: Tutup,Tutup,,,021) 5452377,/url?q=https://www.satyagama.ac.id/&opi=79508299&sa=U&ved=0ahUKEwiFzeyR7cqWAxVb1TgGHR22EIoQ61gIFygS&usg=AOvVaw3k-8SpfXla7Hrsvty9x7PP,,,,,2026-08-31T19:20:40.519310,72.5,false,true,1,"{""Parkir"",""Restoran"",""Bar""}","{""https://lh3.googleusercontent.com/gps-cs-s/AHRPTWlhswOwRNz7emOUGpAXUD3E_e1A5boKWM7dA7hYEa5z0xYChYFmrg3A0UfC-8biCWjKJD2_YNP29NOJkKG0n3ZlLfYpPWmd3N6DZH_8t9ZG685B9GHOgE8aS36wfJQ7qSSLq1Xrhu6ga8Pc=s1024"",""https://lh3.googleusercontent.com/gps-cs-s/AHRPTWleqUTOCaUYO0ayRUoLb4fEdhcIITgXMJKm5K9d1tgXnga1ddpAoed1pPnHgIxay7Ai1sv67p1nBe1t8UHqZ4SaeZJ-rsdRQr0pg7xeZAcm55i5rMLC2wsvJEP3Y2rVHa9IR-7xN8uMQ-o=s1024"",""https://lh3.googleusercontent.com/gps-cs-s/AHRPTWlz0CYlCFgbg_TukONh6XaY0xkFt_yJmiPl_SYr722scjOHouKz5e9WSLkpFQRLGlhqnC8tHXbwXqT2GeB4O2BABHWh28Ki6pFwI_FYN6pLS6RgtkEmm4doz4AxcFDWYjIezWY=s1024"",""https://lh3.googleusercontent.com/gps-cs-s/AHRPTWlWoDARj6Pm_CRXUUF-OAzhFPBOopxmweye3D00PpPGVFgEx9xY9uITbWBaGLibJ7TN_t4sGiZjfHAhCg1oq7Eo1OrzOlc7Ww8ZHzxAC_LpC3HP76DL5bxtTNELp2hJfu4Jbujrww=s1024"",""https://lh3.googleusercontent.com/gps-cs-s/AHRPTWmOE5kD9vta4aSRX5mvO94PiLdzhhmLXBtf_uEzzU5nkKyZWjwdyhaFYFbcDUJN2voKHy5Ma7Y1OhJnbHC0RddZO4pKalsuLNQjFHAsS8NExPG88gb1_EExfLop60tYBLoWX4hbww=s1024""}",5
62e34b48-fd63-5da4-8935-45625fd6ae9a,0x2e69f65cb460416b,0x2e69f65cb460416b,ruang kampus,Universitas Trisakti,Universitas Swasta,{},"Jl. Letjen S. Parman No.1, RT.6/RW.16, Grogol, Kec. Grogol petamburan, Kota Jakarta Barat, Daerah Khusus Ibukota Jakarta 11440","Jl. Letjen S. Parman No.1, RT.6/RW.16, Grogol, Kec. Grogol petamburan, Kota Jakarta Barat, Daerah Khusus Ibukota Jakarta 11440","RQJQ+MM Tomang, Kota Jakarta Barat, Daerah Khusus Ibukota Jakarta",-6.1682748,106.7892412,,4.5,1625,"{""Minggu"": ""lalu""}",Minggu: lalu,buka,,,021) 5663232,/url?q=https://trisakti.ac.id/&opi=79508299&sa=U&ved=0ahUKEwjB1ail7cqWAxWS9DgGHST_ESQQ61gIFygS&usg=AOvVaw2H9LUScX2CXx7Bxh64xvNx,,,,,2026-08-31T19:21:22.427440,0,false,false,2,"{""Parkir"",""Kursi roda"",""Restoran"",""Bar"",""Memiliki pintu masuk khusus pengguna kursi roda"",""Memiliki tempat parkir khusus pengguna kursi roda"",""Tersedia layanan di tempat""}","{""https://lh3.googleusercontent.com/gps-cs-s/AHRPTWl88hxoydXcGWZDV3XBsGfWm-LyXouBbTnjhgLL3vI48-uVXzDp5B9iaZpSxRD8BD-uSMj7X-o8f-Uindz-GaJEnenzbmSaqq5gvA3IAvbAZFj4JnAGFvGzwzonb9no70EOyQsi8w=s1024"",""https://lh3.googleusercontent.com/gps-cs-s/AHRPTWnxQpSZAibDId4CBTBmFmgtDEEfnu5X9GIWvUcfQ4_e7Y8K2ZuotRw7N0NihqRfWmLmhs7sDxjWc-WChiL5HQjRfTGpZzVOI2y2ZHsFM9VX3TCXeFQHKH_EFXmmfRC3yfho8NqURkC_t8Q=s1024"",""https://lh3.googleusercontent.com/gps-cs-s/AHRPTWmv8QbsUurPp7yITAFLL4MlHcpwXEYRGeE3NSbAqpdnVY9JnPgXx54MrQKuTDIQFrnq7yKMIf9NHI0qWiY-MkQ-Jjx8ghGlvc_CVolC_bgbseLLaPiXfwB-tYsmdCk8teYf3piCvw=s1024"",""https://lh3.googleusercontent.com/gps-cs-s/AHRPTWmsZ-4AdGNSAfH9nVGmi-rGVXi3kJibovjTXjfl_j0Q4ZuXsz5F7K2_tiFtp-PSSjHr_ByM43l72pZ7FyhuPAZ5tgz2KnqYWRLAQLtVt2aBPHC4KrF8hIZmW-L93W4BW2ra9HETxIN7cG_B=s1024"",""https://lh3.googleusercontent.com/gps-cs-s/AHRPTWnKudhv9jn4mlfipGK27WsKn0ALIXRETth37pzssKw_omJzedFoVGUmqmHnAxYvX0HQ-B4qNSVlWdJFkumKivezoEY54MyHIiRVNOuF8HWKUv5pcB0lpNL2Lc87YM3KbTByUlMH=s1024"",""https://lh3.googleusercontent.com/gps-cs-s/AHRPTWly8tfUfClGyVEZo10dNRS1G_JByLPP6BLla-Wl-zCBEtfobFej_S-FlQ_sleCuCd0GPDRdu27ba0jSYsBS0r_0L9qk1tOuye74kz1Swc6XUJePzEXE-jj4A9KzXylLB8WuYefe3HWmineb=s1024"",""https://lh3.googleusercontent.com/gps-cs-s/AHRPTWmvkszGG4ftln0LrRzLN7Xpd3yxcQomuhet-F49-siNIZWh0qxn_KA-GC6yEWESl6p4YiunC-6ay4j38nhVAySwpR3M1K6lZ1dEJroHd3Y8BtmU_yjGHkPodobeFmDrHz4cTtM=s1024"",""https://lh3.googleusercontent.com/gps-cs-s/AHRPTWnzWF8nE5p0LZa4KSJPNfzYk-pyR-HVZM_f77SEQAYkEdvfptC7V9H6XRDkEWzuwre3LQ8DVvDC9OORwvJr6LGd6Qskx-Jv-yxNUxn9BkgJWbeMbYkd6BW3QGpG9PNGvkEJ849exA=s1024"",""https://lh3.googleusercontent.com/gps-cs-s/AHRPTWmvZ3bdFpXhZ7bRianDSBTgaz1hfoX4MrbBVpDxQS8x0I1UuejiwCR1ljTLYzluBmrPFRbl_Gk5HH69Xk-Nk7gaLC8NCtfv81D9fP6utwWvvlNorY8UvQWg6szvhDiItwfkOYOMiraIrDBc=s1024"",""https://lh3.googleusercontent.com/gps-cs-s/AHRPTWm4-ZdDmXT2BsqveVA8XhveLZtXQjCHHacwSnqLlSZMQf-eIRGBIQY1OMLMnGvUY7jot3E8l7EaygH2FeKBEIE3q8PjVbxRNqaclziepQ-IhI59TMNJE6qsDoTI_-kSW_CakGI=s1024""}",10
7417e675-f773-53aa-a35f-9774b39c42cd,122h0lv7,0x2e69f7083c758e25,ruang kampus,Universitas Mpu Tantular Kampus B,Universitas Swasta,{},"RQ84+9CG, No. Kebon Jeruk, Jl. Puri Kembangan, RT.9/RW.5, Kedoya Sel., Jakarta Barat, Kota Jakarta Barat, Daerah Khusus Ibukota Jakarta 11520","RQ84+9CG, No. Kebon Jeruk, Jl. Puri Kembangan, RT.9/RW.5, Kedoya Sel., Jakarta Barat, Kota Jakarta Barat, Daerah Khusus Ibukota Jakarta 11520","RQ84+9CG, No. Kebon Jeruk, Jl. Puri Kembangan, RT.9/RW.5, Kedoya Sel., Jakarta Barat, Kota Jakarta Barat, Daerah Khusus Ibukota Jakarta 11520",-6.1840594,106.7560764,,4.3,51,"{""Senin"": ""08.00–21.00"", ""Selasa"": ""08.00–21.00"", ""Rabu"": ""08.00–21.00"", ""Kamis"": ""08.00–21.00"", ""Jumat"": ""08.00–21.00"", ""Sabtu"": ""08.00–18.00"", ""Minggu"": ""Tutup""}",Senin: 08.00–21.00 | Selasa: 08.00–21.00 | Rabu: 08.00–21.00 | Kamis: 08.00–21.00 | Jumat: 08.00–21.00 | Sabtu: 08.00–18.00 | Minggu: Tutup,Tutup,,,021) 5819779,/url?q=http://www.mputantular.ac.id/&opi=79508299&sa=U&ved=0ahUKEwiXyae57cqWAxV8hGMGHS97KOkQ61gIFigR&usg=AOvVaw3fwPXes67PuThTVUWgkknz,,,,,2026-08-31T19:22:04.219717,75.0,false,true,1,"{""Parkir"",""Restoran"",""Bar""}","{""https://lh3.googleusercontent.com/gps-cs-s/AHRPTWnEmHLl_O9YLFwwoNicxN7D4h9HbP3ADjUyye9Fq1ujlUMeq9EpmyLadir_DXF6eCvgfIH5VQofd8WKqatEqmt0c7KjyKScUx8OW7pM6QSTnBuKgf2NDwdIJqR-YswVumOTLZ5N=s1024"",""https://lh3.googleusercontent.com/gps-cs-s/AHRPTWkunQ4hqYlpOXFDdinneSwZGWSoyvb-w22TgaHsF8vreMEwcW3GinoU9BO_Jm5aFLJYjRQ1PV3C4NnAEdRin3wX_qNrtADRO5i91J81nixJXUTkP-eZ2SglsWPsZSZxWC5nJR2Qlg=s1024"",""https://lh3.googleusercontent.com/gps-cs-s/AHRPTWkrThEBCc6_YklpukLQjyMKp85iC8qQY2vTqdcw2NhEg5swiZFBKDfFTemhDjh1yr_c-iOno_CqMlLVKHLV6QptmIm_4aQT06aU8NSMFCZe3MdqULk3WhBKpITpgWOu3Ypt12AG=s1024"",""https://lh3.googleusercontent.com/gps-cs-s/AHRPTWkTtP1mxfUNZw2LzYpCFHdxQmJxUYLtmyUw2q456asL8GW3_3CNQ2eZ1dZ81mb4dP7yj8oVCr8dmcaeSwPCMjSMrW9KHoMmDvmNCdWlDRA1CaRiV2DSzqCAyXnS-vC8idhDRVt6=s1024"",""https://lh3.googleusercontent.com/gps-cs-s/AHRPTWmuHopy2Hp025N_HLvlvvVAnorDpJDYde4RltgpJf5IBcXXEBU168-6kQzETirBRhxtiHPJTGzTqX26YwE2t5cVLFRMp6t1Y1r1MPfmgneEhQhZorJwKPzpWZFvaEBtNwmFJ-5lNw=s1024"",""https://lh3.googleusercontent.com/gps-cs-s/AHRPTWnPFf2OFHdewfBAT-oA3oo0tKK_JRsKLSR-6uHuDWHQXHKovzzpWbeHM_z64MDXGTbP_2yzg2bghGquqBH7gk5GG9Mbq_QAwj6uiPPbH9ffPt4sZK8H2cHRRBVWjGKoUpaBVRG_=s1024"",""https://lh3.googleusercontent.com/gps-cs-s/AHRPTWli6svJraVcrk-D5SmLULp0ghG8g5iZNZmmUmyq78qgXpsIxfPSBLKoKraeg4xPe7bI4jCU3i7rS8qL2qbZC3svDZ4-xuuYfgtEDnOsX3kKDdrc5i-0JD3NU6GLXo_a7w7bIP_HRw=s1024"",""https://lh3.googleusercontent.com/gps-cs-s/AHRPTWkSQZUZuNQgoxejBSB3xa_ri3VHkUmTV-9DjmTW7Zy8Bk-eFnywTXObtPvvkknVqQdpfDff7wWYUeAhoA3F_O7mKHqyXYmai_vOrHu76pJgwIbcofdhjXDY6qHovMp2iNwkrfdiOgZSN7Kk=s1024""}",8
8d15bf29-9a39-5d62-8434-8caa1664fd2c,1tdkz_07,0x2e69f7f961c04f65,ruang kampus,Universitas Bina Sarana Informatika Kampus Cengkareng (UBSI Cengkareng),Universitas,{},"Jl. Kamal Raya No.18, RT.6/RW.3, Cengkareng Tim., Kecamatan Cengkareng, Kota Jakarta Barat, Daerah Khusus Ibukota Jakarta 11730","Jl. Kamal Raya No.18, RT.6/RW.3, Cengkareng Tim., Kecamatan Cengkareng, Kota Jakarta Barat, Daerah Khusus Ibukota Jakarta 11730","VP2G+QW Cengkareng Tim., Kota Jakarta Barat, Daerah Khusus Ibukota Jakarta",-6.1480208,106.7273266,,4.9,584,"{""Senin"": ""07.30–21.15"", ""Selasa"": ""07.30–21.15"", ""Rabu"": ""07.30–21.15"", ""Kamis"": ""07.30–21.15"", ""Jumat"": ""07.30–21.15"", ""Sabtu"": ""08.00–17.00"", ""Minggu"": ""Tutup""}",Senin: 07.30–21.15 | Selasa: 07.30–21.15 | Rabu: 07.30–21.15 | Kamis: 07.30–21.15 | Jumat: 07.30–21.15 | Sabtu: 08.00–17.00 | Minggu: Tutup,Tutup,,,021) 54376398,/url?q=http://www.bsi.ac.id/&opi=79508299&sa=U&ved=0ahUKEwiO-Z3N7cqWAxWd4DgGHfjSH98Q61gIFygS&usg=AOvVaw3Xw1M-Gdi89DxjYllM7NER,,,,,2026-08-31T19:22:45.720787,77.8,false,true,2,"{""Parkir"",""Kursi roda"",""Restoran"",""Bar"",""Tidak memiliki tempat parkir khusus pengguna kursi roda""}","{""https://lh3.googleusercontent.com/gps-cs-s/AHRPTWlsaA_mMVxM-FM70IIyfqhzxx_JFqXeBEo0ZQFKYC3TSYOdgjq4gJ60BHIMYoi4siCl_iHdD8HgMvZwCKMfMCfwpfVeZfJzEZoux6JHBFAqiPne-xbtWloRAzdwVIZx4GYAFQqMXg=s1024"",""https://lh3.googleusercontent.com/gps-cs-s/AHRPTWmkReN4prE4sDg4cTBB-TofHO8oS_9yhwSLPoUgKd2Uzz8AB1MflXvGfZv1OrUPnKrzS-lVcQyHUtBKv_vUm_W-zxKsuv7XQCJfLWrBktMhopZThU3irzcm37pXGYcqoeZJVK4U=s1024"",""https://lh3.googleusercontent.com/gps-cs-s/AHRPTWnwdRdVzyJxmVoSb4Ny1vI3tluk15N9i7Jel8MCVNohffxI9NN27nsdsU8W2KWT8zNZKV-qI6FXG49H9vwMrNI-O2byhomFaqWBzn7YK2EaKpdAvQiLGpmfyOED--wDD8BH8R230vGsGN6Y=s1024"",""https://lh3.googleusercontent.com/gps-cs-s/AHRPTWldfEfis2LJtmVOUzkR4LOFEKJGDY-tUPcihxevmt7SXVUN0AECslAnowWrJiT9sLV7mz3zqWgXC6AWHiAyNk-LVR3lPS-gpACyCDW-4Tnu_t6SMRr-dUHBtVTRCfWO5eah3Suf=s1024"",""https://lh3.googleusercontent.com/gps-cs-s/AHRPTWmOE5kD9vta4aSRX5mvO94PiLdzhhmLXBtf_uEzzU5nkKyZWjwdyhaFYFbcDUJN2voKHy5Ma7Y1OhJnbHC0RddZO4pKalsuLNQjFHAsS8NExPG88gb1_EExfLop60tYBLoWX4hbww=s1024"",""https://lh3.googleusercontent.com/gps-cs-s/AHRPTWm0XMt6HuPmeRjnFiIiKe0KhG-TiIKdFIFHJKbmEzHdSP2DMVoPwi_0Q_upOzAT7dKygVc9M1Lw8IejM_s9f38s797QC-vrlPHEkrob-356UVRzKCFg_HZCUySVz9yfSejw9mTQvw=s1024"",""https://lh3.googleusercontent.com/gps-cs-s/AHRPTWnF-qYkIe6tqKFuMT2AyuTDC8gL9PsqwZ-P8IbsNuCX-aiz7Zp2n8PE9zQcYkbwcPkQRkDR_7Hc6DFzI6rzCasgpIQ0xFRAFf9emCNyVtLWrfSIJQPSuHugX5BHn45E6Em7yuCdFQ=s1024""}",7
313a02d1-3279-54ac-a457-4fbe56e7592b,1v387bls,0x2e69f65c8572640d,ruang kampus,Universitas Tarumanagara,Universitas Swasta,{},"Jl. Letjen S. Parman No.1, RT.6/RW.16, Tomang, Kec. Grogol petamburan, Kota Jakarta Barat, Daerah Khusus Ibukota Jakarta 11440","Jl. Letjen S. Parman No.1, RT.6/RW.16, Tomang, Kec. Grogol petamburan, Kota Jakarta Barat, Daerah Khusus Ibukota Jakarta 11440","RQJQ+8R Tomang, Kota Jakarta Barat, Daerah Khusus Ibukota Jakarta",-6.1691793,106.7895017,,4.5,1418,"{""Senin"": ""08.00–17.00"", ""Selasa"": ""08.00–17.00"", ""Rabu"": ""08.00–17.00"", ""Kamis"": ""08.00–17.00"", ""Jumat"": ""08.00–17.00"", ""Sabtu"": ""09.00–14.00"", ""Minggu"": ""Tutup""}",Senin: 08.00–17.00 | Selasa: 08.00–17.00 | Rabu: 08.00–17.00 | Kamis: 08.00–17.00 | Jumat: 08.00–17.00 | Sabtu: 09.00–14.00 | Minggu: Tutup,Tutup,,,021) 56958723,/url?q=http://untar.ac.id/&opi=79508299&sa=U&ved=0ahUKEwiH04Th7cqWAxXLyDgGHX_9DcIQ61gIFygS&usg=AOvVaw0c6ftT26ytOVOFDsPzLJLU,,· $$,,,2026-08-31T19:23:27.215296,50.0,false,true,2,"{""Parkir"",""Kursi roda"",""Restoran"",""Bar"",""Memiliki pintu masuk khusus pengguna kursi roda"",""Memiliki tempat parkir khusus pengguna kursi roda""}","{""https://lh3.googleusercontent.com/gps-cs-s/AHRPTWlQ-Hn6i5ZIwMblEVwsYa5_qVwT720gGTNSar2M_LrCMb8ANVkIJ2P7K4MoLYCCELJ0RN4PHWXXT9u6dn4F6NYsnOcTHytrfIFiZ4mBs_io32g_RFQSDqezKVN_luRpfw5Pfqzm=s1024"",""https://lh3.googleusercontent.com/gps-cs-s/AHRPTWm3JZpISvF9l5p0dRhWyaz-4i0FwHpQF0niaIsmZqoJjyManofCe23uIVm3apl0FKiyfKmksFe31i23VYCdh97I19V-2YtH9aOFVNg25BsDdPvg_3xb0KriXIke-1919dBxH1wTug4i8Znz=s1024"",""https://lh3.googleusercontent.com/gps-cs-s/AHRPTWlJYYk8fVAnHeIxFcGd3uCtPH-WVZvBLg1RBDy5mTvbpVeaiLRuU_w480JUSiKHOWAsbPI7PZZnb6GyghTua-foG2-6y6S7E8ehtdY3P-FYN4Ssz7m9leRnY8waQRSWqbt_RlY-dGXBgy8=s1024"",""https://lh3.googleusercontent.com/gps-cs-s/AHRPTWl0jFMvTe9H6vNOBMtGt6seAZ3UdnEemNpB6tuWEEmIuF1XRFuqSocsCeMOtHzrog7xu8rOIv-xeq2_ji22s7YZwG68I2ZhmbMkmUgPxSyUMZYM2RIJtOlFYGkkkoxkkftBkdgGmA=s1024"",""https://lh3.googleusercontent.com/gps-cs-s/AHRPTWkg8Q-IYqYk2U96oyrPBuEwDKeJ2ME_-7iRJ6FJqQYjJ7XpC7-o2svpFlczFo48ep1ZmFMCwZQBwwFUcaUMx9mQJSItbnnsTRWwkVdeaE8L40Tk_-y0nrk2tJwHONpcIpkeOhPC=s1024"",""https://lh3.googleusercontent.com/gps-cs-s/AHRPTWnbA8uAMpJjXnTm5680d0V_xiGPkVGjxXfT2pY6Z1Tg-I1_yCA3z2TkjKhiwOhCQoySZCe3RSBuES9dgok3puM_mg1hCUkBSv28lj8xqTJbLikmGa8EQ3nfspKo83yKpOWIbjGa5Q=s1024"",""https://lh3.googleusercontent.com/gps-cs-s/AHRPTWlO7bJ_3NnwiKLm5b12C3vlAoN2eYVhDCrdPqeYFiDZlHTfJdqu15_71kq_SA7GuPOWLH86hubfrkJ2Y5SwvE2LzEerxdqo9r3gfDV-Qfh1UKmEPfZ6kf4JUrCQ1oY2I9PCqvTN=s1024"",""https://lh3.googleusercontent.com/gps-cs-s/AHRPTWnT210UYXpAu4X5HjsqmeY2cEk6bwKWJ4X4tyyybDOA8CIKR3jiXQW5YVDP1EWvvFvRquVJCZ2ff071iUsSXW48-zMrOns0GUUMYxfY0EniTLxn-xsnHka8OJsGZ1fx9ToUY3A=s1024"",""https://lh3.googleusercontent.com/gps-cs-s/AHRPTWnbH9i45s-bR-PBaNQIk-S9g8x-k14RQZ1kOCXtGh5z6bsdsHCqlH-JgcirQ0drJPSupdvl6jJIeon4fNqK6ZfT-cI5NEiBel1iil3ptqFcnUl5u6LFHuC5SzM8t3OT7uMHOs6zIg=s1024"",""https://lh3.googleusercontent.com/gps-cs-s/AHRPTWl88hxoydXcGWZDV3XBsGfWm-LyXouBbTnjhgLL3vI48-uVXzDp5B9iaZpSxRD8BD-uSMj7X-o8f-Uindz-GaJEnenzbmSaqq5gvA3IAvbAZFj4JnAGFvGzwzonb9no70EOyQsi8w=s1024""}",10
2979cb94-92a2-5530-a745-4f7772620497,11f15kc9kw,0x2e6a02d6b5f5a407,area komunal,IPAL KOMUNAL rawa Melati Mandiri,Fasilitas Pengolahan Air Limbah,{},"RW No.3 3, RT.3/RW.1, Tegal Alur, Kec. Kalideres, Kota Jakarta Barat, Daerah Khusus Ibukota Jakarta 11820","RW No.3 3, RT.3/RW.1, Tegal Alur, Kec. Kalideres, Kota Jakarta Barat, Daerah Khusus Ibukota Jakarta 11820","VPW8+QC Tegal Alur, Kota Jakarta Barat, Daerah Khusus Ibukota Jakarta",-6.103098,106.7160999,,5.0,1,,,,,,000000014901161,,,,,,2026-08-31T19:24:07.082483,0,false,false,1,"{""Parkir"",""Restoran"",""Bar""}","{""https://lh3.googleusercontent.com/gps-cs-s/AHRPTWkL_jMO5dr4ylGlvfFCCDWWbhYAiKCSYIGvk9MNWoH1Y6qRd3ZYkUmHpHthsD4_8JtEKistLH3NCNi2B181Yf6ttIylhxL4FB3OUzAnoL8FUoXxCG_T_hbRXlkZQzBrySgEidV3=s1024"",""https://lh3.googleusercontent.com/gps-cs-s/AHRPTWmvYYUbBOKvCl0_UpgEO3ryvdapZ_AL27DjwMnQ3f3Ll7a0f0hQTqOy6f8Up443EWJyHX1OfO30vNWIwm3Q55MQg1Yu-q_qd_zdcunWiQr2mzlFhkRRl-7S9JWBGLRyQ5e8yH4=s1024"",""https://lh3.googleusercontent.com/gps-cs-s/AHRPTWnfIKzAE6AMdpE4KDHYttXjZ84oJY5C0gIgRH6QMe8k021eT_eIQCI6bnWRluuOUmqyyEJ1jvDRpZDEaGOMSVqKnG9g7ITOzHQxADk0FCvkdDHqSXChl-a1xI1AbKCUJxtD8tTGSQ=s1024""}",3
d47570e4-a818-5d81-b143-d0bea7a44594,11sx5fkgpl,0x2e69f75920786f8d,area komunal,IPAL Komunal 1 Duri Utara,Kamar Mandi Umum,{},"14, RT.14/RW.2, North Duri, Tambora, West Jakarta City, Jakarta 11270","14, RT.14/RW.2, North Duri, Tambora, West Jakarta City, Jakarta 11270","RRW4+F9 Duri Utara, Kota Jakarta Barat, Daerah Khusus Ibukota Jakarta",-6.1537929,106.8059288,,5.0,1,,,,,,000000014901161,,,,,,2026-08-31T19:24:47.843462,0,false,false,2,"{""Parkir"",""Toilet"",""Restoran"",""Bar"",""Toilet·Bintang 5,0·1 ulasan·Kamar Mandi Umum"",""Public Toilet·Bintang 5,0·3 ulasan·Kamar Mandi Umum"",""TEMPAT BEOL FARHAN DAN FAISAL·Bintang 0,0·Toilet Umum Pria""}","{""https://lh3.googleusercontent.com/gps-cs-s/AHRPTWnBjZY32F_z1KZG_sFbrzIOXnWxUCIyuf8S-YTC0tCi9b6VFfxwM6nV-IJoDAMCg9T550I7zXj6f9liN_IyxH26WOwK_H0vGLmU_EzmU0dzDeRuTGBJjhCuw747zqaSuH6IMu6Dng=s1024""}",1
64a85fe1-392c-57b8-87ba-53a96fd39d1d,11sg2lmm2n,0x2e69f9b0c6ec6e09,area komunal,TMB Pulir,Taman bermain,{},"1, RT.1/RW.8, Duri Kosambi, Kecamatan Cengkareng, Kota Jakarta Barat, Daerah Khusus Ibukota Jakarta 11750","1, RT.1/RW.8, Duri Kosambi, Kecamatan Cengkareng, Kota Jakarta Barat, Daerah Khusus Ibukota Jakarta 11750","RP89+P5 Duri Kosambi, Kota Jakarta Barat, Daerah Khusus Ibukota Jakarta",-6.1832002,106.7179587,,4.1,14,"{""Senin"": ""06""}",Senin: 06,,"Jam ramai | Senin | 35% ramai pada pukul 04.00. | 50% ramai pada pukul 05.00. | 50% ramai pada pukul 06.00. | 57% ramai pada pukul 07.00. | 57% ramai pada pukul 08.00. | 50% ramai pada pukul 09.00. | 35% ramai pada pukul 10.00. | 57% ramai pada pukul 11.00. | 57% ramai pada pukul 12.00. | 78% ramai pada pukul 13.00. | 85% ramai pada pukul 14.00. | 78% ramai pada pukul 15.00. | 64% ramai pada pukul 16.00. | 64% ramai pada pukul 17.00. | 50% ramai pada pukul 18.00. | 64% ramai pada pukul 19.00. | 64% ramai pada pukul 20.00. | 64% ramai pada pukul 21.00. | 71% ramai pada pukul 22.00. | 57% ramai pada pukul 23.00. | populartimes.popup.show; focus:pane.focusTooltip; blur:pane.blurTooltip; keydown:pane.escapeTooltip""><span class=""google-symbols G47vBd OazX1c"" aria-hidden=""true"" style=""font-size: 18px;""></span></button><div class=""eho6bd"" role=""tooltip"" tabindex=""-1"" jsaction=""blur:pane.wfvdle10.populartimes.popup.hide; keydown:pane.wfvdle10.populartimes.popup.hide"" style=""display: none;""><div class=""G1Ydic""></div><div class=""wLiIdd fontBodySmall"" aria-label=""Berdasarkan kunjungan ke tempat ini.""><span>Berdasarkan kunjungan ke tempat ini.</span></div></div></div><div class=""epArK""></div><button class=""MYZx6c Hk4XGb"" jslog=""18021; track:click;metadata:WyIwYWhVS0V3aWRncWljN3NxV0F4VjB6VGdHSGRHOU5ma1E4QmNJQWlnQSJd"" aria-label=""Kembali ke hari sebelumnya"" jsaction=""pane.wfvdle10.populartimes.arrow.left""><span class=""Ups","Jam ramai | Senin | 35% ramai pada pukul 04.00. | 50% ramai pada pukul 05.00. | 50% ramai pada pukul 06.00. | 57% ramai pada pukul 07.00. | 57% ramai pada pukul 08.00. | 50% ramai pada pukul 09.00. | 35% ramai pada pukul 10.00. | 57% ramai pada pukul 11.00. | 57% ramai pada pukul 12.00. | 78% ramai pada pukul 13.00. | 85% ramai pada pukul 14.00. | 78% ramai pada pukul 15.00. | 64% ramai pada pukul 16.00. | 64% ramai pada pukul 17.00. | 50% ramai pada pukul 18.00. | 64% ramai pada pukul 19.00. | 64% ramai pada pukul 20.00. | 64% ramai pada pukul 21.00. | 71% ramai pada pukul 22.00. | 57% ramai pada pukul 23.00. | populartimes.popup.show; focus:pane.focusTooltip; blur:pane.blurTooltip; keydown:pane.escapeTooltip""><span class=""google-symbols G47vBd OazX1c"" aria-hidden=""true"" style=""font-size: 18px;""></span></button><div class=""eho6bd"" role=""tooltip"" tabindex=""-1"" jsaction=""blur:pane.wfvdle10.populartimes.popup.hide; keydown:pane.wfvdle10.populartimes.popup.hide"" style=""display: none;""><div class=""G1Ydic""></div><div class=""wLiIdd fontBodySmall"" aria-label=""Berdasarkan kunjungan ke tempat ini.""><span>Berdasarkan kunjungan ke tempat ini.</span></div></div></div><div class=""epArK""></div><button class=""MYZx6c Hk4XGb"" jslog=""18021; track:click;metadata:WyIwYWhVS0V3aWRncWljN3NxV0F4VjB6VGdHSGRHOU5ma1E4QmNJQWlnQSJd"" aria-label=""Kembali ke hari sebelumnya"" jsaction=""pane.wfvdle10.populartimes.arrow.left""><span class=""Ups",000000014901161,,,,,,2026-08-31T19:25:32.417846,0,false,false,1,"{""Parkir"",""Restoran"",""Bar""}","{""https://lh3.googleusercontent.com/gps-cs-s/AHRPTWmYt1bQ2ilyGC5VIjzwmhpe4MYSfjKnlR6swfUoLJyoIT6sBqfgzY6And6AlvLrmkS3GtzOF_fSg56c0_TGUG9jV4sT6S-3JUtF0LCg5C2lloskh55t8ip3MREIvtPiV9NXJih2=s1024"",""https://lh3.googleusercontent.com/gps-cs-s/AHRPTWlSGxiUqwIq3HIYV6WtIG2NZXl1Wx1L_Cm65vyK7l0Ug_ixtFJfiM_WLmMn9OXZ160E5fbtdaVDmqHe3t_DSi9p-MREdqzCHGE1Wh_KNaabBUZBqgCwF2Y0CKcwemo8b2Z6Ot4=s1024"",""https://lh3.googleusercontent.com/gps-cs-s/AHRPTWkGUg79JYBe0eGAGa4bK9dOLUIXgxvDVHGP1c74l4iZoTB49l9Th6m-j6lHaZcepPDtWHTbZR8snUBgdH0fxX2K_AEMEj9tY4FYvrnH-U5aNZg5Pw6mLYJyH2PABpD13ZLBG1zj=s1024"",""https://lh3.googleusercontent.com/gps-cs-s/AHRPTWmWAoeNHXbfstA4N8s8WS0JAF1BjBMtRFL3KE85vqV9dtAlMoQ4aMBIN5RubOVU79Pggg2Ybb0_71EZjpRzVcMcc50Qiy5t5pGS1EMVQxlLRsAmgR2Dd9yHuETRO4llZCnI7BOqkA=s1024"",""https://lh3.googleusercontent.com/gps-cs-s/AHRPTWljSdiegxuDZE63VUjFXj4lPmzn6o-gKttVPoKoa0DFpwJX2cxFbTp6J2bAvgvcQQQFdGqtVf9xoilwZhDWpUoHdOSi6ymrukiJtIY6GkvtA2_SCeTF8peqM11LCBw3aiZsjvv7=s1024"",""https://lh3.googleusercontent.com/gps-cs-s/AHRPTWnVyvuuqFZR-iuf2lSNf0NlAtxdHiTJwXsTWvc1tk0qNfVX6xk4VMLacknDDmjkwuVw2IKpPc99qcR8-OCtrksNNwGg2j-nSbjlqoupfWOKdgohA9ekyMnspZpuIgr4g2-jVsoQ3sdDNZE=s1024"",""https://lh3.googleusercontent.com/gps-cs-s/AHRPTWlyoRlewaTU64FIPn7n6i0exThS0kkx27HkNliUbWXvG377fAlnZG080HJzCuVcvcCt_-GQR5CT_ZK8SsFIrcdhl5n8cPl2fjTsieXpXBZAGyVR1whl8UV3aSb4A4bk5mtyAlnc=s1024"",""https://lh3.googleusercontent.com/gps-cs-s/AHRPTWmw25QCNgtoXtZQNPIPogiuysBsOmDbL5j7LXRjVR9YQ4f5NKivp0hkclDvM4Rt8z0xlJBR6p1bml2NxaypM5jdbyI_drC-4_6aL8VHskMG12bwjhsFnNdiclyeRpBU-7AhJto5=s1024""}",8
7cc3f037-be81-5e41-a330-388b29d1bdb0,11jcw7t0cb,0x2e69f9de1e01bb7d,area komunal,Jakarta Barat Wall Climbing Park,Panjat Tebing,{},"Jl. Cendrawasih X No.1 1, RT.6/RW.6, Cengkareng Bar., Kecamatan Cengkareng, Kota Jakarta Barat, Daerah Khusus Ibukota Jakarta 11730","Jl. Cendrawasih X No.1 1, RT.6/RW.6, Cengkareng Bar., Kecamatan Cengkareng, Kota Jakarta Barat, Daerah Khusus Ibukota Jakarta 11730","VP4C+G9 Cengkareng Bar., Kota Jakarta Barat, Daerah Khusus Ibukota Jakarta",-6.143716,106.720879,,5.0,12,"{""Senin"": ""14.00–20.00"", ""Selasa"": ""14.00–20.00"", ""Rabu"": ""14.00–20.00"", ""Kamis"": ""14.00–20.00"", ""Jumat"": ""Tutup"", ""Sabtu"": ""10.00–21.00"", ""Minggu"": ""10.00–21.00""}",Senin: 14.00–20.00 | Selasa: 14.00–20.00 | Rabu: 14.00–20.00 | Kamis: 14.00–20.00 | Jumat: Tutup | Sabtu: 10.00–21.00 | Minggu: 10.00–21.00,Tutup,,,000000014901161,,,,,,2026-08-31T19:26:13.552938,46.0,false,true,2,"{""Parkir"",""AC"",""Restoran"",""Bar""}","{""https://lh3.googleusercontent.com/gps-cs-s/AHRPTWmTqWcdBPKf43S3GzjxISIlEnwuHnOJ6mZAYMvRYrRhU9vm6wU3kBvv99G2SAQ97ssl-sjueX0ERC8NSw3HLjKBAEuEC-1O6yJ4GwaprfRPtVXQknvlK2Jnkb6Cgc7_x-ojpLGO4AvTrK7M=s1024"",""https://lh3.googleusercontent.com/gps-cs-s/AHRPTWmv6DgBtrwsjcc9iKHe_7RewCcshr0Y2bUpJjpftL_4VJwAHp2NiR4YUrNrJ9vntHc9FT3JbHUuX_3tHcozB0jMYL763i8tT-ESBoTK_aOapSrHQ-_N7eYWK8d4gZnjDQSGtCzmv40XVdUH=s1024"",""https://lh3.googleusercontent.com/gps-cs-s/AHRPTWkddy6RCAyUQXS8a2GEK4fmGVeAuYXphdy7Em9PvM4b7B_fePwaVWehuqXwxIkniBC_uyGa2NKzYACAO4cfY6MrZYwl_0r4MGltCRK9SGd4jdTJovUmUgcKtJSkJqo6QmB0O0nAw7KmQy1_=s1024"",""https://lh3.googleusercontent.com/gps-cs-s/AHRPTWlznOCE9f-6CVR0_RTzOY_qjLgjK_FMeTVTFVfdn2pExTbpJ7LshFuI1D53YpxlpSuc3NXLmxYtHSiRUp1PKducsjz50aDf5eOk-9uIt4vavsL7cxn2pDmbusmzdkeDpyow7kWtlOQtUDlz=s1024"",""https://lh3.googleusercontent.com/gps-cs-s/AHRPTWmZG1nt_XQ0IlQl1mHa93c5VnkivmdWmf5tr20HPE1gl66FgNTzhOs14zOV_shFea_A0hf4dF514_kNkVHcE6aXJsTZClb2WihtNI0eHydoc3QEDAH_lTEhi9E609X4gqGvyhM_=s1024"",""https://lh3.googleusercontent.com/gps-cs-s/AHRPTWmDWOKj3_MhANcIw502lD-NdrfMelUka7D_Ph3XzZUk_9i7wh5IWxUUykuDDDtvLPp8HkfSe0yO0A6wqClSM5fsf9RTDjKmoFim3Ftu5Mi_K44wGwYlfR1fvZetZptk1ngvOpTZ=s1024"",""https://lh3.googleusercontent.com/gps-cs-s/AHRPTWmse37bqg1nE3Oa325mGI9anBWYHu-MdSyvdOyPD1pNuDW6l5ZODCs98e89fyuW1ad4RsEnEOtKRFdUEgDMHubA0p3uhPi84T_kwE9HNYDyfAU7aUSoEGuFuzbWgrE4A0Pnw0nmtgZWhGmk=s1024"",""https://lh3.googleusercontent.com/gps-cs-s/AHRPTWkO-2JsQPxCCvDE7C2UfRTWYWV9IjJEYXjYtEmrSROaqvMxl09UB9-ReqGLRYnNqb8THU0THKPvJYbicNQ2ZRmMKCn3xvZ6mUfiUmpndpE-OUGe1A0KNkvrswfogRhe9Pj_bzQ=s1024"",""https://lh3.googleusercontent.com/gps-cs-s/AHRPTWnTEnl2wMN4j8FFpsSVzBCOFSzj9ernu8iCANRWlsNfhdkD19YlPxgP50Vrj79OZpgkLdeizb624XabnhcP9Av7B8hR4r4hZkUJ-E-aiawbqhycAzxgN1rgLi1LtuOZdOb4XWk=s1024""}",9
2751ea45-2c70-570e-a954-8418509ac20e,11vqhzz0bf,0x2e69f7006f1e82a5,area komunal,lokasi,Perancang Acara,{},"Jl. Jelambar Utama Sakti VIII No.16 9, RT.9/RW.7, Wijaya Kusuma, Kec. Grogol petamburan, Kota Jakarta Barat, Daerah Khusus Ibukota Jakarta 11460","Jl. Jelambar Utama Sakti VIII No.16 9, RT.9/RW.7, Wijaya Kusuma, Kec. Grogol petamburan, Kota Jakarta Barat, Daerah Khusus Ibukota Jakarta 11460","RQWG+QX Wijaya Kusuma, Kota Jakarta Barat, Daerah Khusus Ibukota Jakarta",-6.153049,106.7774701,,1.0,1,,,,,,000000014901161,,,,,,2026-08-31T19:26:53.439696,0,false,false,1,"{""Parkir"",""Restoran"",""Bar""}","{""https://lh3.googleusercontent.com/gps-cs-s/AHRPTWnj6Fz_phkWkNDo7KPZxZgQmb56zFw3RZ39ie3wMhs6qDqS1nkPn-VpwlkkyyhH_llRWC2MfCAnRQfwilwNa4W53PyzGIhz7BxFKzBlIt6BYUOZJSwSED1XFdx0Hs16D2xv11uo=s1024""}",1
70bb9df4-c86f-59ca-a44c-95757caff252,11vwhls3sg,0x2e69f70014a1c625,area komunal,Rumah pompa green garden,Kantor Pemerintah,{},"No.60 KM 10, Jl. Daan Mogot, RT.15/RW.2, Kedaung Kali Angke, Kecamatan Cengkareng, Kota Jakarta Barat, Daerah Khusus Ibukota Jakarta 11710","No.60 KM 10, Jl. Daan Mogot, RT.15/RW.2, Kedaung Kali Angke, Kecamatan Cengkareng, Kota Jakarta Barat, Daerah Khusus Ibukota Jakarta 11710","RQR6+G6 Kedaung Kali Angke, Kota Jakarta Barat, Daerah Khusus Ibukota Jakarta",-6.1586778,106.7605116,,4.5,2,,,,,,000000014901161,,,,,,2026-08-31T19:27:34.175465,0,false,false,1,"{""Parkir"",""Restoran"",""Bar""}","{""https://lh3.googleusercontent.com/gps-cs-s/AHRPTWkNrb6g32ubc77Dh6zSC_U6ahk04zNfXd2oVWrhpp3BsW0CoaP9tZ3HxxWIIQpqEEUFyRSEfTbGT-qQTnf8hdhz5t3pREKTqhgTRGAT24b0Ib8S-hkT_L3gL3--ssCtz2cBRxNBm8uJexUb=s1024"",""https://lh3.googleusercontent.com/gps-cs-s/AHRPTWlL9lflS6MS0Lo7N3pgenvaHfFj5eVg5vd2_9sOgot3KZ_0SrnFBTsMk4X2kgJCPLJXhOVBRPIcJZSyJ5fT15UyydSm0pp9aEBWNXCYGvR1z29YG4HqE-6ltWEXW-OdVGH4NSpC=s1024"",""https://lh3.googleusercontent.com/gps-cs-s/AHRPTWlxJD_3z6atqjVZEphGMk28gB_AinwpZm060hq-RXTBHyHqFjdXi1Zcme3vrZ0Bd97jygrvGLZigSbAWQSR4P1LGErmpjhwa6m9R9Jn7mH0fEFXcsF8z6pr-RcV6G4KwIiY82Za=s1024""}",3
9c2cb282-c337-52ed-b17c-acfe50f508f8,11x34dlpvg,0x2e69f5003cc88887,area komunal,Komunal Sunter,Restoran Indonesia,{},"VV4F+RCP, Jl. Agung Indah 3, RT.15/RW.16, Sunter Agung, Kec. Tj. Priok, Jkt Utara, Daerah Khusus Ibukota Jakarta 14350","VV4F+RCP, Jl. Agung Indah 3, RT.15/RW.16, Sunter Agung, Kec. Tj. Priok, Jkt Utara, Daerah Khusus Ibukota Jakarta 14350","VV4F+RCP, Jl. Agung Indah 3, RT.15/RW.16, Sunter Agung, Kec. Tj. Priok, Jkt Utara, Daerah Khusus Ibukota Jakarta 14350",-6.1429046,106.8735637,,4.6,77,,,,,,000000014901161,,Rp 25–50,·Rp 25–50 rb,Rp 25–50,,2026-08-31T19:28:15.857512,0,false,false,2,"{""Parkir"",""Toilet"",""Restoran"",""Bar"",""Ada toilet"",""Banyak tempat parkir"",""Parkir di jalan berbayar""}","{""https://lh3.googleusercontent.com/gps-cs-s/AHRPTWk1SS_itPeVlE74v23y1ARkjimnlK5GBnvq-jsy6UgHDyL0xojnYYkvBDKuzjUb1XWDzaEM2II8P7hNTVbfLv64YMILt_1d6dSh4FoH9sqdLLWOSmk4eNfjuS7Bavy1sh_lrtgXmGO54Y4=s1024"",""https://lh3.googleusercontent.com/gps-cs-s/AHRPTWmqUWMZRxbsrLMZ7VV4egAnai_hrronerQ1F-0w-6VCvBeFCL8lR3Y4qwi-827PRt3vQFr-394LLmChsuG78Bxxjz7qvImDn4H9eFNqUjjj1aPomfpRImqGbSYdxd55obymogAuhOSJmPp4=s1024"",""https://lh3.googleusercontent.com/gps-cs-s/AHRPTWlqlRthQDlBQFhpxrVd6Exwi5mttnteiQ-z7DwRAdASVVKKfoUnxaC9A3BegTHxF4s1ihmUND0NFrVhtoNAvf6t1GxInPuG4_wEV4tFIGNLEp5iRbBuRzk6f27HBxfgGWe7ejYf=s1024"",""https://lh3.googleusercontent.com/gps-cs-s/AHRPTWkK0yBcsl56ldmzmPW_n4WdRhwqHxw_259viWEu6sr6jgxu_xK5ahOgUpWd5o8fp0Jxr7U_XH-VrALrpovFpB02Xo6Z7DiUb9IGxL8F7jv-rvTLaivrZG339D_xjNGNd0TWl6nwBztqOjkQ=s1024"",""https://lh3.googleusercontent.com/gps-cs-s/AHRPTWn2mzzI-uxQWq_pB7qj05S02yK35mXXqFBOm-eGAfEhYNIzg7RGlngjnqHvVvRdQxxchOlUw4v489HDoaUo3_2OU8vUEOV_ivhKeDW9VOQN_5dNM9ByVVihLtkJBwPhxZxNU5JGbTOe864L=s1024"",""https://lh3.googleusercontent.com/gps-cs-s/AHRPTWlH_wT2D6K7k1A8nYiYKh1i3d87s-yqbmcnJKMMSa9vg-Nu7dkkrnikmoYBWTwPnkmnZyQXsyNZmw2Hg6zNs0fWSwMNuBv2YSctPdXGapVQw34ht7Ms2xSAI4ptSbNA0koH0Ik1gOK_c-Zh=s1024"",""https://lh3.googleusercontent.com/gps-cs-s/AHRPTWlaw7EpykgvRV6S7IiY3qlXRjUbFf4d_uVOJnh3bKdbnomo-du97BQjy5CRCNklcMtClHKbV1L3isTVZxAlz6hZZx7WZ1HI9s6AWCvrnCWyvlkFsAKQES6xTdhom9eVgdyGS1k9=s1024"",""https://lh3.googleusercontent.com/gps-cs-s/AHRPTWncjcSiNRFd00SGJDPZ8PauaWi3H5HuYzl_8ET_Hmz5Kg768-7nZyXuiuds-l2MvLaRoV1sqxB_zfJMYjO7ivXMgZKYwrH6OXX5M2TBh9yxUi4qHPdJE9GuHxpthp33qFP1VEB56x-DqgjK=s1024"",""https://lh3.googleusercontent.com/gps-cs-s/AHRPTWkPqIkWfxXX9d3kZCBP_7DcWnnsXvTf7vgPCcitCVERtB49UZhVv6EayvTNGt2MlCVCRCm8ba6JJbrvXhDTGPC_QiaxOF75e5LH-8q6ggC_1F5GBy6n4LRiltQyp3lIgGfQ-msMWPmRbm-Y=s1024""}",9
f1d2ebe8-66e7-53af-a7ba-2fa373932bc4,11fj48t4nr,0x2e69f34e005398f7,area komunal,Komunal Cafe,Kedai Kopi,{},"Jl. Jenderal Basuki Rachmat No.116 2, RT.2/RW.3, Pd. Bambu, Kec. Duren Sawit, Kota Jakarta Timur, Daerah Khusus Ibukota Jakarta 13430","Jl. Jenderal Basuki Rachmat No.116 2, RT.2/RW.3, Pd. Bambu, Kec. Duren Sawit, Kota Jakarta Timur, Daerah Khusus Ibukota Jakarta 13430","QVCV+6G Pd. Bambu, Kota Jakarta Timur, Daerah Khusus Ibukota Jakarta",-6.2294403,106.8938288,,4.4,81,"{""Senin"": ""10.00–00.00"", ""Selasa"": ""10.00–00.00"", ""Rabu"": ""12.00–00.00"", ""Kamis"": ""10.00–00.00"", ""Jumat"": ""10.00–00.00"", ""Sabtu"": ""10.00–00.00"", ""Minggu"": ""08.30–00.00""}",Senin: 10.00–00.00 | Selasa: 10.00–00.00 | Rabu: 12.00–00.00 | Kamis: 10.00–00.00 | Jumat: 10.00–00.00 | Sabtu: 10.00–00.00 | Minggu: 08.30–00.00,Buka · Tutup pukul 00.00,"Jam ramai | Senin | 0% ramai pada pukul 06.00. | 0% ramai pada pukul 07.00. | 32% ramai pada pukul 08.00. | 35% ramai pada pukul 09.00. | 41% ramai pada pukul 10.00. | 44% ramai pada pukul 11.00. | 52% ramai pada pukul 12.00. | 52% ramai pada pukul 13.00. | 50% ramai pada pukul 14.00. | 61% ramai pada pukul 15.00. | 73% ramai pada pukul 16.00. | 79% ramai pada pukul 17.00. | 85% ramai pada pukul 18.00. | 88% ramai pada pukul 19.00. | 94% ramai pada pukul 20.00. | 94% ramai pada pukul 21.00. | 91% ramai pada pukul 22.00. | 61% ramai pada pukul 23.00. | populartimes.popup.show; focus:pane.focusTooltip; blur:pane.blurTooltip; keydown:pane.escapeTooltip""><span class=""google-symbols G47vBd OazX1c"" aria-hidden=""true"" style=""font-size: 18px;""></span></button><div class=""eho6bd"" role=""tooltip"" tabindex=""-1"" jsaction=""blur:pane.wfvdle10.populartimes.popup.hide; keydown:pane.wfvdle10.populartimes.popup.hide"" style=""display: none;""><div class=""G1Ydic""></div><div class=""wLiIdd fontBodySmall"" aria-label=""Berdasarkan kunjungan ke tempat ini.""><span>Berdasarkan kunjungan ke tempat ini.</span></div></div></div><div class=""epArK""></div><button class=""MYZx6c Hk4XGb"" jslog=""18021; track:click;metadata:WyIwYWhVS0V3aXFvcnYtN3NxV0F4VWZ5RGdHSGRWckxTTVE4QmNJQWlnQSJd"" aria-label=""Kembali ke hari sebelumnya"" jsaction=""pane.wfvdle10.populartimes.arrow.left""><span class=""Ups","Jam ramai | Senin | 0% ramai pada pukul 06.00. | 0% ramai pada pukul 07.00. | 32% ramai pada pukul 08.00. | 35% ramai pada pukul 09.00. | 41% ramai pada pukul 10.00. | 44% ramai pada pukul 11.00. | 52% ramai pada pukul 12.00. | 52% ramai pada pukul 13.00. | 50% ramai pada pukul 14.00. | 61% ramai pada pukul 15.00. | 73% ramai pada pukul 16.00. | 79% ramai pada pukul 17.00. | 85% ramai pada pukul 18.00. | 88% ramai pada pukul 19.00. | 94% ramai pada pukul 20.00. | 94% ramai pada pukul 21.00. | 91% ramai pada pukul 22.00. | 61% ramai pada pukul 23.00. | populartimes.popup.show; focus:pane.focusTooltip; blur:pane.blurTooltip; keydown:pane.escapeTooltip""><span class=""google-symbols G47vBd OazX1c"" aria-hidden=""true"" style=""font-size: 18px;""></span></button><div class=""eho6bd"" role=""tooltip"" tabindex=""-1"" jsaction=""blur:pane.wfvdle10.populartimes.popup.hide; keydown:pane.wfvdle10.populartimes.popup.hide"" style=""display: none;""><div class=""G1Ydic""></div><div class=""wLiIdd fontBodySmall"" aria-label=""Berdasarkan kunjungan ke tempat ini.""><span>Berdasarkan kunjungan ke tempat ini.</span></div></div></div><div class=""epArK""></div><button class=""MYZx6c Hk4XGb"" jslog=""18021; track:click;metadata:WyIwYWhVS0V3aXFvcnYtN3NxV0F4VWZ5RGdHSGRWckxTTVE4QmNJQWlnQSJd"" aria-label=""Kembali ke hari sebelumnya"" jsaction=""pane.wfvdle10.populartimes.arrow.left""><span class=""Ups",0856-9265-9970,/url?q=https://www.zomato.com/id/jakarta/kedai-komunal-jatinegara&opi=79508299&sa=U&ved=0ahUKEwiqorv-7sqWAxUfyDgGHdVrLSMQ61gIHSgS&usg=AOvVaw1Wg-CCX7SA9ljbEZIl2cGu,Rp 25–100,·Rp 25–100 rb,Rp 25–100,,2026-08-31T19:28:57.773326,97.5,false,true,2,"{""Parkir"",""Toilet"",""Parkir gratis"",""Reservasi"",""Restoran"",""Bar"",""Menyediakan layanan pesan tempat"",""Ada toilet"",""Ada toilet netral gender"",""Menerima reservasi"",""Tempat parkir gratis""}","{""https://lh3.googleusercontent.com/gps-cs-s/AHRPTWlWkPKD7vFWpa10M7cKHaeb41ykp_X2dHW8M7zEnLTMnDtDIre0L20f5OydnXBnaF1kq93KwnKEpQxkq9HBeXv6S25_mNBFO_w0lkCqZvGYwkjOpPgl1EPGnATnkyCo4CA43dIJSw=s1024"",""https://lh3.googleusercontent.com/gps-cs-s/AHRPTWnYP7fAViqJtYO8Ycu3YvtFxv879eyzJYp77Vv-HjMSs5jNJ4pySeCpDWSWBgMEk6gOhJAVqJxNbCkPYWY1OEqr46lihA2v9NNCFC0ltX7_9RY795CCAqEI_xxeFVQMvHX_Fghw=s1024"",""https://lh3.googleusercontent.com/gps-cs-s/AHRPTWk2NqhPAihSkp4Li69dboUS6XTT3Bb4lfrk2eTrGoqetC5B2TS-N_HKxSVRsXd4UrGNTSHZuGoNMT42fpHg_CgduaPrNnh9iaLHP7alap1FyfmTWvSArep7TZ4N88I37t2R7Z8F=s1024"",""https://lh3.googleusercontent.com/gps-cs-s/AHRPTWkxQ95URhcld4j9OYFv0WirG0ducxEFNMeEi-q3tNvoAaZdKwoCDceCXQIt5cggE2b_DGsiOpU52GHqZdGP8_Z9MHWzhol3Gnh-4gIYeR7LYsIukS_EBOeYHQ_n5m2ve1dULS9m6Q=s1024"",""https://lh3.googleusercontent.com/gps-cs-s/AHRPTWkEIm2IOjGLem1JbIMGLnIE3uzkxhYnmNpTejusDeuQX7SOgwbowjdZG_I8nTuxMW3bzetndcil_qTF8KCo-CGQagEGAKkUoZk5WwUqy6gE8SZ1uVZCB_hkW2Lq8PXfZoA1cE0=s1024"",""https://lh3.googleusercontent.com/gps-cs-s/AHRPTWmUNDp-ug3UbxVK1TD7iCB16gnjEeUqsXxbXa_Vwg4a7zJ2TUYKYCJUE3Jtup0MGkAjLVFtRtvhavWOUUDxKQcl0te-rudLIsARIiweXE8Nz2PUI-nQIIXEHFB-tUt7hY3dxnAS=s1024"",""https://lh3.googleusercontent.com/gps-cs-s/AHRPTWlTyyvoOYYRpuf9az6sxgs4BabX701PiscC4TGMXAz8lt8WbXKfYeFkm_hhUupdcjNi0bm4pavml8ZCBaJijOeoH_TCjTMUQxgVLUKHLDG7vdj2ZOogdBwqV5eMwnJbNUhQaiTi3A=s1024"",""https://lh3.googleusercontent.com/gps-cs-s/AHRPTWlyc3sPsSHFuUTA8OpKLx9Quh_4w2RYR8wCAKFO8z8frnMg1AFtIKCtR8x-7C3DFwu-cScKmgTJt3STxH8zr2YZGjEMYnv9Utm5mdxKIG_fTBikHzAWaR1ZUrMw9hmhuaHTMdnFmg=s1024"",""https://lh3.googleusercontent.com/gps-cs-s/AHRPTWmyAHuZi0TrWF9eJhWg8PvyyuIzMflKiODTRs6YQyloqU0ZkEh7fYtB7h6gryLsRyr48u07AvKUy8jpw5eRxn7nllypXI9cr1wNfFrKvOXurPqeZWIZO42lIgivCgSnzFj9F0ra=s1024""}",9
bf6a5469-4d80-5fec-bc94-27a66b0879a3,11k3r4v65b,0x2e69f7a408554063,balai warga,BALAI WARGA,Tempat Parkir,{},"Jl. Klingkit No.12, RT.12/RW.11, Rw. Buaya, Kecamatan Cengkareng, Kota Jakarta Barat, Daerah Khusus Ibukota Jakarta 11740","Jl. Klingkit No.12, RT.12/RW.11, Rw. Buaya, Kecamatan Cengkareng, Kota Jakarta Barat, Daerah Khusus Ibukota Jakarta 11740","RPPV+PF Rw. Buaya, Kota Jakarta Barat, Daerah Khusus Ibukota Jakarta",-6.1632391,106.7437363,,4.0,4,,,,,,000000014901161,,,,,,2026-08-31T19:29:37.827296,0,false,false,1,"{""Parkir"",""Restoran"",""Bar"",""Jakarta barat well·Bintang 0,0·Tempat Parkir""}","{""https://lh3.googleusercontent.com/gps-cs-s/AHRPTWmE7FY09uaB1OHfEuY6DW2j0wfubaDEbTAxY6vIlkeBh6NO4uUknri-67cpMNA4l0DXyXhmhbJ42jxzvU4zx5BebFQi-e8rKE-JXqaF9TSHeMasdNNvSEAHGz0TS2VGxxwdsT141Q=s1024""}",1
ba2ce913-651a-58f4-8236-31b514e87085,11w_ndrw76,0x2e69f70026413c37,balai warga,Balai warga RT 1 RW 14,Balai masyarakat,{},"VP5R+926, Jl. Bakti Jl. Pedongkelan Belakang, RT.1/RW.14, Cengkareng Tim., Kecamatan Cengkareng, Kota Jakarta Barat, Daerah Khusus Ibukota Jakarta 11730","VP5R+926, Jl. Bakti Jl. Pedongkelan Belakang, RT.1/RW.14, Cengkareng Tim., Kecamatan Cengkareng, Kota Jakarta Barat, Daerah Khusus Ibukota Jakarta 11730","VP5R+926, Jl. Bakti Jl. Pedongkelan Belakang, RT.1/RW.14, Cengkareng Tim., Kecamatan Cengkareng, Kota Jakarta Barat, Daerah Khusus Ibukota Jakarta 11730",-6.141586,106.7400094,,5.0,12,"{""Senin"": ""Buka 24 jam"", ""Selasa"": ""Buka 24 jam"", ""Rabu"": ""Buka 24 jam"", ""Kamis"": ""Buka 24 jam"", ""Jumat"": ""Buka 24 jam"", ""Sabtu"": ""Buka 24 jam"", ""Minggu"": ""Buka 24 jam""}",Senin: Buka 24 jam | Selasa: Buka 24 jam | Rabu: Buka 24 jam | Kamis: Buka 24 jam | Jumat: Buka 24 jam | Sabtu: Buka 24 jam | Minggu: Buka 24 jam,Buka 24 jam,"Jam ramai | Senin | 32% ramai pada pukul 04.00. | 31% ramai pada pukul 05.00. | 37% ramai pada pukul 06.00. | 46% ramai pada pukul 07.00. | 51% ramai pada pukul 08.00. | 54% ramai pada pukul 09.00. | 59% ramai pada pukul 10.00. | 59% ramai pada pukul 11.00. | 53% ramai pada pukul 12.00. | 43% ramai pada pukul 13.00. | 43% ramai pada pukul 14.00. | 42% ramai pada pukul 15.00. | 48% ramai pada pukul 16.00. | 54% ramai pada pukul 17.00. | 59% ramai pada pukul 18.00. | 70% ramai pada pukul 19.00. | 75% ramai pada pukul 20.00. | 89% ramai pada pukul 21.00. | 100% ramai pada pukul 22.00. | 100% ramai pada pukul 23.00. | populartimes.popup.show; focus:pane.focusTooltip; blur:pane.blurTooltip; keydown:pane.escapeTooltip""><span class=""google-symbols G47vBd OazX1c"" aria-hidden=""true"" style=""font-size: 18px;""></span></button><div class=""eho6bd"" role=""tooltip"" tabindex=""-1"" jsaction=""blur:pane.wfvdle10.populartimes.popup.hide; keydown:pane.wfvdle10.populartimes.popup.hide"" style=""display: none;""><div class=""G1Ydic""></div><div class=""wLiIdd fontBodySmall"" aria-label=""Berdasarkan kunjungan ke tempat ini.""><span>Berdasarkan kunjungan ke tempat ini.</span></div></div></div><div class=""epArK""></div><button class=""MYZx6c Hk4XGb"" jslog=""18021; track:click;metadata:WyIwYWhVS0V3amJoTU9sNzhxV0F4VVB5cUFDSFU5MUdzNFE4QmNJQWlnQSJd"" aria-label=""Kembali ke hari sebelumnya"" jsaction=""pane.wfvdle10.populartimes.arrow.left""><span class=""Ups","Jam ramai | Senin | 32% ramai pada pukul 04.00. | 31% ramai pada pukul 05.00. | 37% ramai pada pukul 06.00. | 46% ramai pada pukul 07.00. | 51% ramai pada pukul 08.00. | 54% ramai pada pukul 09.00. | 59% ramai pada pukul 10.00. | 59% ramai pada pukul 11.00. | 53% ramai pada pukul 12.00. | 43% ramai pada pukul 13.00. | 43% ramai pada pukul 14.00. | 42% ramai pada pukul 15.00. | 48% ramai pada pukul 16.00. | 54% ramai pada pukul 17.00. | 59% ramai pada pukul 18.00. | 70% ramai pada pukul 19.00. | 75% ramai pada pukul 20.00. | 89% ramai pada pukul 21.00. | 100% ramai pada pukul 22.00. | 100% ramai pada pukul 23.00. | populartimes.popup.show; focus:pane.focusTooltip; blur:pane.blurTooltip; keydown:pane.escapeTooltip""><span class=""google-symbols G47vBd OazX1c"" aria-hidden=""true"" style=""font-size: 18px;""></span></button><div class=""eho6bd"" role=""tooltip"" tabindex=""-1"" jsaction=""blur:pane.wfvdle10.populartimes.popup.hide; keydown:pane.wfvdle10.populartimes.popup.hide"" style=""display: none;""><div class=""G1Ydic""></div><div class=""wLiIdd fontBodySmall"" aria-label=""Berdasarkan kunjungan ke tempat ini.""><span>Berdasarkan kunjungan ke tempat ini.</span></div></div></div><div class=""epArK""></div><button class=""MYZx6c Hk4XGb"" jslog=""18021; track:click;metadata:WyIwYWhVS0V3amJoTU9sNzhxV0F4VVB5cUFDSFU5MUdzNFE4QmNJQWlnQSJd"" aria-label=""Kembali ke hari sebelumnya"" jsaction=""pane.wfvdle10.populartimes.arrow.left""><span class=""Ups",000000014901161,,,,,,2026-08-31T19:30:18.522223,168,true,true,1,"{""Parkir"",""Restoran"",""Bar""}","{""https://lh3.googleusercontent.com/gps-cs-s/AHRPTWk_peSvGGTJpP36n6DA9A_qhsDRJAMhJz2PHn3CtnVSj_qPS1YKfwQxiuJMh_35KZclp1ntwiadVJaJfs9_OlUV1gdg9Sjr-S1X4_X8VClROX7X5m2lwjDjik5lwVs_sD-7tOVSmkewuB8=s1024"",""https://lh3.googleusercontent.com/gps-cs-s/AHRPTWldYlnMmN-YqZCpV-JnvW4fGV2p2vgBRATFrdnUBq35-O0hpAoSB77aG3AF4mi5GQvPRZre018LCdB46ZBTH-kMphCGsyt1OyqudZJssEZ1XESrBh-o0yiaaBbcqV5-HvdVyZWQD4G1IxHG=s1024"",""https://lh3.googleusercontent.com/gps-cs-s/AHRPTWlTIh9voD4x2ubgxqFDHHk-SxpY0OFnO3blcTp-oNCMRF1F2VclOUnbnDaltYHj0MrTbPDGvfgSfs1vGJj91zwZWjUGfZV5Y5KTHlsWtKSpp1pkF1wlyTgZODN0Y707-jRrzy-Z=s1024"",""https://lh3.googleusercontent.com/gps-cs-s/AHRPTWl9HHLrcOn_smU2qBfBCbJ13sQ2naA4m7ppoNZ6bDqFB8GNHNRjJDP47XzVIAzBoxVa-Vj9mZ4HswFRvhdE0YizEVCXa8sV4EA2EC8Q5LzE4gjAuYYxDd1qjSFf7rU5zkDO198=s1024""}",4
4a7fd413-e919-5062-87be-d9db3e3dbd4a,11l379tsfw,0x2e69f77a98a1ac33,balai warga,Balai Warga Moneter,Taman bermain,{},"Jl. Moneter, RT.5/RW.3, Kembangan Sel., Kec. Kembangan, Kota Jakarta Barat, Daerah Khusus Ibukota Jakarta 11520","Jl. Moneter, RT.5/RW.3, Kembangan Sel., Kec. Kembangan, Kota Jakarta Barat, Daerah Khusus Ibukota Jakarta 11520","RPCX+7V Kembangan Sel., Kota Jakarta Barat, Daerah Khusus Ibukota Jakarta",-6.1793563,106.74968,,5.0,34,"{""Senin"": ""Buka 24 jam"", ""Selasa"": ""Buka 24 jam"", ""Rabu"": ""Buka 24 jam"", ""Kamis"": ""Buka 24 jam"", ""Jumat"": ""Buka 24 jam"", ""Sabtu"": ""Buka 24 jam"", ""Minggu"": ""Buka 24 jam""}",Senin: Buka 24 jam | Selasa: Buka 24 jam | Rabu: Buka 24 jam | Kamis: Buka 24 jam | Jumat: Buka 24 jam | Sabtu: Buka 24 jam | Minggu: Buka 24 jam,Buka 24 jam,"Jam ramai | Senin | 62% ramai pada pukul 04.00. | 68% ramai pada pukul 05.00. | 75% ramai pada pukul 06.00. | 81% ramai pada pukul 07.00. | 75% ramai pada pukul 08.00. | 75% ramai pada pukul 09.00. | 37% ramai pada pukul 10.00. | 31% ramai pada pukul 11.00. | 43% ramai pada pukul 12.00. | 62% ramai pada pukul 13.00. | 68% ramai pada pukul 14.00. | 75% ramai pada pukul 15.00. | 68% ramai pada pukul 16.00. | 68% ramai pada pukul 17.00. | 43% ramai pada pukul 18.00. | 31% ramai pada pukul 19.00. | 37% ramai pada pukul 20.00. | 43% ramai pada pukul 21.00. | 75% ramai pada pukul 22.00. | 81% ramai pada pukul 23.00. | populartimes.popup.show; focus:pane.focusTooltip; blur:pane.blurTooltip; keydown:pane.escapeTooltip""><span class=""google-symbols G47vBd OazX1c"" aria-hidden=""true"" style=""font-size: 18px;""></span></button><div class=""eho6bd"" role=""tooltip"" tabindex=""-1"" jsaction=""blur:pane.wfvdle10.populartimes.popup.hide; keydown:pane.wfvdle10.populartimes.popup.hide"" style=""display: none;""><div class=""G1Ydic""></div><div class=""wLiIdd fontBodySmall"" aria-label=""Berdasarkan kunjungan ke tempat ini.""><span>Berdasarkan kunjungan ke tempat ini.</span></div></div></div><div class=""epArK""></div><button class=""MYZx6c Hk4XGb"" jslog=""18021; track:click;metadata:WyIwYWhVS0V3aXZvUGE0NzhxV0F4VzJ3emdHSGZhNkpBSVE4QmNJQWlnQSJd"" aria-label=""Kembali ke hari sebelumnya"" jsaction=""pane.wfvdle10.populartimes.arrow.left""><span class=""Ups","Jam ramai | Senin | 62% ramai pada pukul 04.00. | 68% ramai pada pukul 05.00. | 75% ramai pada pukul 06.00. | 81% ramai pada pukul 07.00. | 75% ramai pada pukul 08.00. | 75% ramai pada pukul 09.00. | 37% ramai pada pukul 10.00. | 31% ramai pada pukul 11.00. | 43% ramai pada pukul 12.00. | 62% ramai pada pukul 13.00. | 68% ramai pada pukul 14.00. | 75% ramai pada pukul 15.00. | 68% ramai pada pukul 16.00. | 68% ramai pada pukul 17.00. | 43% ramai pada pukul 18.00. | 31% ramai pada pukul 19.00. | 37% ramai pada pukul 20.00. | 43% ramai pada pukul 21.00. | 75% ramai pada pukul 22.00. | 81% ramai pada pukul 23.00. | populartimes.popup.show; focus:pane.focusTooltip; blur:pane.blurTooltip; keydown:pane.escapeTooltip""><span class=""google-symbols G47vBd OazX1c"" aria-hidden=""true"" style=""font-size: 18px;""></span></button><div class=""eho6bd"" role=""tooltip"" tabindex=""-1"" jsaction=""blur:pane.wfvdle10.populartimes.popup.hide; keydown:pane.wfvdle10.populartimes.popup.hide"" style=""display: none;""><div class=""G1Ydic""></div><div class=""wLiIdd fontBodySmall"" aria-label=""Berdasarkan kunjungan ke tempat ini.""><span>Berdasarkan kunjungan ke tempat ini.</span></div></div></div><div class=""epArK""></div><button class=""MYZx6c Hk4XGb"" jslog=""18021; track:click;metadata:WyIwYWhVS0V3aXZvUGE0NzhxV0F4VzJ3emdHSGZhNkpBSVE4QmNJQWlnQSJd"" aria-label=""Kembali ke hari sebelumnya"" jsaction=""pane.wfvdle10.populartimes.arrow.left""><span class=""Ups",000000014901161,,,,,,2026-08-31T19:31:00.091925,168,true,true,3,"{""Parkir"",""Toilet"",""Kursi roda"",""Restoran"",""Bar"",""Memiliki pintu masuk khusus pengguna kursi roda"",""Memiliki tempat parkir khusus pengguna kursi roda"",""Ada toilet umum""}","{""https://lh3.googleusercontent.com/gps-cs-s/AHRPTWk642Q7a9L0VmINERA1Sxpm5U5dXjIme32ZxijlkL9u3AZpTs0U9x7Y-e1LVPLEts5-fouzYkRN9TFedVcGxaTgPyqa7BkIirseVRApnC0S9P-KZ7P0FGz0AlSs3GoNfI18EMcw=s1024"",""https://lh3.googleusercontent.com/gps-cs-s/AHRPTWkBDtpAa6T2DO6z5qncGYmofm10VRcd4k7qIs_YjyRAQx74XdZDv6kfW7qMjKK4OoeSYO6uzptwbaufvjXWM2xIDvqRgeRFmgZYGvjqMDlSkyc90TxNgvYhTAHc8jDakpuHiUkUr969_hM=s1024"",""https://lh3.googleusercontent.com/gps-cs-s/AHRPTWlgwjpTqYmD1tTcMeYMvrKSxrs1BK2_Xy7C4cIMyI0R0dTks4v8hx07D6-4J4TWZ0YQjcBgFQWjGzKeDZD_ljui2yHtNwp9D0kQUvzRi3HZ8ahPpDZ7ts11ixWouZq6-gX-S7cm=s1024"",""https://lh3.googleusercontent.com/gps-cs-s/AHRPTWn4fuDOc9bFL05DhzaUpPvHUpSqeGNxUggdEi4JUvkM083y8BwaEFMxJJTWNIsEao-xwttuZtcWzUdhbaANlc0U4q3Dpd5RQnHhZYMjCysYFhWCE9OxE-AH38koDRHSEs11XOoH=s1024"",""https://lh3.googleusercontent.com/gps-cs-s/AHRPTWmP1CnvMd7RJvn0QBc-XpbtVkTslbSvaWpchHwUactVCY0o_RA5cMYMi9TkLwpgJD7nXKHcBZcC4e9nyfsWJyRB2UQymg46VDSLxdzsheBNQhq8qxkxpv19HNJgWU0cV0qPbPS8=s1024""}",5
ba5b6c8f-7895-55a8-a8c9-b3e636ecf83f,11zg9g2bgb,0x2e69f9002a6b6715,balai warga,Balai Warga Rt002 Rw007,Taman bermain,{},"VP42+W89, RT.2/RW.7, Pegadungan, Kec. Kalideres, Kota Jakarta Barat, Daerah Khusus Ibukota Jakarta 11840","VP42+W89, RT.2/RW.7, Pegadungan, Kec. Kalideres, Kota Jakarta Barat, Daerah Khusus Ibukota Jakarta 11840","VP42+W89, RT.2/RW.7, Pegadungan, Kec. Kalideres, Kota Jakarta Barat, Daerah Khusus Ibukota Jakarta 11840",-6.1427172,106.7008479,,5.0,15,,,,,,000000014901161,,,,,,2026-08-31T19:31:41.824948,0,false,false,2,"{""Parkir"",""AC"",""Restoran"",""Bar""}","{""https://lh3.googleusercontent.com/gps-cs-s/AHRPTWkoKdhS3-kgKuH3t5x1wgOtvGgRtGCp_Wu9iZ9FaeraPvHUFGOKX6EDmrvbxFz7vQfgphVTQiI6XBk4rhAZykdLOMJHPQ13m8Ic4IzZDChUTgf5trKahZfUklYuwBur_RkPQbMgRdkVMx9h=s1024"",""https://lh3.googleusercontent.com/gps-cs-s/AHRPTWl8px9iR5M89qAfpVExA3FblWjRkVhQ7A_O1ySPWVJvwglsmcduhTw6HZvEPzs39_L3oS3mr8h2CB8yHKiOmTb6ITM523sZ6P9p6G-RYokdOfZyDTmqgeFIMj54_uqd6DI0IGKtLRugmls=s1024""}",2
b5d6bf68-e834-50a9-a7f4-df6d89aa22ac,11ycy5pmdk,0x2e69f6f8301b6cb7,balai warga,Balai Warga Rw,,{},"Jl. Lontar Timur No.16 15, RT.15/RW.6, Tj. Duren Utara, Kec. Grogol petamburan, Kota Jakarta Barat, Daerah Khusus Ibukota Jakarta 11470","Jl. Lontar Timur No.16 15, RT.15/RW.6, Tj. Duren Utara, Kec. Grogol petamburan, Kota Jakarta Barat, Daerah Khusus Ibukota Jakarta 11470","RQCJ+3M Tj. Duren Utara, Kota Jakarta Barat, Daerah Khusus Ibukota Jakarta",-6.1797675,106.7816768,,1.0,1,,,,,,000000014901161,,,,,,2026-08-31T19:34:25.251216,0,false,false,1,"{""Parkir"",""Restoran"",""Bar""}",{},0
1a42dcca-c355-590b-a4da-ec9dd9216080,11nj1r2lmv,0x2e69f70056dde3e9,balai warga,BALAI WARGA RW.01 KEL.RAWA BUAYA,,{},"Jl. Guru Ma'mun No.41, RT.3/RW.1, Rw. Buaya, Kecamatan Cengkareng, Kota Jakarta Barat, Daerah Khusus Ibukota Jakarta 11740","Jl. Guru Ma'mun No.41, RT.3/RW.1, Rw. Buaya, Kecamatan Cengkareng, Kota Jakarta Barat, Daerah Khusus Ibukota Jakarta 11740","RPVJ+99 Rw. Buaya, Kota Jakarta Barat, Daerah Khusus Ibukota Jakarta",-6.1565451,106.7309724,,5.0,2,"{""Minggu"": ""lalu""}",Minggu: lalu,,,,000000014901161,,,,,,2026-08-31T19:35:05.157797,0,false,false,1,"{""Parkir"",""Restoran"",""Bar""}","{""https://lh3.googleusercontent.com/gps-cs-s/AHRPTWkRh7A7Eh8JaMBkA7dGOZt2gKWFsoFdX7xrUSDyfPzIQe5AFwhUwdPSRM4aezeI1s_QjHjnJtiU_ZDSVBwc4cTBwlxWuBWX2jHyqemWaS3IqPKsXhpF-dGRItukYTacHgr_AWd94X6pnUw=s1024""}",1
83e791ef-16bc-5448-83f6-1d5a204d07a2,11myjq4bfw,0x2e69f90052622825,balai warga,Balai warga kp.alas tua Rt. 002 Rw. 004 s,Balai masyarakat,{},"Jl. Gaga Alas Tua No.13-95, RT.2/RW.4, Semanan, Kec. Kalideres, Kota Jakarta Barat, Daerah Khusus Ibukota Jakarta 11850","Jl. Gaga Alas Tua No.13-95, RT.2/RW.4, Semanan, Kec. Kalideres, Kota Jakarta Barat, Daerah Khusus Ibukota Jakarta 11850","RMJR+72 Semanan, Kota Jakarta Barat, Daerah Khusus Ibukota Jakarta",-6.1693077,106.690112,,5.0,1,"{""Senin"": ""Buka 24 jam"", ""Selasa"": ""Buka 24 jam"", ""Rabu"": ""Buka 24 jam"", ""Kamis"": ""Buka 24 jam"", ""Jumat"": ""Buka 24 jam"", ""Sabtu"": ""Buka 24 jam"", ""Minggu"": ""Buka 24 jam""}",Senin: Buka 24 jam | Selasa: Buka 24 jam | Rabu: Buka 24 jam | Kamis: Buka 24 jam | Jumat: Buka 24 jam | Sabtu: Buka 24 jam | Minggu: Buka 24 jam,Buka 24 jam,"Jam ramai | Senin | 29% ramai pada pukul 04.00. | 41% ramai pada pukul 05.00. | 76% ramai pada pukul 06.00. | 58% ramai pada pukul 07.00. | 52% ramai pada pukul 08.00. | 35% ramai pada pukul 09.00. | 29% ramai pada pukul 10.00. | 35% ramai pada pukul 11.00. | 29% ramai pada pukul 12.00. | 47% ramai pada pukul 13.00. | 64% ramai pada pukul 14.00. | 64% ramai pada pukul 15.00. | 47% ramai pada pukul 16.00. | 41% ramai pada pukul 17.00. | 47% ramai pada pukul 18.00. | 47% ramai pada pukul 19.00. | 47% ramai pada pukul 20.00. | 52% ramai pada pukul 21.00. | 41% ramai pada pukul 22.00. | 52% ramai pada pukul 23.00. | populartimes.popup.show; focus:pane.focusTooltip; blur:pane.blurTooltip; keydown:pane.escapeTooltip""><span class=""google-symbols G47vBd OazX1c"" aria-hidden=""true"" style=""font-size: 18px;""></span></button><div class=""eho6bd"" role=""tooltip"" tabindex=""-1"" jsaction=""blur:pane.wfvdle10.populartimes.popup.hide; keydown:pane.wfvdle10.populartimes.popup.hide"" style=""display: none;""><div class=""G1Ydic""></div><div class=""wLiIdd fontBodySmall"" aria-label=""Berdasarkan kunjungan ke tempat ini.""><span>Berdasarkan kunjungan ke tempat ini.</span></div></div></div><div class=""epArK""></div><button class=""MYZx6c Hk4XGb"" jslog=""18021; track:click;metadata:WyIwYWhVS0V3akE3TXZCOE1xV0F4Vkg5emdHSFFtOEYya1E4QmNJQWlnQSJd"" aria-label=""Kembali ke hari sebelumnya"" jsaction=""pane.wfvdle10.populartimes.arrow.left""><span class=""Ups","Jam ramai | Senin | 29% ramai pada pukul 04.00. | 41% ramai pada pukul 05.00. | 76% ramai pada pukul 06.00. | 58% ramai pada pukul 07.00. | 52% ramai pada pukul 08.00. | 35% ramai pada pukul 09.00. | 29% ramai pada pukul 10.00. | 35% ramai pada pukul 11.00. | 29% ramai pada pukul 12.00. | 47% ramai pada pukul 13.00. | 64% ramai pada pukul 14.00. | 64% ramai pada pukul 15.00. | 47% ramai pada pukul 16.00. | 41% ramai pada pukul 17.00. | 47% ramai pada pukul 18.00. | 47% ramai pada pukul 19.00. | 47% ramai pada pukul 20.00. | 52% ramai pada pukul 21.00. | 41% ramai pada pukul 22.00. | 52% ramai pada pukul 23.00. | populartimes.popup.show; focus:pane.focusTooltip; blur:pane.blurTooltip; keydown:pane.escapeTooltip""><span class=""google-symbols G47vBd OazX1c"" aria-hidden=""true"" style=""font-size: 18px;""></span></button><div class=""eho6bd"" role=""tooltip"" tabindex=""-1"" jsaction=""blur:pane.wfvdle10.populartimes.popup.hide; keydown:pane.wfvdle10.populartimes.popup.hide"" style=""display: none;""><div class=""G1Ydic""></div><div class=""wLiIdd fontBodySmall"" aria-label=""Berdasarkan kunjungan ke tempat ini.""><span>Berdasarkan kunjungan ke tempat ini.</span></div></div></div><div class=""epArK""></div><button class=""MYZx6c Hk4XGb"" jslog=""18021; track:click;metadata:WyIwYWhVS0V3akE3TXZCOE1xV0F4Vkg5emdHSFFtOEYya1E4QmNJQWlnQSJd"" aria-label=""Kembali ke hari sebelumnya"" jsaction=""pane.wfvdle10.populartimes.arrow.left""><span class=""Ups",0052622825,,,,,,2026-08-31T19:35:45.245102,168,true,true,1,"{""Parkir"",""Restoran"",""Bar""}","{""https://lh3.googleusercontent.com/gps-cs-s/AHRPTWnQPo0QC4ZopnBD2kaUgQSzNzx7L7ZyaILqA4WDt9Yg3FFOeMRBhH5yZemlbmI_jWOCiyUt4UeyHW-TU_W4_fGo4aLSaioXBijKevr1PeKeR-_MlqqgIhwzC-HWeYf6SCI_OPE_w4b3mENw=s1024""}",1
e12185dc-f169-5f8c-b447-ceffee25f487,11rfcbqg2f,0x2e69f73907d02c61,balai warga,Balai Warga dan Sekretariat RW 05 Kebon Jeruk,Balai masyarakat,{},"4, Jl. Tambangan No.18B, RT.4/RW.5, Kb. Jeruk, Kec. Kb. Jeruk, Kota Jakarta Barat, Daerah Khusus Ibukota Jakarta 11530","4, Jl. Tambangan No.18B, RT.4/RW.5, Kb. Jeruk, Kec. Kb. Jeruk, Kota Jakarta Barat, Daerah Khusus Ibukota Jakarta 11530","RQ3J+7H Kb. Jeruk, Kota Jakarta Barat, Daerah Khusus Ibukota Jakarta",-6.19682,106.7813832,,4.7,9,"{""Senin"": ""Buka 24 jam"", ""Selasa"": ""Buka 24 jam"", ""Rabu"": ""Buka 24 jam"", ""Kamis"": ""Buka 24 jam"", ""Jumat"": ""Buka 24 jam"", ""Sabtu"": ""Buka 24 jam"", ""Minggu"": ""Tutup""}",Senin: Buka 24 jam | Selasa: Buka 24 jam | Rabu: Buka 24 jam | Kamis: Buka 24 jam | Jumat: Buka 24 jam | Sabtu: Buka 24 jam | Minggu: Tutup,Buka 24 jam,"Jam ramai | Senin | 45% ramai pada pukul 00.00. | 30% ramai pada pukul 01.00. | 30% ramai pada pukul 02.00. | 30% ramai pada pukul 03.00. | 75% ramai pada pukul 04.00. | 70% ramai pada pukul 05.00. | 55% ramai pada pukul 06.00. | 50% ramai pada pukul 07.00. | 45% ramai pada pukul 08.00. | 45% ramai pada pukul 09.00. | 45% ramai pada pukul 10.00. | 40% ramai pada pukul 11.00. | 45% ramai pada pukul 12.00. | 40% ramai pada pukul 13.00. | 40% ramai pada pukul 14.00. | 45% ramai pada pukul 15.00. | 70% ramai pada pukul 16.00. | 90% ramai pada pukul 17.00. | 95% ramai pada pukul 18.00. | 80% ramai pada pukul 19.00. | populartimes.popup.show; focus:pane.focusTooltip; blur:pane.blurTooltip; keydown:pane.escapeTooltip""><span class=""google-symbols G47vBd OazX1c"" aria-hidden=""true"" style=""font-size: 18px;""></span></button><div class=""eho6bd"" role=""tooltip"" tabindex=""-1"" jsaction=""blur:pane.wfvdle10.populartimes.popup.hide; keydown:pane.wfvdle10.populartimes.popup.hide"" style=""display: none;""><div class=""G1Ydic""></div><div class=""wLiIdd fontBodySmall"" aria-label=""Berdasarkan kunjungan ke tempat ini.""><span>Berdasarkan kunjungan ke tempat ini.</span></div></div></div><div class=""epArK""></div><button class=""MYZx6c Hk4XGb"" jslog=""18021; track:click;metadata:WyIwYWhVS0V3ajdrTnZVOE1xV0F4V1YtRGdHSFFKZEhQVVE4QmNJQWlnQSJd"" aria-label=""Kembali ke hari sebelumnya"" jsaction=""pane.wfvdle10.populartimes.arrow.left""><span class=""Ups","Jam ramai | Senin | 45% ramai pada pukul 00.00. | 30% ramai pada pukul 01.00. | 30% ramai pada pukul 02.00. | 30% ramai pada pukul 03.00. | 75% ramai pada pukul 04.00. | 70% ramai pada pukul 05.00. | 55% ramai pada pukul 06.00. | 50% ramai pada pukul 07.00. | 45% ramai pada pukul 08.00. | 45% ramai pada pukul 09.00. | 45% ramai pada pukul 10.00. | 40% ramai pada pukul 11.00. | 45% ramai pada pukul 12.00. | 40% ramai pada pukul 13.00. | 40% ramai pada pukul 14.00. | 45% ramai pada pukul 15.00. | 70% ramai pada pukul 16.00. | 90% ramai pada pukul 17.00. | 95% ramai pada pukul 18.00. | 80% ramai pada pukul 19.00. | populartimes.popup.show; focus:pane.focusTooltip; blur:pane.blurTooltip; keydown:pane.escapeTooltip""><span class=""google-symbols G47vBd OazX1c"" aria-hidden=""true"" style=""font-size: 18px;""></span></button><div class=""eho6bd"" role=""tooltip"" tabindex=""-1"" jsaction=""blur:pane.wfvdle10.populartimes.popup.hide; keydown:pane.wfvdle10.populartimes.popup.hide"" style=""display: none;""><div class=""G1Ydic""></div><div class=""wLiIdd fontBodySmall"" aria-label=""Berdasarkan kunjungan ke tempat ini.""><span>Berdasarkan kunjungan ke tempat ini.</span></div></div></div><div class=""epArK""></div><button class=""MYZx6c Hk4XGb"" jslog=""18021; track:click;metadata:WyIwYWhVS0V3ajdrTnZVOE1xV0F4V1YtRGdHSFFKZEhQVVE4QmNJQWlnQSJd"" aria-label=""Kembali ke hari sebelumnya"" jsaction=""pane.wfvdle10.populartimes.arrow.left""><span class=""Ups",000000014901161,,,,,,2026-08-31T19:36:26.838862,144,true,true,2,"{""Parkir"",""Toilet"",""Restoran"",""Bar"",""Ada toilet""}","{""https://lh3.googleusercontent.com/gps-cs-s/AHRPTWlO8gWGWOytjfrjbDzaNi6IEvMDW0rOyYvG__rrWolctJpxs9EMOvqTuLbKoupMLg6ZQrPF16hdIByJMG1YgXGlJ8vOjwPqR-eqNyJjHioJvkifHE8gbDoXQw5zThuKaShlM8U=s1024"",""https://lh3.googleusercontent.com/gps-cs-s/AHRPTWlKM712mV4qu7Xu6vpzE02RjlmjS-cLOK13Dc8YjpIeHA25dsOJKBb1_OPplOyBYeyIlIh1dzkHgMTHZ8YFsDx9r17Md81WqTF-TDLHzp-PGpzZFGHCv0RWh1XFV3uztorBLyTY=s1024"",""https://lh3.googleusercontent.com/gps-cs-s/AHRPTWmLty48Wal5iRkcFSNicmA244gTetDHVMGUpr9lfNkbec-QwldZD8jXJCgLzx5NCbBvEs9a_nxC8gbhEwmXUY1AuZXWWiUL0hxxLanqXa1nm0whlpVhG3_dF5zisNm_qWJ8SiUGPw=s1024"",""https://lh3.googleusercontent.com/gps-cs-s/AHRPTWk1NOEhTAyLAR7opLuhLej1Uijk6g_wjemQNNvDuH-Mov9l2eSS4n_Eyqa3CCpvSUKrkhURZkNFgdk9z8gWxPsC_NQo8Eh_O6W-WHDlUElQuv-Z9Jzbi8gZMDfN3nPOQdBggGI-2Q=s1024"",""https://lh3.googleusercontent.com/gps-cs-s/AHRPTWnoWPbsPXMxmat2GVNdQFLPDG3mVkuoTOaKKrrIQNugkZ9gDnQZHiGZsbxrSc953ByqGaB4p06r7fgnJ5f6EIzBXlj0WAbYIfUbVwHLwhHSQw6KYXsQzROdSBRO5hgehcVWHLDlYMz69-P-=s1024"",""https://lh3.googleusercontent.com/gps-cs-s/AHRPTWkHDPSSVqu_5W_7lTWNCaxco6-i1kFrtCBRrgScDGzGJVlgba7GyqlhVwYPVvrgLpUp1-ua3gtcVs4_xdD-SfsgveGZlLEhUY9ycAgcWsBIKUE21FDJpdOCsmQYFicOJ-5oY3KH=s1024""}",6
e8515378-e081-5d0e-8c98-5c226efda1c1,1pzsxsmmg,0x2e69f7f8ce589cc5,gedung serbaguna,Gedung Serbaguna Cendrawasih,Ruang Serbaguna,{},"Jl. Cendrawasih Raya X No. 10, RT.06/RW. 07 RT.7/RW.6 Cengkareng Barat Cengkareng 7 6, RT.7/RW.6, Cengkareng Bar., Kecamatan Cengkareng, Kota Jakarta Barat, Daerah Khusus Ibukota Jakarta 11730","Jl. Cendrawasih Raya X No. 10, RT.06/RW. 07 RT.7/RW.6 Cengkareng Barat Cengkareng 7 6, RT.7/RW.6, Cengkareng Bar., Kecamatan Cengkareng, Kota Jakarta Barat, Daerah Khusus Ibukota Jakarta 11730","VP5C+84 Cengkareng Bar., Kota Jakarta Barat, Daerah Khusus Ibukota Jakarta",-6.1417185,106.7202996,,4.2,473,"{""Sabtu"": "", stasiun terdekat kalideres / rawa buaya.\\""""}","Sabtu: , stasiun terdekat kalideres / rawa buaya.""",,,,021) 5412410,,,,,,2026-08-31T19:37:08.138134,0,false,false,2,"{""Parkir"",""Toilet"",""Restoran"",""Bar"",""Ada toilet""}","{""https://lh3.googleusercontent.com/gps-cs-s/AHRPTWm_s5AAGTCxIxK-s7wb6cls8gChj_iP_dxlMKCLdyBz9_MOVLyjPanljs4zwVGW5sAl2qsGQkfJ7Q_ML6N8AdvO9wzO0cO8Y1xjSuEPTtTFnrg2asn9ltMve07tWqZvVCLO-kia=s1024"",""https://lh3.googleusercontent.com/gps-cs-s/AHRPTWlx52rI0t7JfBI_5DmGlyRqmOPXmZbLWWEEsbqZ1IaRw0G9uuCCAOf3IC9gCA9lmEgZaastLDh6UOhidEPBkzh8PvKlz0y27_ZRQk6PflO9JuQPK0iCKwrHybQFW6IWBsYzeukj=s1024"",""https://lh3.googleusercontent.com/gps-cs-s/AHRPTWlwbavZWpcIrG1NIx5cophsBFuSBIgH_nnSywtrYub-3MlidD4A8M08ATMO1dF3YGxGw7nu3lcnSqrSSpuxSxFHSrZVEMPSfPgYG8AgY3fhoSFdVD36klaKsUNEZ7QoM8eYeup66gFqBbGG=s1024"",""https://lh3.googleusercontent.com/gps-cs-s/AHRPTWlvvMQt823gEw1p_Xn5Fa9m-7CoQuRgUoG0c8zjrBTaxCscdy8WfdC4JY_d0PHU_F0oB4PWxNHeKdWkGE4_IU2gQ7VwE5oN3FK3Xqot8YYolqnEPb07haUFuzPyW-GmpU8pW4xmqA=s1024"",""https://lh3.googleusercontent.com/gps-cs-s/AHRPTWk4trBo-5gC4YDIyAfxvcUhn7ZNdB_2zhHh4NHisgB2T8VkzUvkduKBDh46C9NCHx3FrxjYdJ9vSFlBUkmu6srl9sY8AoL7ezxIhDP69KU9RCiN1X2RQQCX8mF_EWLXXgKyoId9=s1024"",""https://lh3.googleusercontent.com/gps-cs-s/AHRPTWllrP_GgalkeIUZEL04Lh266EiOxhW4YRVG98Ymhd0oO2LAhYjNhsZjJYTuosM5MYPpTCwTnoC5cUfUBpTdbGgmVfD5ijpJMxf8ChA2A8psCwALlWa_I7YCT7SyG9gJvCUXcxs-=s1024"",""https://lh3.googleusercontent.com/gps-cs-s/AHRPTWlsO_1i9xpBIm2EJYPWhR6QwFa1dtVO94EiFotC8z9s-HGC2-sV7sRD8_ogUtE4w41BMnRw557r_OEmWQdSGa16Tsh3iz9P5VJM8gCokJNoo8u93Ya7cKCxxvKh3QEsuuc0tptu=s1024""}",7
fabc4b73-d1ca-5acc-98f7-6110dba3ebd1,11p0100r70,0x2e69f76754e67135,gedung serbaguna,Gedung Serbaguna Gor Badminton Kalimati,Klub Olahraga,{},"Jl. Tawangmangu Blk. I No.74 006, RT.3/RW.6, Kedaung Kali Angke, Kecamatan Cengkareng, Kota Jakarta Barat, Daerah Khusus Ibukota Jakarta 11710","Jl. Tawangmangu Blk. I No.74 006, RT.3/RW.6, Kedaung Kali Angke, Kecamatan Cengkareng, Kota Jakarta Barat, Daerah Khusus Ibukota Jakarta 11710","RQW5+5P Kedaung Kali Angke, Kota Jakarta Barat, Daerah Khusus Ibukota Jakarta",-6.1545647,106.759345,,4.5,111,"{""Senin"": ""07.00–23.00"", ""Selasa"": ""07.00–23.00"", ""Rabu"": ""07.00–23.00"", ""Kamis"": ""07.00–23.00"", ""Jumat"": ""07.00–23.00"", ""Sabtu"": ""07.00–23.00"", ""Minggu"": ""07.00–23.00""}",Senin: 07.00–23.00 | Selasa: 07.00–23.00 | Rabu: 07.00–23.00 | Kamis: 07.00–23.00 | Jumat: 07.00–23.00 | Sabtu: 07.00–23.00 | Minggu: 07.00–23.00,Buka · Tutup pukul 23.00,"Jam ramai | Senin | 0% ramai pada pukul 06.00. | 29% ramai pada pukul 07.00. | 31% ramai pada pukul 08.00. | 35% ramai pada pukul 09.00. | 41% ramai pada pukul 10.00. | 41% ramai pada pukul 11.00. | 49% ramai pada pukul 12.00. | 62% ramai pada pukul 13.00. | 76% ramai pada pukul 14.00. | 74% ramai pada pukul 15.00. | 72% ramai pada pukul 16.00. | 64% ramai pada pukul 17.00. | 65% ramai pada pukul 18.00. | 65% ramai pada pukul 19.00. | 69% ramai pada pukul 20.00. | 68% ramai pada pukul 21.00. | 58% ramai pada pukul 22.00. | 0% ramai pada pukul 23.00. | 28% ramai pada pukul 07.00. | populartimes.popup.show; focus:pane.focusTooltip; blur:pane.blurTooltip; keydown:pane.escapeTooltip""><span class=""google-symbols G47vBd OazX1c"" aria-hidden=""true"" style=""font-size: 18px;""></span></button><div class=""eho6bd"" role=""tooltip"" tabindex=""-1"" jsaction=""blur:pane.wfvdle10.populartimes.popup.hide; keydown:pane.wfvdle10.populartimes.popup.hide"" style=""display: none;""><div class=""G1Ydic""></div><div class=""wLiIdd fontBodySmall"" aria-label=""Berdasarkan kunjungan ke tempat ini.""><span>Berdasarkan kunjungan ke tempat ini.</span></div></div></div><div class=""epArK""></div><button class=""MYZx6c Hk4XGb"" jslog=""18021; track:click;metadata:WyIwYWhVS0V3amp0cDc4OE1xV0F4Vk8xemdHSFdXSktfWVE4QmNJQWlnQSJd"" aria-label=""Kembali ke hari sebelumnya"" jsaction=""pane.wfvdle10.populartimes.arrow.left""><span class=""Ups","Jam ramai | Senin | 0% ramai pada pukul 06.00. | 29% ramai pada pukul 07.00. | 31% ramai pada pukul 08.00. | 35% ramai pada pukul 09.00. | 41% ramai pada pukul 10.00. | 41% ramai pada pukul 11.00. | 49% ramai pada pukul 12.00. | 62% ramai pada pukul 13.00. | 76% ramai pada pukul 14.00. | 74% ramai pada pukul 15.00. | 72% ramai pada pukul 16.00. | 64% ramai pada pukul 17.00. | 65% ramai pada pukul 18.00. | 65% ramai pada pukul 19.00. | 69% ramai pada pukul 20.00. | 68% ramai pada pukul 21.00. | 58% ramai pada pukul 22.00. | 0% ramai pada pukul 23.00. | 28% ramai pada pukul 07.00. | populartimes.popup.show; focus:pane.focusTooltip; blur:pane.blurTooltip; keydown:pane.escapeTooltip""><span class=""google-symbols G47vBd OazX1c"" aria-hidden=""true"" style=""font-size: 18px;""></span></button><div class=""eho6bd"" role=""tooltip"" tabindex=""-1"" jsaction=""blur:pane.wfvdle10.populartimes.popup.hide; keydown:pane.wfvdle10.populartimes.popup.hide"" style=""display: none;""><div class=""G1Ydic""></div><div class=""wLiIdd fontBodySmall"" aria-label=""Berdasarkan kunjungan ke tempat ini.""><span>Berdasarkan kunjungan ke tempat ini.</span></div></div></div><div class=""epArK""></div><button class=""MYZx6c Hk4XGb"" jslog=""18021; track:click;metadata:WyIwYWhVS0V3amp0cDc4OE1xV0F4Vk8xemdHSFdXSktfWVE4QmNJQWlnQSJd"" aria-label=""Kembali ke hari sebelumnya"" jsaction=""pane.wfvdle10.populartimes.arrow.left""><span class=""Ups",0877-8801-9908,,,,,,2026-08-31T19:37:49.617205,112.0,false,true,2,"{""Parkir"",""Toilet"",""Restoran"",""Bar"",""Ada toilet""}","{""https://lh3.googleusercontent.com/gps-cs-s/AHRPTWmyAXwjOLCQIjPW8DLeJpbnLu7rkYD0WWpPxcO4oQ_zgWUvo0xz57GnNGjR7jHYl0zDnG0uFMv-DbLAW2LBB55ztXGvwSRuCNTV8wyWy5wCP2LDRxP8SxkSLRI5mnKrHVx6gsh0=s1024"",""https://lh3.googleusercontent.com/gps-cs-s/AHRPTWmaxBMaIK9OPWviPNTUcqmZbDi75FgVF5D566qT-E9e6BpHpfapoAfqGJIfmbxgpLcw5qUirxRxDOhzqL6YiAIbNq8Fvu1JGvjrJWA61xX4tKfljtqPrA5cjIDYJPdBKkxX0P1K=s1024"",""https://lh3.googleusercontent.com/gps-cs-s/AHRPTWkMbclkM0WW17EMAxEe3kAvJMm3e89lM99o779lKzrlbifHVAgnaxqYTBXOdd4J2YHIgSRqzpeEcWWk7QgvdPQU1RIhHLVMSNpqEQydq1Q5FDErVZM2m3XovH3UrZ-OPlbfCtKVuQ=s1024"",""https://lh3.googleusercontent.com/gps-cs-s/AHRPTWneQtQn8918HMe5ta-M-PFq_gEtlzeIoup5E1CLiyH9A2mxEU1aLz-gFt7a5L7sI392cgOFUEZr73aESkKxbpUznQaZ7UjfmHVvThMLCNq42V5VaBBIPRW3_vDv-fBW1NxaDJc=s1024"",""https://lh3.googleusercontent.com/gps-cs-s/AHRPTWl-PkuXU-pVtlBIH0AACL2DBaUtv8sw9225tk4byHQGXLlwHbWL3_AaBsCIPjFG_vZG9TZHKI23n0kQUhMgCUvCMEfVgoQ5L8JD-K8LSkSTq6L7PGmT0p9Sq_BxGkFiFvWr_7-4=s1024"",""https://lh3.googleusercontent.com/gps-cs-s/AHRPTWmwvzET8DLS7qLB8A-wUBAw4TuANhzwhjSYnZGIsnxalza5LRCRgV1N2I8Jrnl4aaFN1kxgABBgLb3PpiKgFlaM9TMxQlwscunjbT6Br_rwPw9kxcdzzyFOdlpI6HTmeW7TlZ3B=s1024"",""https://lh3.googleusercontent.com/gps-cs-s/AHRPTWnz2SKymFkzcNjiGK_0FBuhotSW76qeFd03KVdAGP7lF6XoscfSEyJDv_YaPOxMPn7oOlGxQHFf3oxo6oxbR6emfHymtX3Wrutk88J6ZZ3S4iBddDLar-47bl-gD07tKPJSmV0c3Qz5h_ie=s1024"",""https://lh3.googleusercontent.com/gps-cs-s/AHRPTWkfbFPD9qeW5-AHC8OFMmk8U3jK5tNmGG4cqt93TADF4_ZKu8pnUxEYfsjwGeASg8MOWzG67hFNdGMWoW3_eqbxDZnCeqgLJ5T553Q0U56QnZ-EVtM206_fHBir8TI5hnWQAUdR9A=s1024""}",8
1f034409-d35e-511b-8c7e-fdde1c1537d8,11b6j48vlq,0x2e69f71b04cc3c37,gedung serbaguna,The Vida Ballroom,Ruang Serbaguna,{},"Jl. Perjuangan No.8, RT.1/RW.7, Kb. Jeruk, Kec. Kb. Jeruk, Kota Jakarta Barat, Daerah Khusus Ibukota Jakarta 11530","Jl. Perjuangan No.8, RT.1/RW.7, Kb. Jeruk, Kec. Kb. Jeruk, Kota Jakarta Barat, Daerah Khusus Ibukota Jakarta 11530","RQ55+GR Kb. Jeruk, Kota Jakarta Barat, Daerah Khusus Ibukota Jakarta",-6.1911516,106.7596054,,4.4,1202,"{""Senin"": ""08.00–17.00"", ""Selasa"": ""08.00–17.00"", ""Rabu"": ""08.00–17.00"", ""Kamis"": ""08.00–17.00"", ""Jumat"": ""08.00–17.00"", ""Sabtu"": ""12.00–18.00"", ""Minggu"": ""12.00–18.00""}",Senin: 08.00–17.00 | Selasa: 08.00–17.00 | Rabu: 08.00–17.00 | Kamis: 08.00–17.00 | Jumat: 08.00–17.00 | Sabtu: 12.00–18.00 | Minggu: 12.00–18.00,Tutup · Buka Sel pukul 08.00,"Jam ramai | Senin | 0% ramai pada pukul 06.00. | 0% ramai pada pukul 07.00. | 0% ramai pada pukul 08.00. | 0% ramai pada pukul 09.00. | 0% ramai pada pukul 10.00. | 0% ramai pada pukul 11.00. | 22% ramai pada pukul 12.00. | 24% ramai pada pukul 13.00. | 27% ramai pada pukul 14.00. | 28% ramai pada pukul 15.00. | 26% ramai pada pukul 16.00. | 26% ramai pada pukul 17.00. | 0% ramai pada pukul 18.00. | 0% ramai pada pukul 19.00. | 0% ramai pada pukul 20.00. | 0% ramai pada pukul 21.00. | 0% ramai pada pukul 22.00. | 0% ramai pada pukul 23.00. | populartimes.popup.show; focus:pane.focusTooltip; blur:pane.blurTooltip; keydown:pane.escapeTooltip""><span class=""google-symbols G47vBd OazX1c"" aria-hidden=""true"" style=""font-size: 18px;""></span></button><div class=""eho6bd"" role=""tooltip"" tabindex=""-1"" jsaction=""blur:pane.wfvdle10.populartimes.popup.hide; keydown:pane.wfvdle10.populartimes.popup.hide"" style=""display: none;""><div class=""G1Ydic""></div><div class=""wLiIdd fontBodySmall"" aria-label=""Berdasarkan kunjungan ke tempat ini.""><span>Berdasarkan kunjungan ke tempat ini.</span></div></div></div><div class=""epArK""></div><button class=""MYZx6c Hk4XGb"" jslog=""18021; track:click;metadata:WyIwYWhVS0V3ajdzb09ROGNxV0F4VW54RGdHSFl1NU56SVE4QmNJQWlnQSJd"" aria-label=""Kembali ke hari sebelumnya"" jsaction=""pane.wfvdle10.populartimes.arrow.left""><span class=""Ups","Jam ramai | Senin | 0% ramai pada pukul 06.00. | 0% ramai pada pukul 07.00. | 0% ramai pada pukul 08.00. | 0% ramai pada pukul 09.00. | 0% ramai pada pukul 10.00. | 0% ramai pada pukul 11.00. | 22% ramai pada pukul 12.00. | 24% ramai pada pukul 13.00. | 27% ramai pada pukul 14.00. | 28% ramai pada pukul 15.00. | 26% ramai pada pukul 16.00. | 26% ramai pada pukul 17.00. | 0% ramai pada pukul 18.00. | 0% ramai pada pukul 19.00. | 0% ramai pada pukul 20.00. | 0% ramai pada pukul 21.00. | 0% ramai pada pukul 22.00. | 0% ramai pada pukul 23.00. | populartimes.popup.show; focus:pane.focusTooltip; blur:pane.blurTooltip; keydown:pane.escapeTooltip""><span class=""google-symbols G47vBd OazX1c"" aria-hidden=""true"" style=""font-size: 18px;""></span></button><div class=""eho6bd"" role=""tooltip"" tabindex=""-1"" jsaction=""blur:pane.wfvdle10.populartimes.popup.hide; keydown:pane.wfvdle10.populartimes.popup.hide"" style=""display: none;""><div class=""G1Ydic""></div><div class=""wLiIdd fontBodySmall"" aria-label=""Berdasarkan kunjungan ke tempat ini.""><span>Berdasarkan kunjungan ke tempat ini.</span></div></div></div><div class=""epArK""></div><button class=""MYZx6c Hk4XGb"" jslog=""18021; track:click;metadata:WyIwYWhVS0V3ajdzb09ROGNxV0F4VW54RGdHSFl1NU56SVE4QmNJQWlnQSJd"" aria-label=""Kembali ke hari sebelumnya"" jsaction=""pane.wfvdle10.populartimes.arrow.left""><span class=""Ups",0811-8882-897,/url?q=http://www.thevidaballroom.com/&opi=79508299&sa=U&ved=0ahUKEwj7soOQ8cqWAxUnxDgGHYu5NzIQ61gIFygS&usg=AOvVaw3R0utRyu3QCW4owL_6YUpW,,,,,2026-08-31T19:38:31.028669,57.0,false,true,3,"{""Parkir"",""Toilet"",""Kursi roda"",""Restoran"",""Bar"",""Memiliki pintu masuk khusus pengguna kursi roda"",""Memiliki tempat parkir khusus pengguna kursi roda"",""Ada toilet khusus pengguna kursi roda"",""Tersedia layanan di tempat"",""Ada toilet""}","{""https://lh3.googleusercontent.com/gps-cs-s/AHRPTWkGCW1HByf_qoMVg2fmS89moP-8Q5foRYMnthVGgs4ZzEOAGKtKjSdRdyJpItDJIkYCvFof0lClYphwULO5lD9UPiNwGYxrBMnHZV9NUQ69RChsC0XPaVQUZgF1P3nvqFl0XTJr=s1024"",""https://lh3.googleusercontent.com/gps-cs-s/AHRPTWmtn-fBta6bT5BWzCfxYdQbUDdR69NylxDUEqnnK0xpQbUFhukodSxRCrRAEnjTBt2i-r1481gYx-1a6MSFFkbVXCiyzWMjo09bv6OHCdKZJlKmzVPiL2Irv9vsJySjzJ7vVD0R9A=s1024"",""https://lh3.googleusercontent.com/gps-cs-s/AHRPTWlLBpkJgrWU_nBmYQD8sdRLcbwekEKlFguyMSlDgp5rSTUkztCjThzv8gIhUO4SZnd9pBYJCHb_nE857my_Kh87c_vW1z3Cbg1FbZacRP86kj1kZCP1zT0mTZlrQsFzeOs0OHv6=s1024"",""https://lh3.googleusercontent.com/gps-cs-s/AHRPTWm7m5dzjC4S5jLrE1mIAvwbzMLQfAY6oh_5AOmYoOK5sNGbMdXoxKDiLkqTqlmKfx2Q4KrvWHeosaIActyp4FBOkrqH5vogcN1H8FFxC4U6zsryUVZXZ2HiGiJBFo-uOWjtjfey=s1024"",""https://lh3.googleusercontent.com/gps-cs-s/AHRPTWnHwIMbblcNXbnB9kkCWchqaDgGWzgSW0rjavH3Ihsjh_SsWEPyax6VvGMsbFxXkuGE7DXlsEDgTpqhyz8yUMmgDGGMbVerr4sp9izWsBVFYLcxw7CuAjuujk1oeXGnV1WpT_jT=s1024"",""https://lh3.googleusercontent.com/gps-cs-s/AHRPTWlO_AqO_baKkSUd_jGQ60dZwTbY1Ge02NTyQA-NAbD-CRjY5QBunYYYqRqp0mF8hwc8plesvV4VPQiQyNR9rJfgflyZEs2EeU40Jr0dnjCHEN_Rb8_LpwXFlfh_4m-_gaig_C9s=s1024"",""https://lh3.googleusercontent.com/gps-cs-s/AHRPTWnrgjoWv09nHMFLMX-KVXD3iO2HWBBJMUcrM5iBbhhcZ7obDLuKWYaSVcBhbo3cDO6Zd1Sz7CImt_jVwGUEyh_JgpIWTSugvSbiyUrGIelMbnTH96M29iuKR5w1uQ6veKeAGSV6=s1024""}",7
176060c8-9e6e-579a-8bee-9d3370ef6613,1tf8j3dh,0x2e69f6ca8240b507,gedung serbaguna,Gedung Serbaguna Senayan,Ruang Serbaguna,{},"Jl. Pintu Satu Senayan Jl. New Delhi No.1, RT.1/RW.3, Gelora, Kecamatan Tanah Abang, Kota Jakarta Pusat, Daerah Khusus Ibukota Jakarta 10270","Jl. Pintu Satu Senayan Jl. New Delhi No.1, RT.1/RW.3, Gelora, Kecamatan Tanah Abang, Kota Jakarta Pusat, Daerah Khusus Ibukota Jakarta 10270","QRG2+GM Gelora, Kota Jakarta Pusat, Daerah Khusus Ibukota Jakarta",-6.2236875,106.8017066,,4.5,1193,"{""Senin"": ""06.00–22.00"", ""Selasa"": ""06.00–22.00"", ""Rabu"": ""06.00–22.00"", ""Kamis"": ""06.00–22.00"", ""Jumat"": ""06.00–22.00"", ""Sabtu"": ""06.00–22.00"", ""Minggu"": ""06.00–22.00""}",Senin: 06.00–22.00 | Selasa: 06.00–22.00 | Rabu: 06.00–22.00 | Kamis: 06.00–22.00 | Jumat: 06.00–22.00 | Sabtu: 06.00–22.00 | Minggu: 06.00–22.00,Buka · Tutup pukul 22.00,"Jam ramai | Senin | 0% ramai pada pukul 05.00. | 37% ramai pada pukul 06.00. | 64% ramai pada pukul 07.00. | 89% ramai pada pukul 08.00. | 100% ramai pada pukul 09.00. | 85% ramai pada pukul 10.00. | 65% ramai pada pukul 11.00. | 50% ramai pada pukul 12.00. | 41% ramai pada pukul 13.00. | 35% ramai pada pukul 14.00. | 30% ramai pada pukul 15.00. | 26% ramai pada pukul 16.00. | 24% ramai pada pukul 17.00. | 19% ramai pada pukul 18.00. | 14% ramai pada pukul 19.00. | 9% ramai pada pukul 20.00. | 6% ramai pada pukul 21.00. | 0% ramai pada pukul 22.00. | 13% ramai pada pukul 06.00. | populartimes.popup.show; focus:pane.focusTooltip; blur:pane.blurTooltip; keydown:pane.escapeTooltip""><span class=""google-symbols G47vBd OazX1c"" aria-hidden=""true"" style=""font-size: 18px;""></span></button><div class=""eho6bd"" role=""tooltip"" tabindex=""-1"" jsaction=""blur:pane.wfvdle10.populartimes.popup.hide; keydown:pane.wfvdle10.populartimes.popup.hide"" style=""display: none;""><div class=""G1Ydic""></div><div class=""wLiIdd fontBodySmall"" aria-label=""Berdasarkan kunjungan ke tempat ini.""><span>Berdasarkan kunjungan ke tempat ini.</span></div></div></div><div class=""epArK""></div><button class=""MYZx6c Hk4XGb"" jslog=""18021; track:click;metadata:WyIwYWhVS0V3aTczLVNqOGNxV0F4V2gzVGdHSGNBdEhHb1E4QmNJQWlnQSJd"" aria-label=""Kembali ke hari sebelumnya"" jsaction=""pane.wfvdle10.populartimes.arrow.left""><span class=""Ups","Jam ramai | Senin | 0% ramai pada pukul 05.00. | 37% ramai pada pukul 06.00. | 64% ramai pada pukul 07.00. | 89% ramai pada pukul 08.00. | 100% ramai pada pukul 09.00. | 85% ramai pada pukul 10.00. | 65% ramai pada pukul 11.00. | 50% ramai pada pukul 12.00. | 41% ramai pada pukul 13.00. | 35% ramai pada pukul 14.00. | 30% ramai pada pukul 15.00. | 26% ramai pada pukul 16.00. | 24% ramai pada pukul 17.00. | 19% ramai pada pukul 18.00. | 14% ramai pada pukul 19.00. | 9% ramai pada pukul 20.00. | 6% ramai pada pukul 21.00. | 0% ramai pada pukul 22.00. | 13% ramai pada pukul 06.00. | populartimes.popup.show; focus:pane.focusTooltip; blur:pane.blurTooltip; keydown:pane.escapeTooltip""><span class=""google-symbols G47vBd OazX1c"" aria-hidden=""true"" style=""font-size: 18px;""></span></button><div class=""eho6bd"" role=""tooltip"" tabindex=""-1"" jsaction=""blur:pane.wfvdle10.populartimes.popup.hide; keydown:pane.wfvdle10.populartimes.popup.hide"" style=""display: none;""><div class=""G1Ydic""></div><div class=""wLiIdd fontBodySmall"" aria-label=""Berdasarkan kunjungan ke tempat ini.""><span>Berdasarkan kunjungan ke tempat ini.</span></div></div></div><div class=""epArK""></div><button class=""MYZx6c Hk4XGb"" jslog=""18021; track:click;metadata:WyIwYWhVS0V3aTczLVNqOGNxV0F4V2gzVGdHSGNBdEhHb1E4QmNJQWlnQSJd"" aria-label=""Kembali ke hari sebelumnya"" jsaction=""pane.wfvdle10.populartimes.arrow.left""><span class=""Ups",021) 5734070,,,,,,2026-08-31T19:39:12.161751,112.0,false,true,3,"{""Parkir"",""Toilet"",""Kursi roda"",""Restoran"",""Bar"",""Memiliki pintu masuk khusus pengguna kursi roda"",""Memiliki tempat parkir khusus pengguna kursi roda"",""Ada toilet khusus pengguna kursi roda"",""Ada toilet""}","{""https://lh3.googleusercontent.com/gps-cs-s/AHRPTWmsslAYPMEwzEQZc4C0F7kN7ZH6HuXGQjIlOFHPfYl0eebw8S5d87GNzK8EmU031IYBw-dqGE-kMIn2ifQmrfp-HnkdF8sR7e-Nj0jVwXOdWhxjFSMbp3v_pICcF5Y_mMbHhso=s1024"",""https://lh3.googleusercontent.com/gps-cs-s/AHRPTWlkgSVFGLmeAqYk1jMCqFxlHtzvxpIWt_2nr50rVGsjvX02zUfsY8HYVGlE0pXQs82XLervH5ysCHXKM-PQsXMMDqLbtniCnkmaRdP7V6YUmCEddk9mMckS0wnWDiPWplWcJLxDzAQEpuCp=s1024"",""https://lh3.googleusercontent.com/gps-cs-s/AHRPTWksv_voKqlMX8kIDhkRZN5yE99K7tdsBqfw8NrREueU1Y2MpFlcnKUGqwAj2orXwWFpTMpb2y6iDnYWYiwASNpJSKq8-9jVwhxGgfe0gmut0nPLDdnS6zKScP8zctDjReml6UiOwQ=s1024"",""https://lh3.googleusercontent.com/gps-cs-s/AHRPTWnGuavRnVsNibQNH0GomLG1xtW-eQwv45HfAL1Kd0hrHf1gYpYYYUg_YcU9SuzarDOUhs3HaPR4v_1AfhPs2mzQQ8YfdLJaOulaJFX9Yy_pwRWIbUqohGny4hdqpM2h8JLP3gNd=s1024"",""https://lh3.googleusercontent.com/gps-cs-s/AHRPTWmG4xCECJrfNbtKw7h6s0KP2tCe1-KwCrdqFsD1ECukgLHfvxb9L6ycV6UxG5e9641cuAtXtQFWW9KaxNIKiCKPsmeu0kpQZVBLjsPMloHKdc2lrs8aELCSikFdtWwf2C5babYIBkswIHDs=s1024"",""https://lh3.googleusercontent.com/gps-cs-s/AHRPTWnt70ywoncPLIOkDeZvjEl54zCRpbYXS0b9UuAEwoYZG18jPhiQ8z4PH81fKhgNfBFrXw6H-HqgoQHDd6COubE3nnVMzm4A3e4NceRGzW2S4ELK6tnagPfQG6YNCC-iFoqUTpx7QQ=s1024"",""https://lh3.googleusercontent.com/gps-cs-s/AHRPTWlq-NiWWxkzy2RYTdPlw9V54yfT6EAT1083RxulO6ctJuHE4pUEoth70fgneWhMK5Stng8y_i-yt_ZJNbm-R1OQ09EiZ_J6gF7bnjgR0LNAvw9msLvrOtEzSHNKZpOQQOARBN6E=s1024"",""https://lh3.googleusercontent.com/gps-cs-s/AHRPTWmnBjILNiyeN2M_pJgvSW1TM4uQeLMGI6PMX4fkATT0ilrxjooQbugFCh3tIoRdrWzU3lxAgAgkjNW-zWhfnVcs2qBRhMPEQPFly4PrQLICmpcF57ZTlBY2VIDWwN_iXq2_CqP5p-RTqMG0=s1024"",""https://lh3.googleusercontent.com/gps-cs-s/AHRPTWnznEMBFMaLekZG9F33hqaLsnuUPyA3HEmQaMmAXWkfW7_G6y6d8YqeVNoDKcUGhPMOI1wb3i4mYKkRHWmczm5zgmL2glVnMeImCqDDVYlMnmbOgTuE4SkbzrNtswD5OmU_om57Gg=s1024""}",9
71f01dbf-c921-534c-8a32-bcb70dfa0250,11f04dqdx_,0x2e69f59568483273,gedung serbaguna,Graha Angkasa Pura 1,Gedung Pernikahan,{},"Jl. Merpati 3 No.10, RT.2/RW.10, Gn. Sahari Sel., Kec. Kemayoran, Kota Jakarta Pusat, Daerah Khusus Ibukota Jakarta 10610","Jl. Merpati 3 No.10, RT.2/RW.10, Gn. Sahari Sel., Kec. Kemayoran, Kota Jakarta Pusat, Daerah Khusus Ibukota Jakarta 10610","RRWR+4V Gn. Sahari Sel., Kota Jakarta Pusat, Daerah Khusus Ibukota Jakarta",-6.154685,106.84216,,4.4,675,"{""Senin"": ""10.00–22.00"", ""Selasa"": ""10.00–22.00"", ""Rabu"": ""10.00–22.00"", ""Kamis"": ""10.00–22.00"", ""Jumat"": ""10.00–22.00"", ""Sabtu"": ""10.00–22.00"", ""Minggu"": ""10.00–22.00""}",Senin: 10.00–22.00 | Selasa: 10.00–22.00 | Rabu: 10.00–22.00 | Kamis: 10.00–22.00 | Jumat: 10.00–22.00 | Sabtu: 10.00–22.00 | Minggu: 10.00–22.00,Buka · Tutup pukul 22.00,"Jam ramai | Senin | 0% ramai pada pukul 06.00. | 0% ramai pada pukul 07.00. | 0% ramai pada pukul 08.00. | 0% ramai pada pukul 09.00. | 42% ramai pada pukul 10.00. | 47% ramai pada pukul 11.00. | 52% ramai pada pukul 12.00. | 62% ramai pada pukul 13.00. | 73% ramai pada pukul 14.00. | 72% ramai pada pukul 15.00. | 59% ramai pada pukul 16.00. | 37% ramai pada pukul 17.00. | 20% ramai pada pukul 18.00. | 14% ramai pada pukul 19.00. | 12% ramai pada pukul 20.00. | 14% ramai pada pukul 21.00. | 0% ramai pada pukul 22.00. | 0% ramai pada pukul 23.00. | populartimes.popup.show; focus:pane.focusTooltip; blur:pane.blurTooltip; keydown:pane.escapeTooltip""><span class=""google-symbols G47vBd OazX1c"" aria-hidden=""true"" style=""font-size: 18px;""></span></button><div class=""eho6bd"" role=""tooltip"" tabindex=""-1"" jsaction=""blur:pane.wfvdle10.populartimes.popup.hide; keydown:pane.wfvdle10.populartimes.popup.hide"" style=""display: none;""><div class=""G1Ydic""></div><div class=""wLiIdd fontBodySmall"" aria-label=""Berdasarkan kunjungan ke tempat ini.""><span>Berdasarkan kunjungan ke tempat ini.</span></div></div></div><div class=""epArK""></div><button class=""MYZx6c Hk4XGb"" jslog=""18021; track:click;metadata:WyIwYWhVS0V3aUc0TEMzOGNxV0F4WEMtVGdHSFdrS0tJd1E4QmNJQWlnQSJd"" aria-label=""Kembali ke hari sebelumnya"" jsaction=""pane.wfvdle10.populartimes.arrow.left""><span class=""Ups","Jam ramai | Senin | 0% ramai pada pukul 06.00. | 0% ramai pada pukul 07.00. | 0% ramai pada pukul 08.00. | 0% ramai pada pukul 09.00. | 42% ramai pada pukul 10.00. | 47% ramai pada pukul 11.00. | 52% ramai pada pukul 12.00. | 62% ramai pada pukul 13.00. | 73% ramai pada pukul 14.00. | 72% ramai pada pukul 15.00. | 59% ramai pada pukul 16.00. | 37% ramai pada pukul 17.00. | 20% ramai pada pukul 18.00. | 14% ramai pada pukul 19.00. | 12% ramai pada pukul 20.00. | 14% ramai pada pukul 21.00. | 0% ramai pada pukul 22.00. | 0% ramai pada pukul 23.00. | populartimes.popup.show; focus:pane.focusTooltip; blur:pane.blurTooltip; keydown:pane.escapeTooltip""><span class=""google-symbols G47vBd OazX1c"" aria-hidden=""true"" style=""font-size: 18px;""></span></button><div class=""eho6bd"" role=""tooltip"" tabindex=""-1"" jsaction=""blur:pane.wfvdle10.populartimes.popup.hide; keydown:pane.wfvdle10.populartimes.popup.hide"" style=""display: none;""><div class=""G1Ydic""></div><div class=""wLiIdd fontBodySmall"" aria-label=""Berdasarkan kunjungan ke tempat ini.""><span>Berdasarkan kunjungan ke tempat ini.</span></div></div></div><div class=""epArK""></div><button class=""MYZx6c Hk4XGb"" jslog=""18021; track:click;metadata:WyIwYWhVS0V3aUc0TEMzOGNxV0F4WEMtVGdHSFdrS0tJd1E4QmNJQWlnQSJd"" aria-label=""Kembali ke hari sebelumnya"" jsaction=""pane.wfvdle10.populartimes.arrow.left""><span class=""Ups",000000014901161,/url?q=https://www.instagram.com/grahaangkasapura1/&opi=79508299&sa=U&ved=0ahUKEwiG4LC38cqWAxXC-TgGHWkKKIwQ61gIEygO&usg=AOvVaw3lsTSQUmc6LbQm4L5l12KJ,,,,,2026-08-31T19:39:53.738445,84.0,false,true,3,"{""Parkir"",""Toilet"",""Kursi roda"",""Restoran"",""Bar"",""Memiliki pintu masuk khusus pengguna kursi roda"",""Memiliki tempat parkir khusus pengguna kursi roda"",""Ada toilet khusus pengguna kursi roda"",""Ada toilet""}","{""https://lh3.googleusercontent.com/gps-cs-s/AHRPTWmMA772wR6_u8VmMhcnbv5iP5Ebf4vTbwdnUMMQnxiJxz_6AuMWGHyiIEfodlaF7xHSwOd6nuue3iey6r1Y10VYVdAVcn07wOqgUhXm5zdao1BOquuEKXfAoZyFpwR1Rrq1r0l1=s1024"",""https://lh3.googleusercontent.com/gps-cs-s/AHRPTWmbEKgV3tJhssJHX8N5uTA3AH2PnCt2xv4OqJu0E5l1RnP750UWnJv8Yxs2veNbvvJ-TNZ3uu63gQnsBcCTc4OzngQrcARWRWG9nJASPVRiMT0-B5dyLzzoe2vynyAmLlJctIkBv3wPnxvr=s1024"",""https://lh3.googleusercontent.com/gps-cs-s/AHRPTWknhAoAM2zVOsAqDwfr6iKr2sI4CGbn5ZBB2sB1E6w47j8wXgWRhisar3W-QuGxPpn50ggPI5PzNxZOqrgPEVGzeMp936PRu7iGKZ8h7v9_2_bYk3jPCRz25CS7JWONgWGXDCK9eA=s1024"",""https://lh3.googleusercontent.com/gps-cs-s/AHRPTWkPhkelQrrprs1jc3FQD3N2Mg69tWMDknLDDEDDdoBSK8r-EDMQjjBU3wv2ae18nIUgUl1QpK-r5eLMIP8ABHsTx3lfa8BI_SDAd4MbtNo_PxhtmtgM0APmNAfYdkA_MkmadZbG=s1024"",""https://lh3.googleusercontent.com/gps-cs-s/AHRPTWkyQ9CRBXqIq_O9tbZV0ogotb8qZsfTJyHLLyz8K9DQ2UsR2WcOMTjtryo80wq__43y_k5W_4uRj7bh5_yuiMveqqXrSK9QdDObv_j-oll_0z2j87663T4K-EGv8y4Hvpi-HweWwA=s1024"",""https://lh3.googleusercontent.com/gps-cs-s/AHRPTWlaJxM54hScCYJKa8BnvEIa_7-cDuqWeAWtyacbKuALcEq7Vmjevd-VAUBHgOTEVDdq8Kwex_GCM4dOdVnfxY6h5sRekDBGtDUQ3GDbDM9LKZ_FKBxAlHK7mW5xeaFYwZGFzvZD=s1024"",""https://lh3.googleusercontent.com/gps-cs-s/AHRPTWn5J24Wmk7lLj1GgV4ozWQXf3Td_806deXo1y12huymQrEGpJ1HzTfh8DLDFijD7qJ3eU2AQGlXWiFWrQFPxdXOLykdsHcGmHRI0Qqd5K8AEOSFL-p7r3ItZbHgpj-8pS2uW98y=s1024"",""https://lh3.googleusercontent.com/gps-cs-s/AHRPTWl1fqnN4PZORxKzkFRuywXQhhEsE-plIULzGVQBI9VExr4wCayTkbvEpqckCdQXcEykwKqTI9a2SAsFOfOBtr9kdt-o2zx9Bqz5GOwGPh16qzR1W_LUmcnpbh9FU2y98QXTpm_7vQ=s1024"",""https://lh3.googleusercontent.com/gps-cs-s/AHRPTWkiDfH_VY5GjZGHdkUpHuRuPGuHUT8RCVOzGgJ96mLl9YeIzPLfAFP4t1GohWqcykqCktJhZSY3sDBCAL5waXeE5nTZFjUnQqhEM7VliLsPDROa0Z298WS75gCtE7OyxD5Q-oHr=s1024""}",9
d4a97dfb-d664-5b73-be50-f902c6702f7f,11b6z2pv29,0x2e69f5cb019d1a5b,gedung serbaguna,Gedung Dhanapala,Gedung Pertemuan,{},"Jl. Senen Raya No.1, Ps. Baru, Kecamatan Sawah Besar, Kota Jakarta Pusat, Daerah Khusus Ibukota Jakarta 10710","Jl. Senen Raya No.1, Ps. Baru, Kecamatan Sawah Besar, Kota Jakarta Pusat, Daerah Khusus Ibukota Jakarta 10710","RRGQ+M9 Ps. Baru, Kota Jakarta Pusat, Daerah Khusus Ibukota Jakarta",-6.1733617,106.8384371,,4.6,6551,"{""Senin"": ""09.00–17.00"", ""Selasa"": ""09.00–17.00"", ""Rabu"": ""09.00–17.00"", ""Kamis"": ""09.00–17.00"", ""Jumat"": ""09.00–17.00"", ""Sabtu"": ""09.00–17.00"", ""Minggu"": ""09.00–17.00""}",Senin: 09.00–17.00 | Selasa: 09.00–17.00 | Rabu: 09.00–17.00 | Kamis: 09.00–17.00 | Jumat: 09.00–17.00 | Sabtu: 09.00–17.00 | Minggu: 09.00–17.00,Tutup · Buka Sel pukul 09.00,"Jam ramai | Senin | 0% ramai pada pukul 06.00. | 0% ramai pada pukul 07.00. | 0% ramai pada pukul 08.00. | 13% ramai pada pukul 09.00. | 16% ramai pada pukul 10.00. | 20% ramai pada pukul 11.00. | 22% ramai pada pukul 12.00. | 23% ramai pada pukul 13.00. | 22% ramai pada pukul 14.00. | 22% ramai pada pukul 15.00. | 24% ramai pada pukul 16.00. | 0% ramai pada pukul 17.00. | 0% ramai pada pukul 18.00. | 0% ramai pada pukul 19.00. | 0% ramai pada pukul 20.00. | 0% ramai pada pukul 21.00. | 0% ramai pada pukul 22.00. | 0% ramai pada pukul 23.00. | populartimes.popup.show; focus:pane.focusTooltip; blur:pane.blurTooltip; keydown:pane.escapeTooltip""><span class=""google-symbols G47vBd OazX1c"" aria-hidden=""true"" style=""font-size: 18px;""></span></button><div class=""eho6bd"" role=""tooltip"" tabindex=""-1"" jsaction=""blur:pane.wfvdle10.populartimes.popup.hide; keydown:pane.wfvdle10.populartimes.popup.hide"" style=""display: none;""><div class=""G1Ydic""></div><div class=""wLiIdd fontBodySmall"" aria-label=""Berdasarkan kunjungan ke tempat ini.""><span>Berdasarkan kunjungan ke tempat ini.</span></div></div></div><div class=""epArK""></div><button class=""MYZx6c Hk4XGb"" jslog=""18021; track:click;metadata:WyIwYWhVS0V3akY0NmpNOGNxV0F4VjB6VGdHSGRHOU5ma1E4QmNJQWlnQSJd"" aria-label=""Kembali ke hari sebelumnya"" jsaction=""pane.wfvdle10.populartimes.arrow.left""><span class=""Ups","Jam ramai | Senin | 0% ramai pada pukul 06.00. | 0% ramai pada pukul 07.00. | 0% ramai pada pukul 08.00. | 13% ramai pada pukul 09.00. | 16% ramai pada pukul 10.00. | 20% ramai pada pukul 11.00. | 22% ramai pada pukul 12.00. | 23% ramai pada pukul 13.00. | 22% ramai pada pukul 14.00. | 22% ramai pada pukul 15.00. | 24% ramai pada pukul 16.00. | 0% ramai pada pukul 17.00. | 0% ramai pada pukul 18.00. | 0% ramai pada pukul 19.00. | 0% ramai pada pukul 20.00. | 0% ramai pada pukul 21.00. | 0% ramai pada pukul 22.00. | 0% ramai pada pukul 23.00. | populartimes.popup.show; focus:pane.focusTooltip; blur:pane.blurTooltip; keydown:pane.escapeTooltip""><span class=""google-symbols G47vBd OazX1c"" aria-hidden=""true"" style=""font-size: 18px;""></span></button><div class=""eho6bd"" role=""tooltip"" tabindex=""-1"" jsaction=""blur:pane.wfvdle10.populartimes.popup.hide; keydown:pane.wfvdle10.populartimes.popup.hide"" style=""display: none;""><div class=""G1Ydic""></div><div class=""wLiIdd fontBodySmall"" aria-label=""Berdasarkan kunjungan ke tempat ini.""><span>Berdasarkan kunjungan ke tempat ini.</span></div></div></div><div class=""epArK""></div><button class=""MYZx6c Hk4XGb"" jslog=""18021; track:click;metadata:WyIwYWhVS0V3akY0NmpNOGNxV0F4VjB6VGdHSGRHOU5ma1E4QmNJQWlnQSJd"" aria-label=""Kembali ke hari sebelumnya"" jsaction=""pane.wfvdle10.populartimes.arrow.left""><span class=""Ups",021) 3865118,/url?q=https://gedungdhanapala.com/&opi=79508299&sa=U&ved=0ahUKEwjF46jM8cqWAxV0zTgGHdG9NfkQ61gIFygS&usg=AOvVaw3OUTwAV-Is7MK0C9bfPGTj,,,,,2026-08-31T19:40:37.850521,56.0,false,true,3,"{""Parkir"",""Toilet"",""Kursi roda"",""Parkir gratis"",""Restoran"",""Bar"",""Memiliki pintu masuk khusus pengguna kursi roda"",""Memiliki tempat parkir khusus pengguna kursi roda"",""Ada toilet khusus pengguna kursi roda"",""Ada toilet"",""Tempat parkir berbayar"",""Tempat parkir gratis""}","{""https://lh3.googleusercontent.com/gps-cs-s/AHRPTWkiDfH_VY5GjZGHdkUpHuRuPGuHUT8RCVOzGgJ96mLl9YeIzPLfAFP4t1GohWqcykqCktJhZSY3sDBCAL5waXeE5nTZFjUnQqhEM7VliLsPDROa0Z298WS75gCtE7OyxD5Q-oHr=s1024"",""https://lh3.googleusercontent.com/gps-cs-s/AHRPTWnDt9HZZLSgj34OrkoPzVhe4DsrAQFjPAu6el0qUQjWxtqzCnXvLkWOuLCQHO7eFbd1dsHf2YjQ0R_YZjIE-E-2PZ9zTXU1wjf42Wg0yo-kgUOC7UorzEXzxpb8AWdxoMla5i6u9Ma31aZS=s1024"",""https://lh3.googleusercontent.com/gps-cs-s/AHRPTWmlo-M-IdCIAlx18nVtBXtqIgK9RZAyeKejp74mJPcY6xw2Qf44S2k8TomgwoKUywa7fNVjeC3hrIIWv8R-9HUJCneV0P4VRIvTbG3Kp99cEspOFxzCn0rt87eCgRcpO1jwE0tg=s1024"",""https://lh3.googleusercontent.com/gps-cs-s/AHRPTWloWip8mlXMP89Y8Onedt9Ag245RQ2saCll8wuw2DUcZ31u9IIsKN8mo5LPRVlfHVVJih8ESGFHRsY3GGMELomW6it5Tg93HCbxvGrJ5Ebqogi1D8Kvq0WaVBjD39JUYbJixlia=s1024"",""https://lh3.googleusercontent.com/gps-cs-s/AHRPTWlum50cyb1C5_N1hzdQQeHT_WEeAZmcOIzinuBZm8DhF-1fNuGGJVcaUg2AkgXRY61eTF3gYTbOoE8cLYU1u2MWj7YLQa1zml7c4J5ySA47p8QHUoP7BFz1EBpflLNm64f2UlUlKwwYdyCS=s1024"",""https://lh3.googleusercontent.com/gps-cs-s/AHRPTWncChTzUtzyi4g2fsu7u62rGbxfQ_tt-c5etsgo-MHcNt4jy3L1CyeFfJZKkwKbrlzcyKgAkuY9EM8dIrHCUTQbvglEstKQ3EwE9ZXQjD-LadqI9PZuS9CHJMYZUK1F2vvby4Ydwg=s1024"",""https://lh3.googleusercontent.com/gps-cs-s/AHRPTWkxeBOQrefmTMG7wLxNp1nVEhG2ml6j_pgj5Ohc1dNQwP9oTQsRXp4Rz7c3zqHjJ2MlI3GPde066eoMRQwuI9qol4kjrfYWnXegWViO0EG5vFofQXBDy0Z7dAbVeLY4Md3fdW4F=s1024"",""https://lh3.googleusercontent.com/gps-cs-s/AHRPTWk7g23uhwWBQw_69TZgBKz-GdzbrCF6Fnx5AqjbYy21lofrrAdNOCqhMHsYk5sn1DlGzgBXHrAMjmMTGI7MsMAccKPAqEMqwysaNHibXuv4q2Na4thqj7K7ggpytiA_56qv45Ye=s1024"",""https://lh3.googleusercontent.com/gps-cs-s/AHRPTWn5J24Wmk7lLj1GgV4ozWQXf3Td_806deXo1y12huymQrEGpJ1HzTfh8DLDFijD7qJ3eU2AQGlXWiFWrQFPxdXOLykdsHcGmHRI0Qqd5K8AEOSFL-p7r3ItZbHgpj-8pS2uW98y=s1024""}",9
096b6e87-baa1-57e0-b1c7-71e08bbae10a,11ggzcbg_9,0x2e69f59545fbf57b,gedung serbaguna,Auditorium BMKG,Gedung Pernikahan,{},"Jl. Angkasa 1 No.2, RW.10, Gn. Sahari Sel., Kec. Kemayoran, Kota Jakarta Pusat, Daerah Khusus Ibukota Jakarta 10610","Jl. Angkasa 1 No.2, RW.10, Gn. Sahari Sel., Kec. Kemayoran, Kota Jakarta Pusat, Daerah Khusus Ibukota Jakarta 10610","RRVR+QR Gn. Sahari Sel., Kota Jakarta Pusat, Daerah Khusus Ibukota Jakarta",-6.1555978,106.8420397,,4.6,646,,,,,,0812-8463-9272,/url?q=http://www.auditoriumbmkgkpn.com/&opi=79508299&sa=U&ved=0ahUKEwiAtKDg8cqWAxUM1zgGHYfCJOIQ61gIFygS&usg=AOvVaw2GZTXVIaXSyQKqbYdyPN5K,,,,,2026-08-31T19:41:20.542908,0,false,false,3,"{""Parkir"",""Toilet"",""Kursi roda"",""Restoran"",""Bar"",""Memiliki pintu masuk khusus pengguna kursi roda"",""Memiliki tempat parkir khusus pengguna kursi roda"",""Ada toilet khusus pengguna kursi roda"",""Ada toilet""}","{""https://lh3.googleusercontent.com/gps-cs-s/AHRPTWlaJxM54hScCYJKa8BnvEIa_7-cDuqWeAWtyacbKuALcEq7Vmjevd-VAUBHgOTEVDdq8Kwex_GCM4dOdVnfxY6h5sRekDBGtDUQ3GDbDM9LKZ_FKBxAlHK7mW5xeaFYwZGFzvZD=s1024"",""https://lh3.googleusercontent.com/gps-cs-s/AHRPTWlNCT7ZAVTrYRCrj_ccZke0PJN1vb1J-jb7-4RB5aITXOz76NhZKLnKVPAGilfn_J2dOwuEYSt856lJztNX3FB1-w9WonozNXm8nUgGcng2IBuZX88GMa7VHOP8zEiSxv_S18B9=s1024"",""https://lh3.googleusercontent.com/gps-cs-s/AHRPTWlUjYpCSLMF4qvWS862HDYlloydnUDJfCXUVBRJ47cJl-Hnr_Y89aKZfR-iHM-RHGRXMszkWWEBgR0vCiIQylrxcJmdgsaqI3Ny15Vy9pfeFsnoZGrLP0fS_K4tBU7YcjO4GHyyaA=s1024"",""https://lh3.googleusercontent.com/gps-cs-s/AHRPTWnzAsBFd2mR8xkif9FgW2Gt3Erfj6Zk1W4yRRzJsuTk3P8CEhLbgl5GVNNXLSOXd-NkvNPwbSxxc9pV0231Qm523eMDECF_4TsBZqtsCzzltjLeoaKLRaBfAadyZBDWtWY_5Xi5=s1024"",""https://lh3.googleusercontent.com/gps-cs-s/AHRPTWnCLPRWwB_4qG8i9eheuIS3DZVsy41fxpZRu00r3JfDKHbcDszKI2nF4XL22lWK4PVofvARB-6N0ItGOumTlVDcYtwjMBMiZ7A1zzMXQ06u0MNbXjbwImqFR7ntKWERbdK2qbf-=s1024"",""https://lh3.googleusercontent.com/gps-cs-s/AHRPTWk8Fzgryaaw1usrAWDmpoC7c1wuY_wpGWYtgezwJdmvjbhyB2ZBFP76D4tm27WPNVr0ikc3Nh1gZfaZA0C-CfIAmkdDSBdJZqMAg5L0sPXXo8udhB50gG3eo6bgLBAcoYLsnQv6=s1024"",""https://lh3.googleusercontent.com/gps-cs-s/AHRPTWmMA772wR6_u8VmMhcnbv5iP5Ebf4vTbwdnUMMQnxiJxz_6AuMWGHyiIEfodlaF7xHSwOd6nuue3iey6r1Y10VYVdAVcn07wOqgUhXm5zdao1BOquuEKXfAoZyFpwR1Rrq1r0l1=s1024""}",7
e02b5093-ba4c-571c-a984-24e303cdcd7e,1x5cwvkj,0x2e69f6aebafa1e87,gedung serbaguna,Graha Jalapuspita,Tempat acara,{},"Jl. Gatot Subroto No.Kav.101, RT.6/RW.3, Bend. Hilir, Kecamatan Tanah Abang, Kota Jakarta Pusat, Daerah Khusus Ibukota Jakarta 10210","Jl. Gatot Subroto No.Kav.101, RT.6/RW.3, Bend. Hilir, Kecamatan Tanah Abang, Kota Jakarta Pusat, Daerah Khusus Ibukota Jakarta 10210","QRQ4+FW Bend. Hilir, Kota Jakarta Pusat, Daerah Khusus Ibukota Jakarta",-6.2113414,106.8073448,,4.3,2449,,,,,,021) 57852677,,,,,,2026-08-31T19:42:01.828646,0,false,false,3,"{""Parkir"",""Toilet"",""Kursi roda"",""Parkir gratis"",""Restoran"",""Bar"",""Memiliki pintu masuk khusus pengguna kursi roda"",""Memiliki tempat parkir khusus pengguna kursi roda"",""Ada toilet khusus pengguna kursi roda"",""Ada toilet"",""Tempat parkir gratis""}","{""https://lh3.googleusercontent.com/gps-cs-s/AHRPTWliHaS6poqCXb6RyNaUOBA50PThizwGlnrlcahMIG8lqw8K1QAfL18kB_MhGglq0MYl8QAv01QaB-iCgZCOIaBc6LCTOn6CTWICbhgY6sGdpHO0VzTLKeQ-Sl0vFGsPNE4YioMP=s1024"",""https://lh3.googleusercontent.com/gps-cs-s/AHRPTWkNe6HuU3aPsDES4KwLAvpcIKPskhOkM76jeS-t0ckDP9Fdu3cggasflq-MDFrh382mIDP-KOdU4sYwDWdFGJkGdcJfOjkJgdgar6ul_eqRK3jkRrCtfcKMHjMty0BLkubNc-pGfkEtNyM=s1024"",""https://lh3.googleusercontent.com/gps-cs-s/AHRPTWmEEjOAhpSYuDFQsjlFqNwAaETwaVb3qUguJEmzUNI_bBxQiDhhsG2FxloJMPNt5VM1f-_QNnyGtwbqAVACjFjhHBXNLfZ-xte1hQmKyTRNOtoobN6fI7Fm9kivmEoWskLppuAzTw=s1024"",""https://lh3.googleusercontent.com/gps-cs-s/AHRPTWkE-ZmAvFzHM0dGuAgYEEFrdLyCEl5nlHJRt8SvW3t1IqQxfSTofVIB6fCiM_thgX46R9X84EJH61nag1xjvjmUpmzO-YpSKN05OF0gjmEJ13y2jUUCf2PL804GZsUhpXNu6xax=s1024"",""https://lh3.googleusercontent.com/gps-cs-s/AHRPTWl7zeZ8uqQq-IH4ij0xLDA7R_Z-9X4RIBpDza9wNGJEXjsRJynPZOfYM4F4pU1-SlexUXAgDT1Clb20tk9Ie97rWTLeH-1BUeZch0tea5qVaxCCHM_0ZkXfufZngEHR9Ze1CiDI0w=s1024"",""https://lh3.googleusercontent.com/gps-cs-s/AHRPTWnPrlXXboHGQrhxHmzKJdPQXycjdrzL9qtzctvCOHI0bFp_5F-RYcsDeGpAJF1oyjpWE9rW_3Hhw-LI_uXa9riEjZugLKWEHPi9JB2FQePeqrAE7S0QiDMURoErlm4KELXfjH4=s1024"",""https://lh3.googleusercontent.com/gps-cs-s/AHRPTWlaTnafonh5MO5yhi3UYVcKE5TRcC_S_6dH3G6Sw1ECIqyrI9Q6naWvGZWxgUaFbVt9LFzVgcFH001KyFDD5P6AuNY6uyPM_zTwhsjUWZYo3yh31QH_VdkCH0L0OzpvihH7YgIEVQ=s1024"",""https://lh3.googleusercontent.com/gps-cs-s/AHRPTWl50wTWAbhktqUOOjfqHUZSpBpw50_1Q6OZ1NgWuR6twQ8w5tgwvgO0w2KcUwRr-mb7FR4w_2ivF3OC9YFOtABcXmuc9Z9tmR5JN7ujaNacKCZjGlyn9YUFwr2vhGJMgBs6q4WvTQ=s1024"",""https://lh3.googleusercontent.com/gps-cs-s/AHRPTWnfYLqbkHjM3pXMwj1i05LCswlidoybqYBkFo8oMt3klAYkVCwWaMloc-JMiDpHLG70iugk3eV-2lukV-hxd2-yTNnbDXnsS8inIR_eD-UuzIhV_lN-oIDg6Ibg3twGs6wZxFla6g=s1024""}",9
b5ea1342-2218-58d1-bbbb-320bc29367ec,11flt1cgb3,0x2e69f7c9518cd7ad,co-working space,Concrete 11th Space Kedoya,Ruang Kerja Bersama,{},"Jl. Pilar Mas Utama, RT.7/RW.3, Kedoya Sel., Kec. Kb. Jeruk, Kota Jakarta Barat, Daerah Khusus Ibukota Jakarta 11610","Jl. Pilar Mas Utama, RT.7/RW.3, Kedoya Sel., Kec. Kb. Jeruk, Kota Jakarta Barat, Daerah Khusus Ibukota Jakarta 11610","RQ75+2F Kedoya Sel., Kota Jakarta Barat, Daerah Khusus Ibukota Jakarta",-6.1874889,106.7586873,,4.6,198,"{""Senin"": ""09.00–18.00"", ""Selasa"": ""09.00–18.00"", ""Rabu"": ""09.00–18.00"", ""Kamis"": ""09.00–18.00"", ""Jumat"": ""09.00–18.00"", ""Sabtu"": ""09.00–18.00"", ""Minggu"": ""Tutup""}",Senin: 09.00–18.00 | Selasa: 09.00–18.00 | Rabu: 09.00–18.00 | Kamis: 09.00–18.00 | Jumat: 09.00–18.00 | Sabtu: 09.00–18.00 | Minggu: Tutup,Tutup,,,0878-8981-5060,/url?q=https://www.concretespace.co.id/&opi=79508299&sa=U&ved=0ahUKEwiz2qOI8sqWAxWmzzgGHa6kBDEQ61gIFygS&usg=AOvVaw0oElZSDc2UQdmPNtlAF5PM,,,,,2026-08-31T19:42:42.460213,54.0,false,true,2,"{""Parkir"",""AC"",""WiFi"",""Lift"",""Restoran"",""Bar"",""wifi, disebutkan dalam 20 ulasan"",""parkir, disebutkan dalam 8 ulasan""}","{""https://lh3.googleusercontent.com/gps-cs-s/AHRPTWnjh5pYqlWFcH8bQbeymE_1YCvdv1gTsh0MdkmX4xkRx_Lx4HlKd1Oe1XFPCEyIYMnjNPKVirjnTKKFKQFo2Q_BkMpNnNa6B3HFUM9POe5n74ILEQYPz-6EZW74nYsOVOVKqnAUXg=s1024"",""https://lh3.googleusercontent.com/gps-cs-s/AHRPTWnp8fWM1GlnnaocfxbhzMXclFONXcnTTblbRkiJbSh96JlBjaamdHlLXFUX18BEhKqS0KTb5uI9MjsSxu4SpvRtdwwZ9innkZ9H5LdB79DZUD5rpuBzhhTsa6iX_VFwN-gGhFiY=s1024"",""https://lh3.googleusercontent.com/gps-cs-s/AHRPTWmI9jViWvkjnlWlx1b17U4c6Le61wwUMfxRhGKRIxEviSrK-U1Zc__N1e6Dpz6YgPRfZtLaMQWOSKJszeJOxcByLHhC828Cv1s9hg230mJzutdWwWdEKZsVu1r8zYAmKh0i-1g5=s1024"",""https://lh3.googleusercontent.com/gps-cs-s/AHRPTWmQd80izzKkFFVLMzkn-Uq_kbwNjbr1Uc5x59X-VH5uttjfG9YCTfjEFQqJ9pEjwIdzOQH3rZgl8x1iXx1mGX1SCJTOp5nT5pKFwBSzm8kLLKQ6O3_n6oYf_wCVh8Ymd0lCnOG7CbDRLjmL=s1024"",""https://lh3.googleusercontent.com/gps-cs-s/AHRPTWnz2xCAFLCqiCRstzdHh2eDJgkmhv0zmrxWXuzf_BUOp6YxDQmOatxwbPZfOYL9Ef1m-u_qfDAecC20XsdI8Lev0LQNTYMeWi5IgZlRhsyjmLDFEgxYSf5PgH-t8w58T_sUmy59zw=s1024""}",5
13c2ce81-a2dc-5c67-9e39-c4136c0450e6,11kb7cz0rz,0x2e69f768cedd4b45,co-working space,Creya Coworking Space,Ruang Kerja Bersama,{},"Jl. Lapangan Bola No.5D, RT.7/RW.1, Kb. Jeruk, Kec. Kb. Jeruk, Kota Jakarta Barat, Daerah Khusus Ibukota Jakarta 11530","Jl. Lapangan Bola No.5D, RT.7/RW.1, Kb. Jeruk, Kec. Kb. Jeruk, Kota Jakarta Barat, Daerah Khusus Ibukota Jakarta 11530","RQ39+34 Kb. Jeruk, Kota Jakarta Barat, Daerah Khusus Ibukota Jakarta",-6.197299,106.7678055,,4.9,69,"{""Senin"": ""08.00–20.30"", ""Selasa"": ""08.00–20.30"", ""Rabu"": ""08.00–20.30"", ""Kamis"": ""08.00–20.30"", ""Jumat"": ""08.00–20.30"", ""Sabtu"": ""08.00–17.00"", ""Minggu"": ""08.00–17.00""}",Senin: 08.00–20.30 | Selasa: 08.00–20.30 | Rabu: 08.00–20.30 | Kamis: 08.00–20.30 | Jumat: 08.00–20.30 | Sabtu: 08.00–17.00 | Minggu: 08.00–17.00,tutup · 20.30 · Buka Sel pukul 08.0,,,0851-1734-0844,/url?q=https://space.creya.co.id/&opi=79508299&sa=U&ved=0ahUKEwi41dSb8sqWAxU6xzgGHReKBDYQ61gIFygS&usg=AOvVaw0bhbXCrcKZcAs2Eok6KEhX,,,,,2026-08-31T19:43:23.292719,80.5,false,true,2,"{""Parkir"",""AC"",""WiFi"",""Restoran"",""Bar"",""wifi, disebutkan dalam 10 ulasan""}","{""https://lh3.googleusercontent.com/gps-cs-s/AHRPTWmQd80izzKkFFVLMzkn-Uq_kbwNjbr1Uc5x59X-VH5uttjfG9YCTfjEFQqJ9pEjwIdzOQH3rZgl8x1iXx1mGX1SCJTOp5nT5pKFwBSzm8kLLKQ6O3_n6oYf_wCVh8Ymd0lCnOG7CbDRLjmL=s1024"",""https://lh3.googleusercontent.com/gps-cs-s/AHRPTWm8knlqJafqRhdSuCWRJeFjx6wR4nWPV5KYgFBWoCaDk_yl-kTDis1rfr6Ma7JkPIfLedj9saoSHcf0RFB5vCm2BadWSoH5TpkAxkHka5ADLFZdaFJGC8pZALfAdGZ2sFUCpOA2jlosf7WG=s1024"",""https://lh3.googleusercontent.com/gps-cs-s/AHRPTWnZnaJX3OhBGLAUyJ2OKIeYxnvCbOifrWx-3H9YDFv4_2dKVqndkHn3SNdto_jr2F5nIxPkwJkiiL2VXGl03Pb6eCzeLil-WqdE0lgLNIRbObJ8_3AZIW7L1jXWUsi9CBvCkMmVpQuDVL6v=s1024"",""https://lh3.googleusercontent.com/gps-cs-s/AHRPTWmrCywSMF_OBmZKCUP3ViQLweu_mGyNkQJVG_ip-Dh_v7qhYKdDX9Q1KjdrrGM97X7p0DOaXMgar3i4R2TQ0nzfvSOtXaPWExVyHDFcxwTL0jRIu-49Jp0rt2ttK9z4O6FWb9g=s1024"",""https://lh3.googleusercontent.com/gps-cs-s/AHRPTWnz2xCAFLCqiCRstzdHh2eDJgkmhv0zmrxWXuzf_BUOp6YxDQmOatxwbPZfOYL9Ef1m-u_qfDAecC20XsdI8Lev0LQNTYMeWi5IgZlRhsyjmLDFEgxYSf5PgH-t8w58T_sUmy59zw=s1024"",""https://lh3.googleusercontent.com/gps-cs-s/AHRPTWkg89OxRqVnUZHn_dZPWHzG-tnBhyT9tMUVEsI3V2kn8vKRGvLcLdVlxXTKqq6ZtG-X8FEqmse5zzy3d278N7pIPaifsdgFgSfFDg6RTlG7IV54KynUyaEjmSD7-zHB_WndwqLj=s1024"",""https://lh3.googleusercontent.com/gps-cs-s/AHRPTWmQ8Y-VvDkNXDFMuI4pTlzC-lz93UvKfO1friPnfHoxQ0zsH36t6LVmteOW7qQLUI0YFFQWBJn_RfJoMdSFehvvZeEcPw7CWyF7CJHXizAP1Td9U530l15A7umRXIZeaIOnxK8BF2_6E29P=s1024""}",7
594622b2-8a69-5433-95b6-4bbd0647fac7,11j91hcl51,0x2e69f79949e69187,co-working space,GoWork Central Park - Coworking and Office Space,Ruang Kerja Bersama,{},"Central Park Mall, Jl. Letjen S. Parman No.114 Level LG, Unit L109, RT.12/RW.1, Tj. Duren Sel., Kec. Grogol petamburan, Kota Jakarta Barat, Daerah Khusus Ibukota Jakarta 11470","Central Park Mall, Jl. Letjen S. Parman No.114 Level LG, Unit L109, RT.12/RW.1, Tj. Duren Sel., Kec. Grogol petamburan, Kota Jakarta Barat, Daerah Khusus Ibukota Jakarta 11470","RQCR+GC Tj. Duren Sel., Kota Jakarta Barat, Daerah Khusus Ibukota Jakarta",-6.1786387,106.7911202,,4.7,308,"{""Senin"": ""10.00–18.00"", ""Selasa"": ""10.00–18.00"", ""Rabu"": ""10.00–18.00"", ""Kamis"": ""10.00–18.00"", ""Jumat"": ""10.00–18.00"", ""Sabtu"": ""10.00–18.00"", ""Minggu"": ""Tutup""}",Senin: 10.00–18.00 | Selasa: 10.00–18.00 | Rabu: 10.00–18.00 | Kamis: 10.00–18.00 | Jumat: 10.00–18.00 | Sabtu: 10.00–18.00 | Minggu: Tutup,Tutup,,,021) 50928959,/url?q=https://go-work.com/&opi=79508299&sa=U&ved=0ahUKEwi-jZGv8sqWAxWJyDgGHXPTBVAQ61gIFygS&usg=AOvVaw3WMWo7taBejs6lGZ8XaNVk,,,,,2026-08-31T19:44:05.998045,48.0,false,true,3,"{""Parkir"",""Kursi roda"",""AC"",""Restoran"",""Bar"",""Memiliki pintu masuk khusus pengguna kursi roda"",""Memiliki tempat parkir khusus pengguna kursi roda"",""Tersedia layanan di tempat""}","{""https://lh3.googleusercontent.com/gps-cs-s/AHRPTWk_mJ9vY0b2ywwM1Pm6jJqKvimPIzwyH8fB6XqzJ8yTbaF_wvFEy6vS1AAb7gmkXibIgYBKyWY4ajVHwQcfNjH67HshNw9BgYtbgnc0voGtmHxYhd2350DMXdBH3Xso1D65vEWdJg=s1024"",""https://lh3.googleusercontent.com/gps-cs-s/AHRPTWkJtv8zNcAdOF4WF_R1oXReLyT-5J_-Yam0-L8MNXJV7p5CiNlthiYQXjVmfDC2Zgqz5AW1LPRNXsCZ1rSzf4qpv9uP-Hv0dLduO2dQ6JDDQiXEwCmX7G0l6bOCYCr07qs73pSvAA=s1024"",""https://lh3.googleusercontent.com/gps-cs-s/AHRPTWlM3apeUeLaYnifEAZoCV7mYu4N7EG83G1nwb68fhzF3awQ_cX6qKQQN1sprZsZJGznJJprYWJ0T9On_0HYDubnlt-M66VQDZRURKBvjrgpOp0VbjK-XV9bd_VEB25jsTWQ_g=s1024"",""https://lh3.googleusercontent.com/gps-cs-s/AHRPTWlsXLdWlja9unHWkIVX8-6MNdvzm_qVmucZyzk0DvlQ09wdq8CknOs6M4lUk1X9pv3UKg9hGI0Wm508zMgrEG0N8AjYDkRzsquUgwkdrDSVoCgmNShRl0U32I1vb5yElPkhxk0Z=s1024"",""https://lh3.googleusercontent.com/gps-cs-s/AHRPTWk6jX0lDTAHmQT34H0CWCUY3zgMS8ivYLADh0hux4VN8d_tUH6Vh_HnKHLnUYuHF3SXLDA3J0kj4rdahSFh-2l30PotO4Yfvk_DsByUEZKZxnSL1edsrtQM_M2iiy_QJ8yHGYE5=s1024"",""https://lh3.googleusercontent.com/gps-cs-s/AHRPTWmraJPq5jyJRmxIRmFMjuskE4KDgrJPwSHEaJtXltkTYRaTQq7FbDSklXpcQtkJyDCIK0rv8DIdnIxu56unG3PclskXNsSLIY_Z70FoUeMSxEFVJJGcj0A1giXS1dDaYz-iyh8=s1024""}",6
